
> fineval@0.1.0 predev
> npm run sync-images


> fineval@0.1.0 sync-images
> node scripts/sync-images.mjs

Synced images for question 1 -> /home/llmtest-main/public/vendor/question-1/images
No images folder for question 13, skipping.
Synced images for question 14 -> /home/llmtest-main/public/vendor/question-14/images
Synced images for question 16 -> /home/llmtest-main/public/vendor/question-16/images
Synced images for question 17 -> /home/llmtest-main/public/vendor/question-17/images
No images folder for question 18, skipping.
Synced images for question 2 -> /home/llmtest-main/public/vendor/question-2/images
Synced images for question 20 -> /home/llmtest-main/public/vendor/question-20/images
No images folder for question 21, skipping.
Synced images for question 24 -> /home/llmtest-main/public/vendor/question-24/images
Synced images for question 25 -> /home/llmtest-main/public/vendor/question-25/images
Synced images for question 26 -> /home/llmtest-main/public/vendor/question-26/images
Synced images for question 27 -> /home/llmtest-main/public/vendor/question-27/images
No images folder for question 29, skipping.
Synced images for question 3 -> /home/llmtest-main/public/vendor/question-3/images
No images folder for question 31, skipping.
Synced images for question 34 -> /home/llmtest-main/public/vendor/question-34/images
No images folder for question 39, skipping.
No images folder for question 4, skipping.
No images folder for question 40, skipping.
Synced images for question 43 -> /home/llmtest-main/public/vendor/question-43/images
No images folder for question 46, skipping.
Synced images for question 48 -> /home/llmtest-main/public/vendor/question-48/images
Synced images for question 5 -> /home/llmtest-main/public/vendor/question-5/images
Synced images for question 50 -> /home/llmtest-main/public/vendor/question-50/images
Synced images for question 53 -> /home/llmtest-main/public/vendor/question-53/images
Synced images for question 55 -> /home/llmtest-main/public/vendor/question-55/images
No images folder for question 57, skipping.
Synced images for question 58 -> /home/llmtest-main/public/vendor/question-58/images
Synced images for question 59 -> /home/llmtest-main/public/vendor/question-59/images
Synced images for question 65 -> /home/llmtest-main/public/vendor/question-65/images
Synced images for question 66 -> /home/llmtest-main/public/vendor/question-66/images
No images folder for question 67, skipping.
Synced images for question 7 -> /home/llmtest-main/public/vendor/question-7/images
Synced images for question 70 -> /home/llmtest-main/public/vendor/question-70/images
Synced images for question 74 -> /home/llmtest-main/public/vendor/question-74/images
No images folder for question 75, skipping.
Synced images for question 76 -> /home/llmtest-main/public/vendor/question-76/images
Synced images for question 77 -> /home/llmtest-main/public/vendor/question-77/images
Synced images for question 78 -> /home/llmtest-main/public/vendor/question-78/images
No images folder for question 79, skipping.
No images folder for question 8, skipping.
No images folder for question 80, skipping.
Synced images for question 81 -> /home/llmtest-main/public/vendor/question-81/images
Synced images for question 82 -> /home/llmtest-main/public/vendor/question-82/images
No images folder for question 83, skipping.
No images folder for question 84, skipping.
Synced images for question 85 -> /home/llmtest-main/public/vendor/question-85/images
Synced images for question 86 -> /home/llmtest-main/public/vendor/question-86/images
No images folder for question 87, skipping.
Synced images for question 88 -> /home/llmtest-main/public/vendor/question-88/images
No images folder for question 89, skipping.
No images folder for question 90, skipping.
Synced images for question 91 -> /home/llmtest-main/public/vendor/question-91/images
No images folder for question 92, skipping.
Synced images for question 93 -> /home/llmtest-main/public/vendor/question-93/images
No images folder for question 94, skipping.
Synced images for question 95 -> /home/llmtest-main/public/vendor/question-95/images
Synced images for question 96 -> /home/llmtest-main/public/vendor/question-96/images

> fineval@0.1.0 dev
> next dev -p 10005

▲ Next.js 16.1.0 (Turbopack)
- Local:         http://localhost:10005
- Network:       http://192.168.32.19:10005
- Environments: .env.local

✓ Starting...
✓ Ready in 801ms
 HEAD / 200 in 719ms (compile: 534ms, render: 185ms)
 GET / 200 in 62ms (compile: 9ms, render: 52ms)
 GET / 200 in 45ms (compile: 7ms, render: 38ms)
 GET / 200 in 44ms (compile: 6ms, render: 38ms)
⚠ Cross origin request detected from 115.190.154.199 to /_next/* resource. In a future major version of Next.js, you will need to explicitly configure "allowedDevOrigins" in next.config to allow this.
Read more: https://nextjs.org/docs/app/api-reference/config/next-config-js/allowedDevOrigins
Error: Failed to find Server Action "x". This request might be from an older or newer deployment.
Read more: https://nextjs.org/docs/messages/failed-to-find-server-action
    at ignore-listed frames
 POST / 404 in 394ms (compile: 13ms, render: 380ms)
Error: Failed to find Server Action "x". This request might be from an older or newer deployment.
Read more: https://nextjs.org/docs/messages/failed-to-find-server-action
    at ignore-listed frames
 POST /_next 404 in 361ms (compile: 84ms, render: 277ms)
Error: Failed to find Server Action "x". This request might be from an older or newer deployment.
Read more: https://nextjs.org/docs/messages/failed-to-find-server-action
    at ignore-listed frames
 POST /api 404 in 280ms (compile: 3ms, render: 277ms)
Error: Failed to find Server Action "x". This request might be from an older or newer deployment.
Read more: https://nextjs.org/docs/messages/failed-to-find-server-action
    at ignore-listed frames
 POST /_next/server 404 in 256ms (compile: 4ms, render: 252ms)
Error: Failed to find Server Action "x". This request might be from an older or newer deployment.
Read more: https://nextjs.org/docs/messages/failed-to-find-server-action
    at ignore-listed frames
 POST /app 404 in 310ms (compile: 5ms, render: 305ms)
Error: Failed to find Server Action "x". This request might be from an older or newer deployment.
Read more: https://nextjs.org/docs/messages/failed-to-find-server-action
    at ignore-listed frames
 POST /api/route 404 in 231ms (compile: 3ms, render: 228ms)
 GET / 200 in 65ms (compile: 16ms, render: 48ms)
 GET / 200 in 40ms (compile: 7ms, render: 34ms)
 GET /guidance 200 in 70ms (compile: 49ms, render: 21ms)
 GET /select-questions 200 in 51ms (compile: 34ms, render: 17ms)
 GET /evaluate?seed=176714244416582685nbr5xf&count=60 200 in 5.6s (compile: 127ms, render: 5.4s)
 GET / 200 in 60ms (compile: 10ms, render: 49ms)
 GET / 200 in 51ms (compile: 6ms, render: 44ms)
 GET / 200 in 36ms (compile: 5ms, render: 31ms)
 GET /guidance 200 in 19ms (compile: 3ms, render: 16ms)
 GET /select-questions 200 in 18ms (compile: 3ms, render: 16ms)
 GET /evaluate?seed=1767143107160d2ivyx4vu9n&count=60 200 in 3.1s (compile: 6ms, render: 3.1s)
 GET / 200 in 47ms (compile: 8ms, render: 39ms)
 GET / 200 in 48ms (compile: 6ms, render: 42ms)
 GET / 200 in 38ms (compile: 4ms, render: 34ms)
 GET /guidance 200 in 18ms (compile: 3ms, render: 15ms)
 GET / 200 in 48ms (compile: 6ms, render: 41ms)
 GET /guidance 200 in 16ms (compile: 2ms, render: 13ms)
 GET /select-questions 200 in 15ms (compile: 3ms, render: 13ms)
 GET /evaluate?seed=1767144881928t988oi04tv&count=60 200 in 2.9s (compile: 7ms, render: 2.9s)
 GET / 200 in 55ms (compile: 6ms, render: 49ms)
 GET /guidance 200 in 15ms (compile: 2ms, render: 13ms)
 GET /select-questions 200 in 17ms (compile: 3ms, render: 13ms)
 GET /evaluate?seed=1767146087892s6f75rtsf99&count=5 200 in 3.2s (compile: 5ms, render: 3.2s)
 GET / 200 in 48ms (compile: 5ms, render: 43ms)
 GET /guidance 200 in 16ms (compile: 3ms, render: 14ms)
 GET / 200 in 48ms (compile: 8ms, render: 39ms)
 GET / 200 in 48ms (compile: 8ms, render: 40ms)
 GET /guidance 200 in 26ms (compile: 4ms, render: 23ms)
 GET /select-questions 200 in 19ms (compile: 3ms, render: 16ms)
 GET /evaluate?seed=1767148373809hvg3k238t59&count=60 200 in 5.9s (compile: 6ms, render: 5.9s)
 GET /thank-you?name=%E6%AE%B5%E6%98%9F%E6%98%9F 200 in 83ms (compile: 58ms, render: 25ms)
 GET / 200 in 20ms (compile: 7ms, render: 13ms)
 GET /guidance 200 in 19ms (compile: 3ms, render: 16ms)
 GET /select-questions 200 in 18ms (compile: 3ms, render: 15ms)
 GET /evaluate?seed=1767149546676lgn0s58vuak&count=60 200 in 5.2s (compile: 7ms, render: 5.2s)
 GET / 200 in 44ms (compile: 6ms, render: 37ms)
 GET /guidance 200 in 47ms (compile: 4ms, render: 43ms)
 GET /evaluate?seed=1767149546676lgn0s58vuak&count=60 200 in 5.5s (compile: 8ms, render: 5.5s)
 GET /guidance 200 in 88ms (compile: 2ms, render: 86ms)
 GET / 200 in 92ms (compile: 21ms, render: 72ms)
 GET /evaluate 200 in 4.6s (compile: 4ms, render: 4.6s)
 GET / 200 in 43ms (compile: 6ms, render: 37ms)
 GET / 200 in 37ms (compile: 4ms, render: 33ms)
 GET /guidance 200 in 17ms (compile: 3ms, render: 15ms)
 GET /select-questions 200 in 17ms (compile: 3ms, render: 14ms)
 GET /select-questions 200 in 16ms (compile: 2ms, render: 14ms)
 GET /evaluate?seed=1767155585466b4dchdr9vv&count=60 200 in 7.1s (compile: 5ms, render: 7.1s)
 GET / 200 in 46ms (compile: 8ms, render: 38ms)
 GET / 200 in 42ms (compile: 7ms, render: 35ms)
 GET / 200 in 52ms (compile: 5ms, render: 47ms)
 GET /guidance 200 in 18ms (compile: 3ms, render: 15ms)
 GET /select-questions 200 in 16ms (compile: 3ms, render: 13ms)
 GET /evaluate?seed=1767160024465aj8hfswti9s&count=5 200 in 3.0s (compile: 10ms, render: 3.0s)
 GET / 200 in 43ms (compile: 5ms, render: 38ms)
 GET / 200 in 35ms (compile: 4ms, render: 31ms)
 GET /guidance 200 in 17ms (compile: 3ms, render: 14ms)
 GET /select-questions 200 in 15ms (compile: 2ms, render: 12ms)
 GET /evaluate?seed=1767160063758ppvotc1jlbo&count=60 200 in 3.3s (compile: 7ms, render: 3.3s)
 GET /thank-you?name=%E5%90%B4%E6%B3%BD%E4%B8%9C 200 in 28ms (compile: 4ms, render: 23ms)
 GET /my-stats?name=%E5%90%B4%E6%B3%BD%E4%B8%9C 200 in 163ms (compile: 144ms, render: 19ms)
 GET / 200 in 42ms (compile: 5ms, render: 37ms)
 GET /?jdyscene=chat 200 in 57ms (compile: 7ms, render: 50ms)
 GET / 200 in 51ms (compile: 5ms, render: 47ms)
 GET /?wework_cfm_code=MriB4cEHVxtxan69WyQ53KCA4nl91ISVTDin79g2jjHFJitLkLAcPI8vWRwVON7EuDmLLdxhj95upMZwIFi8FmI%3D 200 in 42ms (compile: 6ms, render: 37ms)
 GET /?wework_cfm_code=MriB4cEHVxtx5DqelM06f4q2JA%2BZjFb2k%2BAOZdhIcZXW7q3kl2hY27ZTR506o4Xgsks15sI3p4KWHhIrIuBkh1g%3D 200 in 37ms (compile: 4ms, render: 33ms)
 GET /guidance 200 in 18ms (compile: 3ms, render: 15ms)
 GET /select-questions 200 in 19ms (compile: 3ms, render: 16ms)
 GET /evaluate?seed=17671617681562fmoqj6m4mp&count=7 200 in 3.0s (compile: 6ms, render: 3.0s)
 GET / 200 in 52ms (compile: 6ms, render: 46ms)
 GET /?wework_cfm_code=NIxGlMpTU9ZHFUl7OIentRpH9D42XogLRPkxaicvHVefC8ptg%2FOE%2BSB4ZOWDSEc0kFfM2yVoLECBFeut4O3%2Bh5M%3D 200 in 39ms (compile: 5ms, render: 34ms)
 GET /guidance 200 in 17ms (compile: 3ms, render: 14ms)
 GET / 200 in 41ms (compile: 6ms, render: 36ms)
 GET / 200 in 45ms (compile: 6ms, render: 39ms)
 GET /?wework_cfm_code=NZvLd%2BWLVYWhqeCW9iJ5YEMbjgN6OVGC8uHh51PgWrjM4suKVtkankS4QgGfWG4eyPSk6JPH%2BRFH%2BhxfC66PAww%3D 200 in 38ms (compile: 5ms, render: 32ms)
 GET /guidance 200 in 19ms (compile: 3ms, render: 16ms)
 GET /evaluate?seed=1767160063758ppvotc1jlbo&count=60 200 in 3.8s (compile: 5ms, render: 3.8s)
 GET /select-questions 200 in 21ms (compile: 3ms, render: 18ms)
 GET /evaluate?seed=1767162648277z67tjxeq8z&count=5 200 in 2.9s (compile: 5ms, render: 2.9s)
 GET /?wework_cfm_code=NGniuyzZKo3g%2FRLt%2BENx3xH7XrL7Hj5rX2CJ0s0jBXmcma71RXOWUbROJMc7HmgjkzVcpYXz1YZM5ZKSH5WxR%2FY%3D 200 in 60ms (compile: 9ms, render: 51ms)
 GET / 200 in 41ms (compile: 5ms, render: 36ms)
 GET /thank-you?name=%E8%92%8B%E8%95%8A 200 in 24ms (compile: 3ms, render: 22ms)
 GET /my-stats?name=%E8%92%8B%E8%95%8A 200 in 27ms (compile: 6ms, render: 21ms)
 GET / 200 in 41ms (compile: 4ms, render: 37ms)
 GET / 200 in 41ms (compile: 7ms, render: 34ms)
 GET /guidance 200 in 16ms (compile: 3ms, render: 13ms)
 GET /select-questions 200 in 18ms (compile: 2ms, render: 16ms)
 GET /evaluate?seed=1767163672806wtnw3z9t7q9&count=5 200 in 2.8s (compile: 5ms, render: 2.8s)
 GET /thank-you?name=%E6%AE%B5%E6%98%9F%E6%98%9F 200 in 21ms (compile: 3ms, render: 17ms)
 GET /my-stats?name=%E6%AE%B5%E6%98%9F%E6%98%9F 200 in 18ms (compile: 4ms, render: 14ms)
 GET /thank-you?name=shiyu 200 in 21ms (compile: 3ms, render: 18ms)
 GET /my-stats?name=shiyu 200 in 18ms (compile: 4ms, render: 13ms)
 GET / 200 in 23ms (compile: 5ms, render: 18ms)
 GET / 200 in 41ms (compile: 4ms, render: 37ms)
 GET /thank-you?name=%E8%96%9B%E4%BB%AA%E8%90%8D 200 in 23ms (compile: 3ms, render: 20ms)
 GET /my-stats?name=%E8%96%9B%E4%BB%AA%E8%90%8D 200 in 17ms (compile: 4ms, render: 13ms)
 GET / 200 in 42ms (compile: 5ms, render: 37ms)
 GET / 200 in 63ms (compile: 6ms, render: 57ms)
 GET / 200 in 49ms (compile: 4ms, render: 45ms)
 GET / 200 in 35ms (compile: 4ms, render: 31ms)
 GET / 200 in 34ms (compile: 4ms, render: 31ms)
Error: Failed to find Server Action "x". This request might be from an older or newer deployment.
Read more: https://nextjs.org/docs/messages/failed-to-find-server-action
    at ignore-listed frames
 POST / 404 in 321ms (compile: 4ms, render: 317ms)
Error: Failed to find Server Action "x". This request might be from an older or newer deployment.
Read more: https://nextjs.org/docs/messages/failed-to-find-server-action
    at ignore-listed frames
 POST /_next 404 in 257ms (compile: 4ms, render: 253ms)
Error: Failed to find Server Action "x". This request might be from an older or newer deployment.
Read more: https://nextjs.org/docs/messages/failed-to-find-server-action
    at ignore-listed frames
 POST /api 404 in 304ms (compile: 3ms, render: 301ms)
Error: Failed to find Server Action "x". This request might be from an older or newer deployment.
Read more: https://nextjs.org/docs/messages/failed-to-find-server-action
    at ignore-listed frames
 POST /_next/server 404 in 258ms (compile: 3ms, render: 255ms)
Error: Failed to find Server Action "x". This request might be from an older or newer deployment.
Read more: https://nextjs.org/docs/messages/failed-to-find-server-action
    at ignore-listed frames
 POST /app 404 in 268ms (compile: 3ms, render: 265ms)
Error: Failed to find Server Action "x". This request might be from an older or newer deployment.
Read more: https://nextjs.org/docs/messages/failed-to-find-server-action
    at ignore-listed frames
 POST /api/route 404 in 425ms (compile: 3ms, render: 423ms)
 GET /robots.txt 404 in 73ms (compile: 4ms, render: 69ms)
 GET / 200 in 53ms (compile: 5ms, render: 47ms)
 GET / 200 in 40ms (compile: 4ms, render: 35ms)
Error: Failed to find Server Action "x". This request might be from an older or newer deployment.
Read more: https://nextjs.org/docs/messages/failed-to-find-server-action
    at ignore-listed frames
 POST / 404 in 313ms (compile: 8ms, render: 305ms)
Error: Failed to find Server Action "x". This request might be from an older or newer deployment.
Read more: https://nextjs.org/docs/messages/failed-to-find-server-action
    at ignore-listed frames
 POST /_next 404 in 281ms (compile: 3ms, render: 279ms)
Error: Failed to find Server Action "x". This request might be from an older or newer deployment.
Read more: https://nextjs.org/docs/messages/failed-to-find-server-action
    at ignore-listed frames
 POST /api 404 in 297ms (compile: 3ms, render: 294ms)
Error: Failed to find Server Action "x". This request might be from an older or newer deployment.
Read more: https://nextjs.org/docs/messages/failed-to-find-server-action
    at ignore-listed frames
 POST /_next/server 404 in 251ms (compile: 3ms, render: 248ms)
Error: Failed to find Server Action "x". This request might be from an older or newer deployment.
Read more: https://nextjs.org/docs/messages/failed-to-find-server-action
    at ignore-listed frames
 POST /app 404 in 354ms (compile: 3ms, render: 351ms)
Error: Failed to find Server Action "x". This request might be from an older or newer deployment.
Read more: https://nextjs.org/docs/messages/failed-to-find-server-action
    at ignore-listed frames
 POST /api/route 404 in 279ms (compile: 3ms, render: 277ms)
 GET /evaluate?seed=1767160063758ppvotc1jlbo&count=60 200 in 3.3s (compile: 11ms, render: 3.3s)
 GET /evaluate?seed=1767160063758ppvotc1jlbo&count=60 200 in 5.0s (compile: 10ms, render: 5.0s)
 GET / 200 in 56ms (compile: 13ms, render: 43ms)
Error: Failed to find Server Action "x". This request might be from an older or newer deployment.
Read more: https://nextjs.org/docs/messages/failed-to-find-server-action
    at ignore-listed frames
 POST /_next 404 in 377ms (compile: 5ms, render: 372ms)
Error: Failed to find Server Action "x". This request might be from an older or newer deployment.
Read more: https://nextjs.org/docs/messages/failed-to-find-server-action
    at ignore-listed frames
 POST /api 404 in 271ms (compile: 5ms, render: 266ms)
Error: Failed to find Server Action "x". This request might be from an older or newer deployment.
Read more: https://nextjs.org/docs/messages/failed-to-find-server-action
    at ignore-listed frames
 POST /_next/server 404 in 325ms (compile: 5ms, render: 321ms)
Error: Failed to find Server Action "x". This request might be from an older or newer deployment.
Read more: https://nextjs.org/docs/messages/failed-to-find-server-action
    at ignore-listed frames
 POST /app 404 in 273ms (compile: 4ms, render: 270ms)
Error: Failed to find Server Action "x". This request might be from an older or newer deployment.
Read more: https://nextjs.org/docs/messages/failed-to-find-server-action
    at ignore-listed frames
 POST /api/route 404 in 343ms (compile: 4ms, render: 339ms)
 GET / 200 in 23ms (compile: 7ms, render: 16ms)
 GET / 200 in 41ms (compile: 5ms, render: 35ms)
 GET / 200 in 50ms (compile: 7ms, render: 42ms)
Error: Failed to find Server Action "x". This request might be from an older or newer deployment.
Read more: https://nextjs.org/docs/messages/failed-to-find-server-action
    at ignore-listed frames
 POST / 404 in 328ms (compile: 5ms, render: 323ms)
Error: Failed to find Server Action "x". This request might be from an older or newer deployment.
Read more: https://nextjs.org/docs/messages/failed-to-find-server-action
    at ignore-listed frames
 POST /_next 404 in 264ms (compile: 3ms, render: 261ms)
Error: Failed to find Server Action "x". This request might be from an older or newer deployment.
Read more: https://nextjs.org/docs/messages/failed-to-find-server-action
    at ignore-listed frames
 POST /api 404 in 273ms (compile: 3ms, render: 270ms)
Error: Failed to find Server Action "x". This request might be from an older or newer deployment.
Read more: https://nextjs.org/docs/messages/failed-to-find-server-action
    at ignore-listed frames
 POST /_next/server 404 in 253ms (compile: 3ms, render: 250ms)
Error: Failed to find Server Action "x". This request might be from an older or newer deployment.
Read more: https://nextjs.org/docs/messages/failed-to-find-server-action
    at ignore-listed frames
 POST /app 404 in 312ms (compile: 3ms, render: 309ms)
Error: Failed to find Server Action "x". This request might be from an older or newer deployment.
Read more: https://nextjs.org/docs/messages/failed-to-find-server-action
    at ignore-listed frames
 POST /api/route 404 in 273ms (compile: 3ms, render: 269ms)
Error: Failed to find Server Action "x". This request might be from an older or newer deployment.
Read more: https://nextjs.org/docs/messages/failed-to-find-server-action
    at ignore-listed frames
 POST / 404 in 343ms (compile: 17ms, render: 326ms)
Error: Failed to find Server Action "x". This request might be from an older or newer deployment.
Read more: https://nextjs.org/docs/messages/failed-to-find-server-action
    at ignore-listed frames
 POST / 404 in 267ms (compile: 4ms, render: 263ms)
 GET / 200 in 52ms (compile: 9ms, render: 43ms)
 GET / 200 in 42ms (compile: 7ms, render: 35ms)
 GET / 200 in 42ms (compile: 4ms, render: 38ms)
 GET / 200 in 38ms (compile: 6ms, render: 32ms)
 GET / 200 in 264ms (compile: 6ms, render: 259ms)
 GET / 200 in 474ms (compile: 5ms, render: 469ms)
 GET / 200 in 479ms (compile: 33ms, render: 446ms)
 GET / 200 in 426ms (compile: 13ms, render: 413ms)
 GET / 200 in 426ms (compile: 33ms, render: 393ms)
 GET / 200 in 408ms (compile: 20ms, render: 387ms)
 GET / 200 in 398ms (compile: 36ms, render: 363ms)
 GET / 200 in 343ms (compile: 12ms, render: 331ms)
 GET / 200 in 339ms (compile: 34ms, render: 306ms)
 GET / 200 in 279ms (compile: 7ms, render: 271ms)
 GET / 200 in 234ms (compile: 11ms, render: 223ms)
 GET / 200 in 231ms (compile: 38ms, render: 193ms)
 GET / 200 in 153ms (compile: 7ms, render: 146ms)
 GET / 200 in 152ms (compile: 34ms, render: 118ms)
 GET / 200 in 89ms (compile: 9ms, render: 80ms)
 GET / 200 in 40ms (compile: 5ms, render: 35ms)
 GET /guidance 200 in 21ms (compile: 5ms, render: 16ms)
 GET /select-questions 200 in 18ms (compile: 4ms, render: 13ms)
 GET /evaluate?seed=1767439260914f5tyaih0or5&count=1 200 in 3.1s (compile: 9ms, render: 3.1s)
 GET /thank-you?name=%E5%BC%A0%E7%A0%94 200 in 29ms (compile: 6ms, render: 23ms)
 GET /my-stats?name=%E5%BC%A0%E7%A0%94 200 in 25ms (compile: 8ms, render: 18ms)
 GET / 200 in 40ms (compile: 5ms, render: 35ms)
 GET /?name=%E8%B0%A2%E5%AE%B6%E5%AE%8F&financialLearningYears=%E9%AB%98%E7%BA%A7%EF%BC%885-10%E5%B9%B4%EF%BC%89&gender=%E7%94%B7%E6%80%A7&usage=%E6%AF%8F%E5%A4%A9 200 in 41ms (compile: 7ms, render: 34ms)
 GET / 200 in 37ms (compile: 5ms, render: 31ms)
 GET /?name=%E8%B0%A2%E5%AE%B6%E5%AE%8F&financialLearningYears=%E9%AB%98%E7%BA%A7%EF%BC%885-10%E5%B9%B4%EF%BC%89&gender=%E7%94%B7%E6%80%A7&usage=%E6%AF%8F%E5%A4%A9 200 in 39ms (compile: 6ms, render: 33ms)
 GET / 200 in 58ms (compile: 7ms, render: 51ms)
 GET /guidance 200 in 23ms (compile: 3ms, render: 20ms)
 GET /select-questions 200 in 15ms (compile: 2ms, render: 13ms)
 GET /evaluate?seed=176743950061846c60wobcjq&count=5 200 in 2.8s (compile: 4ms, render: 2.8s)
 GET /thank-you?name=%E8%B0%A2%E5%AE%B6%E5%AE%8F 200 in 23ms (compile: 3ms, render: 20ms)
 GET /my-stats?name=%E8%B0%A2%E5%AE%B6%E5%AE%8F 200 in 20ms (compile: 5ms, render: 15ms)
 GET /?name=%E7%8E%8B%E9%A2%96&financialLearningYears=%E4%B8%AD%E7%BA%A7%EF%BC%883-5%E5%B9%B4%EF%BC%89&gender=%E5%A5%B3%E6%80%A7&usage=%E6%AF%8F%E5%A4%A9 200 in 38ms (compile: 5ms, render: 33ms)
 GET / 200 in 43ms (compile: 6ms, render: 37ms)
 GET /guidance 200 in 17ms (compile: 3ms, render: 15ms)
 GET /select-questions 200 in 21ms (compile: 3ms, render: 18ms)
 GET /evaluate?seed=1767439947531csv0hfmhqaq&count=6 200 in 2.8s (compile: 4ms, render: 2.8s)
 GET /thank-you?name=%E7%8E%8B%E9%A2%96 200 in 23ms (compile: 3ms, render: 20ms)
 GET /my-stats?name=%E7%8E%8B%E9%A2%96 200 in 21ms (compile: 5ms, render: 15ms)
 GET /my-stats?name=%E7%8E%8B%E9%A2%96 200 in 20ms (compile: 5ms, render: 15ms)
 GET /?name=%E5%88%98%E8%A2%81&financialLearningYears=%E4%B8%AD%E7%BA%A7%EF%BC%883-5%E5%B9%B4%EF%BC%89&gender=%E7%94%B7%E6%80%A7&usage=%E6%AF%8F%E5%A4%A9 200 in 39ms (compile: 4ms, render: 35ms)
 GET / 200 in 49ms (compile: 6ms, render: 43ms)
 GET / 200 in 35ms (compile: 3ms, render: 32ms)
 GET /?name=%E5%88%98%E8%A2%81&financialLearningYears=%E4%B8%AD%E7%BA%A7%EF%BC%883-5%E5%B9%B4%EF%BC%89&gender=%E7%94%B7%E6%80%A7&usage=%E6%AF%8F%E5%A4%A9 200 in 39ms (compile: 4ms, render: 35ms)
 GET /guidance 200 in 17ms (compile: 3ms, render: 14ms)
 GET /select-questions 200 in 16ms (compile: 2ms, render: 14ms)
 GET /evaluate?seed=1767440619468iklkc678g5&count=7 200 in 2.8s (compile: 5ms, render: 2.8s)
 GET /thank-you?name=%E5%88%98%E8%A2%81 200 in 23ms (compile: 3ms, render: 19ms)
 GET /my-stats?name=%E5%88%98%E8%A2%81 200 in 22ms (compile: 5ms, render: 16ms)
 GET /guidance 200 in 17ms (compile: 2ms, render: 15ms)
 GET /select-questions 200 in 16ms (compile: 2ms, render: 14ms)
 GET /evaluate?seed=176744098392415hfnb4xu0h&count=8 200 in 2.7s (compile: 5ms, render: 2.7s)
 GET /thank-you?name=%E5%BC%A0%E5%8A%9B 200 in 29ms (compile: 5ms, render: 25ms)
 GET /my-stats?name=%E5%BC%A0%E5%8A%9B 200 in 20ms (compile: 5ms, render: 15ms)
 GET /my-stats?name=%E5%BC%A0%E5%8A%9B 200 in 23ms (compile: 5ms, render: 18ms)
 GET /guidance 200 in 16ms (compile: 2ms, render: 14ms)
 GET /select-questions 200 in 19ms (compile: 3ms, render: 16ms)
 GET /select-questions 200 in 16ms (compile: 2ms, render: 14ms)
 GET /evaluate?seed=17674416029665d35ssrssh6&count=5 200 in 2.9s (compile: 7ms, render: 2.9s)
 GET /thank-you?name=%E7%8E%8B%E6%B6%B5 200 in 26ms (compile: 4ms, render: 22ms)
 GET /my-stats?name=%E7%8E%8B%E6%B6%B5 200 in 30ms (compile: 8ms, render: 22ms)
 GET /guidance 200 in 16ms (compile: 2ms, render: 14ms)
 GET /select-questions 200 in 15ms (compile: 1976µs, render: 13ms)
 GET /evaluate?seed=1767442138447mmr6x8xhv1t&count=5 200 in 2.7s (compile: 7ms, render: 2.7s)
 GET /thank-you?name=%E9%99%88%E6%96%8C 200 in 23ms (compile: 3ms, render: 20ms)
 GET /my-stats?name=%E9%99%88%E6%96%8C 200 in 20ms (compile: 5ms, render: 14ms)
 GET /my-stats?name=%E9%99%88%E6%96%8C 200 in 19ms (compile: 5ms, render: 14ms)
 GET / 200 in 412ms (compile: 5ms, render: 407ms)
 GET / 200 in 465ms (compile: 8ms, render: 458ms)
 GET / 200 in 467ms (compile: 33ms, render: 434ms)
 GET / 200 in 442ms (compile: 33ms, render: 409ms)
 GET / 200 in 418ms (compile: 36ms, render: 383ms)
 GET / 200 in 390ms (compile: 36ms, render: 354ms)
 GET / 200 in 359ms (compile: 40ms, render: 318ms)
 GET / 200 in 324ms (compile: 44ms, render: 281ms)
 GET / 200 in 287ms (compile: 55ms, render: 232ms)
 GET / 200 in 237ms (compile: 36ms, render: 201ms)
 GET / 200 in 207ms (compile: 36ms, render: 171ms)
 GET / 200 in 131ms (compile: 5ms, render: 126ms)
 GET / 200 in 106ms (compile: 7ms, render: 99ms)
 GET / 200 in 104ms (compile: 33ms, render: 71ms)
 GET / 200 in 29ms (compile: 3ms, render: 26ms)
 GET /guidance 200 in 20ms (compile: 4ms, render: 16ms)
 GET /select-questions 200 in 18ms (compile: 2ms, render: 15ms)
 GET /evaluate?seed=1767443388943b4xxkzliut5&count=5 200 in 2.8s (compile: 6ms, render: 2.8s)
 GET /thank-you?name=%E6%9D%A8%E4%B8%BD 200 in 24ms (compile: 4ms, render: 20ms)
 GET /my-stats?name=%E6%9D%A8%E4%B8%BD 200 in 20ms (compile: 4ms, render: 16ms)
 GET /guidance 200 in 18ms (compile: 2ms, render: 16ms)
 GET /select-questions 200 in 17ms (compile: 2ms, render: 15ms)
 GET /evaluate?seed=17674440063373mnwltqgnoo&count=5 200 in 2.7s (compile: 8ms, render: 2.7s)
 GET /thank-you?name=%E5%94%90%E8%8D%A3 200 in 22ms (compile: 3ms, render: 19ms)
 GET /my-stats?name=%E5%94%90%E8%8D%A3 200 in 19ms (compile: 5ms, render: 14ms)
 GET /guidance 200 in 19ms (compile: 3ms, render: 16ms)
 GET /select-questions 200 in 19ms (compile: 2ms, render: 17ms)
 GET /evaluate?seed=17674442672663jbr05ohpi5&count=5 200 in 2.6s (compile: 5ms, render: 2.6s)
 GET /thank-you?name=%E8%B0%AD%E7%AB%8B 200 in 26ms (compile: 3ms, render: 22ms)
 GET /my-stats?name=%E8%B0%AD%E7%AB%8B 200 in 20ms (compile: 5ms, render: 15ms)
 GET /guidance 200 in 24ms (compile: 3ms, render: 21ms)
 GET /select-questions 200 in 18ms (compile: 3ms, render: 15ms)
 GET /evaluate?seed=17674444488424icfaek3aww&count=5 200 in 2.6s (compile: 5ms, render: 2.6s)
 GET /thank-you?name=%E5%A7%9C%E7%A7%91 200 in 23ms (compile: 3ms, render: 20ms)
 GET /my-stats?name=%E5%A7%9C%E7%A7%91 200 in 21ms (compile: 5ms, render: 15ms)
 GET /my-stats?name=%E5%A7%9C%E7%A7%91 200 in 19ms (compile: 7ms, render: 13ms)
 GET / 200 in 19ms (compile: 5ms, render: 13ms)
 GET / 200 in 16ms (compile: 4ms, render: 12ms)
 GET / 200 in 21ms (compile: 5ms, render: 16ms)
 GET / 200 in 15ms (compile: 5ms, render: 11ms)
 GET / 200 in 16ms (compile: 4ms, render: 12ms)
 GET / 200 in 16ms (compile: 5ms, render: 11ms)
 GET / 200 in 16ms (compile: 4ms, render: 12ms)
 GET / 200 in 17ms (compile: 4ms, render: 13ms)
 GET / 200 in 20ms (compile: 5ms, render: 15ms)
 GET / 200 in 16ms (compile: 4ms, render: 12ms)
 GET / 200 in 16ms (compile: 4ms, render: 13ms)
 GET / 200 in 19ms (compile: 5ms, render: 15ms)
 GET / 200 in 24ms (compile: 4ms, render: 20ms)
 GET / 200 in 17ms (compile: 4ms, render: 13ms)
 GET /my-stats?name=%E5%A7%9C%E7%A7%91 200 in 192ms (compile: 3ms, render: 188ms)
 GET / 200 in 15ms (compile: 4ms, render: 11ms)
 GET /my-stats?name=%E5%A7%9C%E7%A7%91 200 in 43ms (compile: 8ms, render: 35ms)
Error: aborted
    at ignore-listed frames {
  code: 'ECONNRESET'
}
 GET /my-stats?name=%E5%A7%9C%E7%A7%91 200 in 43ms (compile: 6ms, render: 37ms)
 GET /my-stats?name=%E5%A7%9C%E7%A7%91 200 in 37ms (compile: 5ms, render: 33ms)
 GET / 200 in 422ms (compile: 5ms, render: 417ms)
 GET / 200 in 431ms (compile: 6ms, render: 425ms)
 GET / 200 in 464ms (compile: 34ms, render: 430ms)
 GET / 200 in 436ms (compile: 37ms, render: 399ms)
 GET / 200 in 407ms (compile: 41ms, render: 366ms)
 GET / 200 in 401ms (compile: 67ms, render: 335ms)
 GET / 200 in 342ms (compile: 40ms, render: 303ms)
 GET / 200 in 309ms (compile: 36ms, render: 273ms)
 GET / 200 in 281ms (compile: 41ms, render: 240ms)
 GET / 200 in 218ms (compile: 12ms, render: 206ms)
 GET / 200 in 178ms (compile: 5ms, render: 173ms)
 GET / 200 in 153ms (compile: 6ms, render: 147ms)
 GET / 200 in 119ms (compile: 7ms, render: 112ms)
 GET / 200 in 81ms (compile: 6ms, render: 74ms)
 GET / 200 in 90ms (compile: 6ms, render: 83ms)
 GET /guidance 200 in 23ms (compile: 4ms, render: 19ms)
 GET /select-questions 200 in 19ms (compile: 2ms, render: 16ms)
 GET /evaluate?seed=1767446622198vgmor1ba84&count=5 200 in 3.1s (compile: 4ms, render: 3.1s)
 GET /thank-you?name=%E6%9E%97%E8%88%92 200 in 22ms (compile: 3ms, render: 19ms)
 GET /my-stats?name=%E6%9E%97%E8%88%92 200 in 34ms (compile: 11ms, render: 23ms)
 GET /guidance 200 in 19ms (compile: 2ms, render: 17ms)
 GET /select-questions 200 in 21ms (compile: 3ms, render: 18ms)
 GET /evaluate?seed=1767447210654ntwuz5stu3&count=5 200 in 2.7s (compile: 6ms, render: 2.7s)
 GET / 200 in 47ms (compile: 5ms, render: 42ms)
 GET /thank-you?name=%E7%8E%8B%E6%96%87 200 in 25ms (compile: 3ms, render: 22ms)
 GET / 200 in 44ms (compile: 7ms, render: 37ms)
 GET / 200 in 45ms (compile: 5ms, render: 40ms)
 GET /my-stats?name=%E7%8E%8B%E6%96%87 200 in 20ms (compile: 4ms, render: 16ms)
 GET /guidance 200 in 18ms (compile: 2ms, render: 16ms)
 GET /select-questions 200 in 17ms (compile: 2ms, render: 15ms)
 GET /evaluate?seed=176744742435902wztx0fvv29&count=5 200 in 3.2s (compile: 5ms, render: 3.2s)
 GET / 200 in 46ms (compile: 6ms, render: 40ms)
 GET / 200 in 61ms (compile: 8ms, render: 53ms)
 GET /thank-you?name=%E5%BC%A0%E8%AF%91%E6%96%87 200 in 22ms (compile: 3ms, render: 20ms)
 GET /my-stats?name=%E5%BC%A0%E8%AF%91%E6%96%87 200 in 32ms (compile: 9ms, render: 24ms)
 GET / 200 in 62ms (compile: 8ms, render: 54ms)
 GET /?name=%E8%B0%A2%E7%AB%A5&financialLearningYears=%E4%B8%AD%E7%BA%A7%EF%BC%883-5%E5%B9%B4%EF%BC%89&gender=%E5%A5%B3%E6%80%A7&usage=%E6%AF%8F%E5%A4%A9 200 in 41ms (compile: 4ms, render: 36ms)
 GET / 200 in 48ms (compile: 6ms, render: 42ms)
 GET /?name=%E8%B0%A2%E7%AB%A5&financialLearningYears=%E9%AB%98%E7%BA%A7%EF%BC%885-10%E5%B9%B4%EF%BC%89&gender=%E5%A5%B3%E6%80%A7&usage=%E6%AF%8F%E5%A4%A9 200 in 39ms (compile: 5ms, render: 34ms)
 GET /guidance 200 in 18ms (compile: 2ms, render: 16ms)
 GET /select-questions 200 in 21ms (compile: 2ms, render: 18ms)
 GET /evaluate?seed=1767447645472uo6bmvpu4j&count=5 200 in 2.8s (compile: 5ms, render: 2.8s)
 GET /thank-you?name=%E8%B0%A2%E7%AB%A5 200 in 25ms (compile: 3ms, render: 22ms)
 GET /my-stats?name=%E8%B0%A2%E7%AB%A5 200 in 26ms (compile: 7ms, render: 18ms)
 GET /guidance 200 in 16ms (compile: 2ms, render: 14ms)
 GET /select-questions 200 in 25ms (compile: 3ms, render: 22ms)
 GET /evaluate?seed=1767448290217co0g5gza4aa&count=5 200 in 2.7s (compile: 5ms, render: 2.7s)
 GET /thank-you?name=%E5%BC%A0%E8%A1%A1 200 in 24ms (compile: 4ms, render: 20ms)
 GET /my-stats?name=%E5%BC%A0%E8%A1%A1 200 in 21ms (compile: 5ms, render: 15ms)
 GET /?name=%E6%9D%8E%E5%85%B0&financialLearningYears=%E4%B8%AD%E7%BA%A7%EF%BC%883-5%E5%B9%B4%EF%BC%89&gender=%E5%A5%B3%E6%80%A7&usage=%E6%AF%8F%E5%A4%A9 200 in 46ms (compile: 6ms, render: 39ms)
 GET /guidance 200 in 17ms (compile: 2ms, render: 15ms)
 GET /select-questions 200 in 16ms (compile: 2ms, render: 14ms)
 GET /evaluate?seed=1767449059114o23qsi1kzlh&count=5 200 in 2.8s (compile: 5ms, render: 2.8s)
 GET /thank-you?name=%E6%9D%8E%E5%85%B0 200 in 18ms (compile: 2ms, render: 16ms)
 GET /my-stats?name=%E6%9D%8E%E5%85%B0 200 in 18ms (compile: 5ms, render: 13ms)
 GET /guidance 200 in 24ms (compile: 4ms, render: 20ms)
 GET /select-questions 200 in 17ms (compile: 2ms, render: 14ms)
 GET /select-questions 200 in 17ms (compile: 2ms, render: 15ms)
 GET /evaluate?seed=1767449385771epv3znhcir&count=5 200 in 2.7s (compile: 5ms, render: 2.7s)
 GET / 200 in 425ms (compile: 7ms, render: 418ms)
 GET / 200 in 473ms (compile: 9ms, render: 464ms)
 GET / 200 in 445ms (compile: 9ms, render: 436ms)
 GET / 200 in 483ms (compile: 39ms, render: 444ms)
 GET / 200 in 490ms (compile: 41ms, render: 450ms)
 GET / 200 in 460ms (compile: 41ms, render: 420ms)
 GET / 200 in 431ms (compile: 43ms, render: 387ms)
 GET / 200 in 398ms (compile: 47ms, render: 351ms)
 GET / 200 in 339ms (compile: 34ms, render: 305ms)
 GET / 200 in 265ms (compile: 7ms, render: 257ms)
 GET / 200 in 264ms (compile: 46ms, render: 219ms)
 GET / 200 in 179ms (compile: 11ms, render: 168ms)
 GET / 200 in 174ms (compile: 46ms, render: 128ms)
 GET / 200 in 122ms (compile: 11ms, render: 111ms)
 GET / 200 in 100ms (compile: 7ms, render: 92ms)
 GET /guidance 200 in 22ms (compile: 3ms, render: 18ms)
 GET /select-questions 200 in 14ms (compile: 2ms, render: 12ms)
 GET /evaluate?seed=1767450236732c4mxrjoxn1d&count=5 200 in 2.6s (compile: 4ms, render: 2.6s)
 GET /thank-you?name=%E6%9D%8E%E5%85%B0 200 in 25ms (compile: 4ms, render: 21ms)
 GET /my-stats?name=%E6%9D%8E%E5%85%B0 200 in 22ms (compile: 7ms, render: 16ms)
 GET /guidance 200 in 20ms (compile: 4ms, render: 16ms)
 GET /select-questions 200 in 19ms (compile: 2ms, render: 16ms)
 GET /evaluate?seed=1767450570525i497vc8l3c9&count=5 200 in 2.8s (compile: 6ms, render: 2.8s)
 GET /thank-you?name=%E6%A2%B5%E6%B5%A9 200 in 26ms (compile: 3ms, render: 23ms)
 GET /my-stats?name=%E6%A2%B5%E6%B5%A9 200 in 25ms (compile: 7ms, render: 18ms)
 GET /?name=%E4%BD%95%E7%AB%8B&financialLearningYears=%E4%B8%AD%E7%BA%A7%EF%BC%883-5%E5%B9%B4%EF%BC%89&gender=%E7%94%B7%E6%80%A7&usage=%E6%AF%8F%E5%A4%A9 200 in 62ms (compile: 9ms, render: 53ms)
 GET /guidance 200 in 17ms (compile: 2ms, render: 15ms)
 GET /select-questions 200 in 19ms (compile: 2ms, render: 16ms)
 GET /evaluate?seed=1767450984886chiclwwo35u&count=5 200 in 3.0s (compile: 5ms, render: 3.0s)
 GET /thank-you?name=%E4%BD%95%E7%AB%8B 200 in 21ms (compile: 3ms, render: 18ms)
 GET /my-stats?name=%E4%BD%95%E7%AB%8B 200 in 21ms (compile: 6ms, render: 15ms)
 GET / 200 in 62ms (compile: 11ms, render: 51ms)
Error: Failed to find Server Action "x". This request might be from an older or newer deployment.
Read more: https://nextjs.org/docs/messages/failed-to-find-server-action
    at ignore-listed frames
 POST / 404 in 375ms (compile: 5ms, render: 370ms)
Error: Failed to find Server Action "x". This request might be from an older or newer deployment.
Read more: https://nextjs.org/docs/messages/failed-to-find-server-action
    at ignore-listed frames
 POST /_next 404 in 233ms (compile: 6ms, render: 227ms)
Error: Failed to find Server Action "x". This request might be from an older or newer deployment.
Read more: https://nextjs.org/docs/messages/failed-to-find-server-action
    at ignore-listed frames
 POST /api 404 in 238ms (compile: 3ms, render: 235ms)
Error: Failed to find Server Action "x". This request might be from an older or newer deployment.
Read more: https://nextjs.org/docs/messages/failed-to-find-server-action
    at ignore-listed frames
 POST /_next/server 404 in 258ms (compile: 3ms, render: 255ms)
Error: Failed to find Server Action "x". This request might be from an older or newer deployment.
Read more: https://nextjs.org/docs/messages/failed-to-find-server-action
    at ignore-listed frames
 POST /app 404 in 279ms (compile: 3ms, render: 276ms)
Error: Failed to find Server Action "x". This request might be from an older or newer deployment.
Read more: https://nextjs.org/docs/messages/failed-to-find-server-action
    at ignore-listed frames
 POST /api/route 404 in 239ms (compile: 3ms, render: 236ms)
 GET / 200 in 58ms (compile: 12ms, render: 46ms)
 GET / 200 in 53ms (compile: 8ms, render: 44ms)
 GET / 200 in 39ms (compile: 5ms, render: 34ms)
 GET / 200 in 45ms (compile: 6ms, render: 39ms)
 GET / 200 in 35ms (compile: 3ms, render: 31ms)
 GET /guidance 200 in 16ms (compile: 3ms, render: 13ms)
 GET / 200 in 37ms (compile: 5ms, render: 32ms)
 GET /? 200 in 45ms (compile: 5ms, render: 40ms)
 GET / 200 in 46ms (compile: 4ms, render: 41ms)
 GET /guidance 200 in 19ms (compile: 3ms, render: 16ms)
 GET /guidance 200 in 15ms (compile: 2ms, render: 13ms)
 GET /select-questions 200 in 20ms (compile: 4ms, render: 15ms)
 GET /select-questions 200 in 16ms (compile: 2ms, render: 13ms)
 GET /evaluate?seed=1767489182827ljl7ar2r6lq&count=59 200 in 3.1s (compile: 7ms, render: 3.1s)
 GET /select-questions 200 in 24ms (compile: 6ms, render: 18ms)
 GET /evaluate?seed=176748918876429xtyvyw8x8&count=59 200 in 2.7s (compile: 4ms, render: 2.7s)
 GET /evaluate?seed=17674891946571nac3hyilpp&count=59 200 in 2.6s (compile: 6ms, render: 2.6s)
 GET /evaluate?seed=176748918876429xtyvyw8x8&count=59 200 in 5.1s (compile: 6ms, render: 5.1s)
 GET / 200 in 48ms (compile: 8ms, render: 40ms)
 GET / 200 in 550ms (compile: 5ms, render: 545ms)
 GET / 200 in 514ms (compile: 7ms, render: 507ms)
 GET / 200 in 513ms (compile: 40ms, render: 474ms)
 GET / 200 in 481ms (compile: 38ms, render: 443ms)
 GET / 200 in 483ms (compile: 37ms, render: 446ms)
 GET / 200 in 453ms (compile: 43ms, render: 411ms)
 GET / 200 in 421ms (compile: 40ms, render: 381ms)
 GET / 200 in 389ms (compile: 40ms, render: 349ms)
 GET / 200 in 356ms (compile: 44ms, render: 312ms)
 GET / 200 in 320ms (compile: 44ms, render: 275ms)
 GET / 200 in 282ms (compile: 43ms, render: 238ms)
 GET / 200 in 246ms (compile: 67ms, render: 179ms)
 GET / 200 in 185ms (compile: 37ms, render: 148ms)
 GET / 200 in 154ms (compile: 36ms, render: 118ms)
 GET / 200 in 91ms (compile: 13ms, render: 78ms)
 GET /guidance 200 in 24ms (compile: 3ms, render: 21ms)
 GET /select-questions 200 in 18ms (compile: 2ms, render: 15ms)
 GET /evaluate?seed=1767494731879ot01sz3rjc&count=5 200 in 2.9s (compile: 6ms, render: 2.9s)
 GET /guidance 200 in 22ms (compile: 4ms, render: 18ms)
 GET /select-questions 200 in 18ms (compile: 2ms, render: 16ms)
 GET /evaluate?seed=1767495026767vv1ac9z1q1n&count=5 200 in 2.7s (compile: 5ms, render: 2.7s)
 GET /guidance 200 in 29ms (compile: 5ms, render: 24ms)
 GET /select-questions 200 in 19ms (compile: 3ms, render: 16ms)
 GET /evaluate?seed=1767495368999nx8dkwtwlwk&count=5 200 in 3.2s (compile: 6ms, render: 3.2s)
 GET /thank-you?name=%E7%8E%8B%E5%9D%A4 200 in 55ms (compile: 18ms, render: 37ms)
 GET /my-stats?name=%E7%8E%8B%E5%9D%A4 200 in 37ms (compile: 9ms, render: 27ms)
 GET /thank-you?name=%E7%8E%8B%E8%BF%AA 200 in 21ms (compile: 2ms, render: 19ms)
 GET /my-stats?name=%E7%8E%8B%E8%BF%AA 200 in 20ms (compile: 5ms, render: 15ms)
 GET /guidance 200 in 19ms (compile: 2ms, render: 17ms)
 GET /select-questions 200 in 21ms (compile: 4ms, render: 18ms)
 GET /evaluate?seed=1767495703583gf9evvv9n0n&count=5 200 in 3.1s (compile: 7ms, render: 3.1s)
 GET /guidance 200 in 28ms (compile: 9ms, render: 20ms)
 GET /select-questions 200 in 19ms (compile: 4ms, render: 15ms)
 GET /evaluate?seed=1767495935534aygonrwolen&count=5 200 in 3.1s (compile: 6ms, render: 3.1s)
 GET /?name=%E8%92%8B%E8%8B%B1&financialLearningYears=%E9%AB%98%E7%BA%A7%EF%BC%885-10%E5%B9%B4%EF%BC%89&gender=%E7%94%B7%E6%80%A7&usage=%E6%AF%8F%E5%A4%A9 200 in 83ms (compile: 15ms, render: 68ms)
 GET /guidance 200 in 18ms (compile: 4ms, render: 15ms)
 GET /select-questions 200 in 21ms (compile: 4ms, render: 17ms)
 GET /evaluate?seed=1767496127854za9dinilgi&count=5 200 in 2.9s (compile: 5ms, render: 2.9s)
 GET / 200 in 66ms (compile: 11ms, render: 55ms)
 GET / 200 in 44ms (compile: 7ms, render: 38ms)
 GET / 200 in 39ms (compile: 5ms, render: 34ms)
 GET /thank-you?name=%E8%B0%A2%E5%BE%B7 200 in 37ms (compile: 16ms, render: 20ms)
 GET /my-stats?name=%E8%B0%A2%E5%BE%B7 200 in 24ms (compile: 7ms, render: 17ms)
 GET /thank-you?name=%E5%90%91%E7%AB%8B 200 in 20ms (compile: 2ms, render: 18ms)
 GET /my-stats?name=%E5%90%91%E7%AB%8B 200 in 20ms (compile: 6ms, render: 14ms)
 GET /guidance 200 in 19ms (compile: 2ms, render: 17ms)
 GET /select-questions 200 in 18ms (compile: 2ms, render: 16ms)
 GET /evaluate?seed=1767496419926g787qqdf2xi&count=4 200 in 2.8s (compile: 6ms, render: 2.8s)
 GET /guidance 200 in 27ms (compile: 4ms, render: 23ms)
 GET /select-questions 200 in 20ms (compile: 3ms, render: 18ms)
 GET /evaluate?seed=176749670023890lwimizmpa&count=4 200 in 3.0s (compile: 5ms, render: 3.0s)
 GET /guidance 200 in 24ms (compile: 3ms, render: 21ms)
 GET /select-questions 200 in 16ms (compile: 1991µs, render: 14ms)
 GET /evaluate?seed=1767496831438kiicuuezbfm&count=4 200 in 2.7s (compile: 5ms, render: 2.7s)
 GET /thank-you?name=%E8%92%8B%E8%8B%B1 200 in 26ms (compile: 4ms, render: 22ms)
 GET /my-stats?name=%E8%92%8B%E8%8B%B1 200 in 28ms (compile: 6ms, render: 22ms)
 GET /thank-you?name=%E8%83%A1%E5%BF%83%E6%80%A1 200 in 21ms (compile: 3ms, render: 18ms)
 GET /my-stats?name=%E8%83%A1%E5%BF%83%E6%80%A1 200 in 19ms (compile: 5ms, render: 14ms)
 GET /guidance 200 in 15ms (compile: 2ms, render: 13ms)
 GET /select-questions 200 in 20ms (compile: 2ms, render: 17ms)
 GET /evaluate?seed=1767496999686rwyq0g2t5fq&count=5 200 in 2.8s (compile: 5ms, render: 2.8s)
 GET / 200 in 52ms (compile: 6ms, render: 47ms)
 GET /guidance 200 in 20ms (compile: 3ms, render: 17ms)
 GET /select-questions 200 in 16ms (compile: 2ms, render: 14ms)
 GET /evaluate?seed=176749719633478qdz1ztju&count=5 200 in 2.8s (compile: 4ms, render: 2.8s)
 GET /guidance 200 in 21ms (compile: 3ms, render: 18ms)
 GET /select-questions 200 in 18ms (compile: 2ms, render: 16ms)
 GET /evaluate?seed=17674974049422tw4z5qohqa&count=5 200 in 2.8s (compile: 6ms, render: 2.8s)
 GET /thank-you?name=%E5%BC%A0%E9%92%9A 200 in 36ms (compile: 14ms, render: 22ms)
 GET /my-stats?name=%E5%BC%A0%E9%92%9A 200 in 22ms (compile: 6ms, render: 17ms)
 GET /thank-you?name=%E6%9D%8E%E8%8D%A3 200 in 23ms (compile: 2ms, render: 21ms)
 GET /my-stats?name=%E6%9D%8E%E8%8D%A3 200 in 18ms (compile: 4ms, render: 14ms)
 GET /thank-you?name=%E5%BC%A0%E5%AE%87 200 in 21ms (compile: 2ms, render: 19ms)
 GET /my-stats?name=%E5%BC%A0%E5%AE%87 200 in 20ms (compile: 5ms, render: 15ms)
 GET / 200 in 510ms (compile: 7ms, render: 502ms)
 GET / 200 in 507ms (compile: 9ms, render: 498ms)
 GET / 200 in 495ms (compile: 18ms, render: 477ms)
 GET / 200 in 491ms (compile: 49ms, render: 442ms)
 GET / 200 in 479ms (compile: 47ms, render: 432ms)
 GET / 200 in 442ms (compile: 44ms, render: 397ms)
 GET / 200 in 415ms (compile: 43ms, render: 371ms)
 GET / 200 in 381ms (compile: 43ms, render: 338ms)
 GET / 200 in 346ms (compile: 42ms, render: 304ms)
 GET / 200 in 253ms (compile: 10ms, render: 243ms)
 GET / 200 in 250ms (compile: 38ms, render: 212ms)
 GET / 200 in 191ms (compile: 8ms, render: 183ms)
 GET / 200 in 159ms (compile: 5ms, render: 154ms)
 GET / 200 in 126ms (compile: 6ms, render: 120ms)
 GET / 200 in 96ms (compile: 8ms, render: 88ms)
 GET /?name=%E5%BC%A0%E7%8E%89%E7%8E%89&financialLearningYears=%E4%B8%AD%E7%BA%A7%EF%BC%883-5%E5%B9%B4%EF%BC%89&gender=%E5%A5%B3%E6%80%A7&usage=%E6%AF%8F%E5%A4%A9 200 in 56ms (compile: 6ms, render: 50ms)
 GET /guidance 200 in 27ms (compile: 3ms, render: 24ms)
 GET /select-questions 200 in 19ms (compile: 3ms, render: 15ms)
 GET /evaluate?seed=1767497964830d2fw4u1na2&count=5 200 in 2.7s (compile: 5ms, render: 2.7s)
 GET /guidance 200 in 22ms (compile: 4ms, render: 17ms)
 GET /select-questions 200 in 19ms (compile: 3ms, render: 17ms)
 GET /evaluate?seed=17674981356868e5k134l3c8&count=5 200 in 2.9s (compile: 5ms, render: 2.9s)
 GET /?name=%E5%BC%A0%E8%8F%9F&financialLearningYears=%E9%AB%98%E7%BA%A7%EF%BC%885-10%E5%B9%B4%EF%BC%89&gender=%E7%94%B7%E6%80%A7&usage=%E6%AF%8F%E5%A4%A9 200 in 71ms (compile: 19ms, render: 52ms)
 GET /guidance 200 in 19ms (compile: 2ms, render: 16ms)
 GET /select-questions 200 in 18ms (compile: 3ms, render: 16ms)
 GET /evaluate?seed=1767498314054ldu9r5mlt5h&count=5 200 in 2.9s (compile: 6ms, render: 2.9s)
 GET /guidance 200 in 22ms (compile: 4ms, render: 19ms)
 GET /select-questions 200 in 19ms (compile: 2ms, render: 17ms)
 GET /evaluate?seed=17674984558469xey86n6cup&count=4 200 in 2.8s (compile: 6ms, render: 2.8s)
 GET /thank-you?name=%E5%BC%A0%E7%8E%89%E7%8E%89 200 in 26ms (compile: 5ms, render: 21ms)
 GET /my-stats?name=%E5%BC%A0%E7%8E%89%E7%8E%89 200 in 25ms (compile: 7ms, render: 18ms)
 GET /thank-you?name=%E5%AE%8B%E6%AC%A3%E8%8A%9D 200 in 20ms (compile: 1938µs, render: 18ms)
 GET /my-stats?name=%E5%AE%8B%E6%AC%A3%E8%8A%9D 200 in 30ms (compile: 7ms, render: 23ms)
 GET /thank-you?name=%E5%BC%A0%E8%8F%9F 200 in 20ms (compile: 2ms, render: 18ms)
 GET /my-stats?name=%E5%BC%A0%E8%8F%9F 200 in 20ms (compile: 5ms, render: 15ms)
 GET /guidance 200 in 18ms (compile: 1964µs, render: 16ms)
 GET /select-questions 200 in 23ms (compile: 2ms, render: 21ms)
 GET /evaluate?seed=17674987835570s2itysebr0b&count=5 200 in 2.9s (compile: 5ms, render: 2.9s)
 GET /?name=%E6%9D%A8%E8%83%9C&financialLearningYears=%E4%B8%AD%E7%BA%A7%EF%BC%883-5%E5%B9%B4%EF%BC%89&gender=%E5%A5%B3%E6%80%A7&usage=%E6%AF%8F%E5%A4%A9 200 in 63ms (compile: 9ms, render: 54ms)
 GET /guidance 200 in 21ms (compile: 3ms, render: 19ms)
 GET /select-questions 200 in 18ms (compile: 3ms, render: 15ms)
 GET /evaluate?seed=17674989867821132srt8dzb&count=5 200 in 2.8s (compile: 5ms, render: 2.7s)
 GET /thank-you?name=%E7%A7%A6%E7%BE%BD%E6%B6%B5 200 in 31ms (compile: 4ms, render: 27ms)
 GET /my-stats?name=%E7%A7%A6%E7%BE%BD%E6%B6%B5 200 in 22ms (compile: 5ms, render: 17ms)
 GET /my-stats?name=%E7%A7%A6%E7%BE%BD%E6%B6%B5 200 in 19ms (compile: 5ms, render: 14ms)
 GET /guidance 200 in 27ms (compile: 5ms, render: 21ms)
 GET /select-questions 200 in 24ms (compile: 4ms, render: 19ms)
 GET /evaluate?seed=1767499219606gsvfaxj8qfh&count=5 200 in 3.0s (compile: 9ms, render: 3.0s)
 GET /thank-you?name=%E9%99%88%E9%A2%96 200 in 60ms (compile: 27ms, render: 32ms)
 GET /my-stats?name=%E9%99%88%E9%A2%96 200 in 23ms (compile: 8ms, render: 15ms)
 GET /thank-you?name=%E6%9D%A8%E8%83%9C%E7%B2%A4 200 in 22ms (compile: 3ms, render: 19ms)
 GET /my-stats?name=%E6%9D%A8%E8%83%9C%E7%B2%A4 200 in 21ms (compile: 4ms, render: 17ms)
 GET /thank-you?name=%E6%9D%A8%E9%9B%A8 200 in 23ms (compile: 1993µs, render: 21ms)
 GET /my-stats?name=%E6%9D%A8%E9%9B%A8 200 in 20ms (compile: 5ms, render: 14ms)
 GET /thank-you?name=%E5%BB%96%E4%B9%83%E5%A5%87 200 in 23ms (compile: 3ms, render: 20ms)
 GET /my-stats?name=%E5%BB%96%E4%B9%83%E5%A5%87 200 in 24ms (compile: 6ms, render: 18ms)
 GET /thank-you?name=%E4%BB%98%E5%AF%BB 200 in 21ms (compile: 2ms, render: 19ms)
 GET /thank-you?name=volar 200 in 20ms (compile: 1961µs, render: 18ms)
 GET /my-stats?name=volar 200 in 19ms (compile: 4ms, render: 15ms)
 GET /my-stats?name=%E4%BB%98%E5%AF%BB 200 in 24ms (compile: 6ms, render: 18ms)
 GET /my-stats?name=%E4%BB%98%E5%AF%BB 200 in 67ms (compile: 4ms, render: 63ms)
 GET / 200 in 44ms (compile: 5ms, render: 38ms)
 GET / 200 in 57ms (compile: 7ms, render: 50ms)
 GET /guidance 200 in 22ms (compile: 5ms, render: 17ms)
 GET / 200 in 46ms (compile: 5ms, render: 41ms)
 GET /guidance 200 in 17ms (compile: 2ms, render: 15ms)
 GET /select-questions 200 in 22ms (compile: 5ms, render: 17ms)
 GET /evaluate?seed=1767506459586okhst7y1ls&count=59 200 in 3.6s (compile: 7ms, render: 3.6s)
 GET /select-questions 200 in 32ms (compile: 16ms, render: 16ms)
 GET /evaluate?seed=17675064893425mrdpodv8xw&count=60 200 in 3.3s (compile: 14ms, render: 3.3s)
 GET / 200 in 58ms (compile: 8ms, render: 50ms)
 GET / 200 in 42ms (compile: 4ms, render: 38ms)
 GET /guidance 200 in 21ms (compile: 5ms, render: 15ms)
 GET /select-questions 200 in 23ms (compile: 4ms, render: 18ms)
 GET /evaluate?seed=1767509287756byt4jfg4zq&count=59 200 in 3.3s (compile: 7ms, render: 3.3s)
 GET /thank-you?name=%E5%91%A8%E6%80%BF 200 in 78ms (compile: 21ms, render: 57ms)
 GET /my-stats?name=%E5%91%A8%E6%80%BF 200 in 26ms (compile: 7ms, render: 19ms)
 GET /thank-you?name=%E8%96%9B%E6%A2%A6%E9%A2%96 200 in 24ms (compile: 3ms, render: 21ms)
 GET /my-stats?name=%E8%96%9B%E6%A2%A6%E9%A2%96 200 in 21ms (compile: 5ms, render: 16ms)
Error: Failed to find Server Action "x". This request might be from an older or newer deployment.
Read more: https://nextjs.org/docs/messages/failed-to-find-server-action
    at ignore-listed frames
 POST / 404 in 497ms (compile: 5ms, render: 492ms)
Error: Failed to find Server Action "x". This request might be from an older or newer deployment.
Read more: https://nextjs.org/docs/messages/failed-to-find-server-action
    at ignore-listed frames
 POST /_next 404 in 295ms (compile: 7ms, render: 288ms)
Error: Failed to find Server Action "x". This request might be from an older or newer deployment.
Read more: https://nextjs.org/docs/messages/failed-to-find-server-action
    at ignore-listed frames
 POST /api 404 in 295ms (compile: 3ms, render: 292ms)
Error: Failed to find Server Action "x". This request might be from an older or newer deployment.
Read more: https://nextjs.org/docs/messages/failed-to-find-server-action
    at ignore-listed frames
 POST /_next/server 404 in 239ms (compile: 3ms, render: 236ms)
Error: Failed to find Server Action "x". This request might be from an older or newer deployment.
Read more: https://nextjs.org/docs/messages/failed-to-find-server-action
    at ignore-listed frames
 POST /app 404 in 229ms (compile: 3ms, render: 227ms)
Error: Failed to find Server Action "x". This request might be from an older or newer deployment.
Read more: https://nextjs.org/docs/messages/failed-to-find-server-action
    at ignore-listed frames
 POST /api/route 404 in 304ms (compile: 3ms, render: 301ms)
Error: Failed to find Server Action "x". This request might be from an older or newer deployment.
Read more: https://nextjs.org/docs/messages/failed-to-find-server-action
    at ignore-listed frames
 POST / 404 in 977ms (compile: 125ms, render: 852ms)
 GET /robots.txt 404 in 247ms (compile: 98ms, render: 148ms)
 GET / 200 in 51ms (compile: 13ms, render: 38ms)
 GET / 200 in 154ms (compile: 98ms, render: 56ms)
 GET / 200 in 42ms (compile: 7ms, render: 35ms)
Error: Failed to find Server Action "x". This request might be from an older or newer deployment.
Read more: https://nextjs.org/docs/messages/failed-to-find-server-action
    at ignore-listed frames
 POST / 404 in 454ms (compile: 99ms, render: 355ms)
Error: Failed to find Server Action "x". This request might be from an older or newer deployment.
Read more: https://nextjs.org/docs/messages/failed-to-find-server-action
    at ignore-listed frames
 POST /_next 404 in 251ms (compile: 5ms, render: 247ms)
Error: Failed to find Server Action "x". This request might be from an older or newer deployment.
Read more: https://nextjs.org/docs/messages/failed-to-find-server-action
    at ignore-listed frames
 POST /api 404 in 247ms (compile: 3ms, render: 243ms)
Error: Failed to find Server Action "x". This request might be from an older or newer deployment.
Read more: https://nextjs.org/docs/messages/failed-to-find-server-action
    at ignore-listed frames
 POST /_next/server 404 in 225ms (compile: 3ms, render: 222ms)
Error: Failed to find Server Action "x". This request might be from an older or newer deployment.
Read more: https://nextjs.org/docs/messages/failed-to-find-server-action
    at ignore-listed frames
 POST /app 404 in 305ms (compile: 3ms, render: 302ms)
Error: Failed to find Server Action "x". This request might be from an older or newer deployment.
Read more: https://nextjs.org/docs/messages/failed-to-find-server-action
    at ignore-listed frames
 POST /api/route 404 in 227ms (compile: 3ms, render: 224ms)
 GET / 200 in 253ms (compile: 111ms, render: 142ms)
Error: Failed to find Server Action "x". This request might be from an older or newer deployment.
Read more: https://nextjs.org/docs/messages/failed-to-find-server-action
    at ignore-listed frames
 POST / 404 in 515ms (compile: 86ms, render: 430ms)
Error: Failed to find Server Action "x". This request might be from an older or newer deployment.
Read more: https://nextjs.org/docs/messages/failed-to-find-server-action
    at ignore-listed frames
 POST /_next 404 in 260ms (compile: 6ms, render: 255ms)
Error: Failed to find Server Action "x". This request might be from an older or newer deployment.
Read more: https://nextjs.org/docs/messages/failed-to-find-server-action
    at ignore-listed frames
 POST /api 404 in 254ms (compile: 3ms, render: 251ms)
Error: Failed to find Server Action "x". This request might be from an older or newer deployment.
Read more: https://nextjs.org/docs/messages/failed-to-find-server-action
    at ignore-listed frames
 POST /_next/server 404 in 247ms (compile: 3ms, render: 243ms)
Error: Failed to find Server Action "x". This request might be from an older or newer deployment.
Read more: https://nextjs.org/docs/messages/failed-to-find-server-action
    at ignore-listed frames
 POST /app 404 in 248ms (compile: 3ms, render: 246ms)
Error: Failed to find Server Action "x". This request might be from an older or newer deployment.
Read more: https://nextjs.org/docs/messages/failed-to-find-server-action
    at ignore-listed frames
 POST /api/route 404 in 240ms (compile: 3ms, render: 237ms)
Error: Failed to find Server Action "x". This request might be from an older or newer deployment.
Read more: https://nextjs.org/docs/messages/failed-to-find-server-action
    at ignore-listed frames
 POST / 404 in 495ms (compile: 57ms, render: 438ms)
 GET /robots.txt 404 in 64ms (compile: 8ms, render: 57ms)
 GET / 200 in 55ms (compile: 10ms, render: 46ms)
Error: Failed to find Server Action "x". This request might be from an older or newer deployment.
Read more: https://nextjs.org/docs/messages/failed-to-find-server-action
    at ignore-listed frames
 POST / 404 in 275ms (compile: 5ms, render: 270ms)
Error: Failed to find Server Action "x". This request might be from an older or newer deployment.
Read more: https://nextjs.org/docs/messages/failed-to-find-server-action
    at ignore-listed frames
 POST /_next 404 in 259ms (compile: 4ms, render: 255ms)
Error: Failed to find Server Action "x". This request might be from an older or newer deployment.
Read more: https://nextjs.org/docs/messages/failed-to-find-server-action
    at ignore-listed frames
 POST /api 404 in 241ms (compile: 3ms, render: 238ms)
Error: Failed to find Server Action "x". This request might be from an older or newer deployment.
Read more: https://nextjs.org/docs/messages/failed-to-find-server-action
    at ignore-listed frames
 POST /_next/server 404 in 283ms (compile: 4ms, render: 279ms)
Error: Failed to find Server Action "x". This request might be from an older or newer deployment.
Read more: https://nextjs.org/docs/messages/failed-to-find-server-action
    at ignore-listed frames
 POST /app 404 in 247ms (compile: 3ms, render: 244ms)
Error: Failed to find Server Action "x". This request might be from an older or newer deployment.
Read more: https://nextjs.org/docs/messages/failed-to-find-server-action
    at ignore-listed frames
 POST /api/route 404 in 230ms (compile: 3ms, render: 227ms)
Error: Failed to find Server Action "x". This request might be from an older or newer deployment.
Read more: https://nextjs.org/docs/messages/failed-to-find-server-action
    at ignore-listed frames
 POST / 404 in 961ms (compile: 116ms, render: 846ms)
Error: Failed to find Server Action "x". This request might be from an older or newer deployment.
Read more: https://nextjs.org/docs/messages/failed-to-find-server-action
    at ignore-listed frames
 POST /_next 404 in 283ms (compile: 12ms, render: 271ms)
Error: Failed to find Server Action "x". This request might be from an older or newer deployment.
Read more: https://nextjs.org/docs/messages/failed-to-find-server-action
    at ignore-listed frames
 POST /api 404 in 228ms (compile: 3ms, render: 225ms)
Error: Failed to find Server Action "x". This request might be from an older or newer deployment.
Read more: https://nextjs.org/docs/messages/failed-to-find-server-action
    at ignore-listed frames
 POST /_next/server 404 in 272ms (compile: 3ms, render: 270ms)
Error: Failed to find Server Action "x". This request might be from an older or newer deployment.
Read more: https://nextjs.org/docs/messages/failed-to-find-server-action
    at ignore-listed frames
 POST /app 404 in 256ms (compile: 2ms, render: 253ms)
Error: Failed to find Server Action "x". This request might be from an older or newer deployment.
Read more: https://nextjs.org/docs/messages/failed-to-find-server-action
    at ignore-listed frames
 POST /api/route 404 in 298ms (compile: 36ms, render: 262ms)
 GET /robots.txt 404 in 965ms (compile: 110ms, render: 855ms)
 GET / 200 in 101ms (compile: 58ms, render: 43ms)
Error: Failed to find Server Action "x". This request might be from an older or newer deployment.
Read more: https://nextjs.org/docs/messages/failed-to-find-server-action
    at ignore-listed frames
 POST / 404 in 776ms (compile: 123ms, render: 653ms)
Error: Failed to find Server Action "x". This request might be from an older or newer deployment.
Read more: https://nextjs.org/docs/messages/failed-to-find-server-action
    at ignore-listed frames
 POST /_next 404 in 326ms (compile: 44ms, render: 283ms)
Error: Failed to find Server Action "x". This request might be from an older or newer deployment.
Read more: https://nextjs.org/docs/messages/failed-to-find-server-action
    at ignore-listed frames
 POST /api 404 in 302ms (compile: 3ms, render: 299ms)
Error: Failed to find Server Action "x". This request might be from an older or newer deployment.
Read more: https://nextjs.org/docs/messages/failed-to-find-server-action
    at ignore-listed frames
 POST /_next/server 404 in 261ms (compile: 3ms, render: 258ms)
Error: Failed to find Server Action "x". This request might be from an older or newer deployment.
Read more: https://nextjs.org/docs/messages/failed-to-find-server-action
    at ignore-listed frames
 POST /app 404 in 229ms (compile: 3ms, render: 227ms)
Error: Failed to find Server Action "x". This request might be from an older or newer deployment.
Read more: https://nextjs.org/docs/messages/failed-to-find-server-action
    at ignore-listed frames
 POST /api/route 404 in 223ms (compile: 5ms, render: 218ms)
 GET /robots.txt 404 in 518ms (compile: 106ms, render: 413ms)
 GET / 200 in 50ms (compile: 10ms, render: 39ms)
Error: Failed to find Server Action "x". This request might be from an older or newer deployment.
Read more: https://nextjs.org/docs/messages/failed-to-find-server-action
    at ignore-listed frames
 POST / 404 in 519ms (compile: 114ms, render: 405ms)
Error: Failed to find Server Action "1". This request might be from an older or newer deployment.
Read more: https://nextjs.org/docs/messages/failed-to-find-server-action
    at ignore-listed frames
 POST / 404 in 562ms (compile: 98ms, render: 464ms)
 GET /robots.txt 404 in 157ms (compile: 92ms, render: 65ms)
 GET / 200 in 51ms (compile: 10ms, render: 40ms)
Error: Failed to find Server Action "x". This request might be from an older or newer deployment.
Read more: https://nextjs.org/docs/messages/failed-to-find-server-action
    at ignore-listed frames
 POST / 404 in 530ms (compile: 105ms, render: 425ms)
Error: Failed to find Server Action "x". This request might be from an older or newer deployment.
Read more: https://nextjs.org/docs/messages/failed-to-find-server-action
    at ignore-listed frames
 POST / 404 in 432ms (compile: 18ms, render: 414ms)
Error: Failed to find Server Action "x". This request might be from an older or newer deployment.
Read more: https://nextjs.org/docs/messages/failed-to-find-server-action
    at ignore-listed frames
 POST /_next/data 404 in 263ms (compile: 4ms, render: 259ms)
Error: Failed to find Server Action "x". This request might be from an older or newer deployment.
Read more: https://nextjs.org/docs/messages/failed-to-find-server-action
    at ignore-listed frames
 POST /_next/refresh 404 in 230ms (compile: 3ms, render: 228ms)
Error: Failed to find Server Action "x". This request might be from an older or newer deployment.
Read more: https://nextjs.org/docs/messages/failed-to-find-server-action
    at ignore-listed frames
 POST /_next/redirect 404 in 281ms (compile: 3ms, render: 278ms)
Error: Failed to find Server Action "x". This request might be from an older or newer deployment.
Read more: https://nextjs.org/docs/messages/failed-to-find-server-action
    at ignore-listed frames
 POST /_next/turbopack/flight 404 in 250ms (compile: 3ms, render: 246ms)
Error: Failed to find Server Action "x". This request might be from an older or newer deployment.
Read more: https://nextjs.org/docs/messages/failed-to-find-server-action
    at ignore-listed frames
 POST /_next/webpack-hmr 404 in 220ms (compile: 3ms, render: 218ms)
Error: Failed to find Server Action "x". This request might be from an older or newer deployment.
Read more: https://nextjs.org/docs/messages/failed-to-find-server-action
    at ignore-listed frames
 POST /_next/server-actions 404 in 282ms (compile: 3ms, render: 280ms)
Error: Failed to find Server Action "x". This request might be from an older or newer deployment.
Read more: https://nextjs.org/docs/messages/failed-to-find-server-action
    at ignore-listed frames
 POST /_react/flight 404 in 237ms (compile: 2ms, render: 235ms)
Error: Failed to find Server Action "x". This request might be from an older or newer deployment.
Read more: https://nextjs.org/docs/messages/failed-to-find-server-action
    at ignore-listed frames
 POST /_next/flight 404 in 274ms (compile: 3ms, render: 271ms)
Error: Failed to find Server Action "x". This request might be from an older or newer deployment.
Read more: https://nextjs.org/docs/messages/failed-to-find-server-action
    at ignore-listed frames
 POST /_next/static 404 in 243ms (compile: 3ms, render: 240ms)
Error: Failed to find Server Action "x". This request might be from an older or newer deployment.
Read more: https://nextjs.org/docs/messages/failed-to-find-server-action
    at ignore-listed frames
 POST /_next/server 404 in 229ms (compile: 2ms, render: 227ms)
Error: Failed to find Server Action "x". This request might be from an older or newer deployment.
Read more: https://nextjs.org/docs/messages/failed-to-find-server-action
    at ignore-listed frames
 POST /_next/server/pages 404 in 297ms (compile: 3ms, render: 294ms)
Error: Failed to find Server Action "x". This request might be from an older or newer deployment.
Read more: https://nextjs.org/docs/messages/failed-to-find-server-action
    at ignore-listed frames
 POST /_next/server/chunks 404 in 227ms (compile: 2ms, render: 225ms)
Error: Failed to find Server Action "x". This request might be from an older or newer deployment.
Read more: https://nextjs.org/docs/messages/failed-to-find-server-action
    at ignore-listed frames
 POST /_next/server/app 404 in 311ms (compile: 3ms, render: 308ms)
Error: Failed to find Server Action "x". This request might be from an older or newer deployment.
Read more: https://nextjs.org/docs/messages/failed-to-find-server-action
    at ignore-listed frames
 POST /?_rsc=x 404 in 300ms (compile: 32ms, render: 268ms)
Error: Failed to find Server Action "x". This request might be from an older or newer deployment.
Read more: https://nextjs.org/docs/messages/failed-to-find-server-action
    at ignore-listed frames
 POST /?__flight__=1 404 in 287ms (compile: 4ms, render: 283ms)
Error: Failed to find Server Action "x". This request might be from an older or newer deployment.
Read more: https://nextjs.org/docs/messages/failed-to-find-server-action
    at ignore-listed frames
 POST /_react_server 404 in 300ms (compile: 4ms, render: 296ms)
Error: Failed to find Server Action "x". This request might be from an older or newer deployment.
Read more: https://nextjs.org/docs/messages/failed-to-find-server-action
    at ignore-listed frames
 POST / 404 in 657ms (compile: 113ms, render: 544ms)
Error: Failed to find Server Action "x". This request might be from an older or newer deployment.
Read more: https://nextjs.org/docs/messages/failed-to-find-server-action
    at ignore-listed frames
 POST /_next/data 404 in 987ms (compile: 461ms, render: 525ms)
Error: Failed to find Server Action "x". This request might be from an older or newer deployment.
Read more: https://nextjs.org/docs/messages/failed-to-find-server-action
    at ignore-listed frames
 POST /_next/refresh 404 in 250ms (compile: 6ms, render: 244ms)
Error: Failed to find Server Action "x". This request might be from an older or newer deployment.
Read more: https://nextjs.org/docs/messages/failed-to-find-server-action
    at ignore-listed frames
 POST /_next/redirect 404 in 267ms (compile: 3ms, render: 265ms)
Error: Failed to find Server Action "x". This request might be from an older or newer deployment.
Read more: https://nextjs.org/docs/messages/failed-to-find-server-action
    at ignore-listed frames
 POST /_next/turbopack/flight 404 in 242ms (compile: 3ms, render: 239ms)
Error: Failed to find Server Action "x". This request might be from an older or newer deployment.
Read more: https://nextjs.org/docs/messages/failed-to-find-server-action
    at ignore-listed frames
 POST /_next/webpack-hmr 404 in 257ms (compile: 2ms, render: 255ms)
Error: Failed to find Server Action "x". This request might be from an older or newer deployment.
Read more: https://nextjs.org/docs/messages/failed-to-find-server-action
    at ignore-listed frames
 POST /_next/server-actions 404 in 247ms (compile: 4ms, render: 243ms)
Error: Failed to find Server Action "x". This request might be from an older or newer deployment.
Read more: https://nextjs.org/docs/messages/failed-to-find-server-action
    at ignore-listed frames
 POST /_react/flight 404 in 231ms (compile: 3ms, render: 228ms)
Error: Failed to find Server Action "x". This request might be from an older or newer deployment.
Read more: https://nextjs.org/docs/messages/failed-to-find-server-action
    at ignore-listed frames
 POST /_next/flight 404 in 288ms (compile: 2ms, render: 286ms)
Error: Failed to find Server Action "x". This request might be from an older or newer deployment.
Read more: https://nextjs.org/docs/messages/failed-to-find-server-action
    at ignore-listed frames
 POST /_next/static 404 in 239ms (compile: 13ms, render: 226ms)
Error: Failed to find Server Action "x". This request might be from an older or newer deployment.
Read more: https://nextjs.org/docs/messages/failed-to-find-server-action
    at ignore-listed frames
 POST /_next/server 404 in 273ms (compile: 3ms, render: 270ms)
Error: Failed to find Server Action "x". This request might be from an older or newer deployment.
Read more: https://nextjs.org/docs/messages/failed-to-find-server-action
    at ignore-listed frames
 POST /_next/server/pages 404 in 235ms (compile: 3ms, render: 232ms)
Error: Failed to find Server Action "x". This request might be from an older or newer deployment.
Read more: https://nextjs.org/docs/messages/failed-to-find-server-action
    at ignore-listed frames
 POST /_next/server/chunks 404 in 218ms (compile: 2ms, render: 216ms)
Error: Failed to find Server Action "x". This request might be from an older or newer deployment.
Read more: https://nextjs.org/docs/messages/failed-to-find-server-action
    at ignore-listed frames
 POST /_next/server/app 404 in 277ms (compile: 2ms, render: 274ms)
Error: Failed to find Server Action "x". This request might be from an older or newer deployment.
Read more: https://nextjs.org/docs/messages/failed-to-find-server-action
    at ignore-listed frames
 POST /?_rsc=x 404 in 253ms (compile: 31ms, render: 222ms)
Error: Failed to find Server Action "x". This request might be from an older or newer deployment.
Read more: https://nextjs.org/docs/messages/failed-to-find-server-action
    at ignore-listed frames
 POST /?__flight__=1 404 in 224ms (compile: 4ms, render: 221ms)
Error: Failed to find Server Action "x". This request might be from an older or newer deployment.
Read more: https://nextjs.org/docs/messages/failed-to-find-server-action
    at ignore-listed frames
 POST /_react_server 404 in 254ms (compile: 2ms, render: 251ms)
 GET / 200 in 187ms (compile: 113ms, render: 74ms)
 GET / 200 in 37ms (compile: 5ms, render: 32ms)
 GET /v1/models 404 in 39ms (compile: 5ms, render: 34ms)
 GET /v1/models 404 in 37ms (compile: 6ms, render: 31ms)
 GET /v1/models 404 in 37ms (compile: 2ms, render: 34ms)
Error: Failed to find Server Action "x". This request might be from an older or newer deployment.
Read more: https://nextjs.org/docs/messages/failed-to-find-server-action
    at ignore-listed frames
 POST / 404 in 441ms (compile: 27ms, render: 414ms)
Error: Failed to find Server Action "x". This request might be from an older or newer deployment.
Read more: https://nextjs.org/docs/messages/failed-to-find-server-action
    at ignore-listed frames
 POST /_next/data 404 in 263ms (compile: 5ms, render: 258ms)
Error: Failed to find Server Action "x". This request might be from an older or newer deployment.
Read more: https://nextjs.org/docs/messages/failed-to-find-server-action
    at ignore-listed frames
 POST /_next/refresh 404 in 272ms (compile: 3ms, render: 270ms)
Error: Failed to find Server Action "x". This request might be from an older or newer deployment.
Read more: https://nextjs.org/docs/messages/failed-to-find-server-action
    at ignore-listed frames
 POST /_next/redirect 404 in 274ms (compile: 14ms, render: 261ms)
Error: Failed to find Server Action "x". This request might be from an older or newer deployment.
Read more: https://nextjs.org/docs/messages/failed-to-find-server-action
    at ignore-listed frames
 POST /_next/turbopack/flight 404 in 414ms (compile: 83ms, render: 331ms)
Error: Failed to find Server Action "x". This request might be from an older or newer deployment.
Read more: https://nextjs.org/docs/messages/failed-to-find-server-action
    at ignore-listed frames
 POST /_next/webpack-hmr 404 in 1994ms (compile: 1433ms, render: 561ms)
Error: Failed to find Server Action "x". This request might be from an older or newer deployment.
Read more: https://nextjs.org/docs/messages/failed-to-find-server-action
    at ignore-listed frames
 GET /my-stats?name=%E6%9C%A8%E5%A4%B4 200 in 87ms (compile: 24ms, render: 63ms)
 GET /my-stats?name=%E6%9C%A8%E5%A4%B4 200 in 43ms (compile: 7ms, render: 36ms)
Error: Failed to find Server Action "x". This request might be from an older or newer deployment.
Read more: https://nextjs.org/docs/messages/failed-to-find-server-action
    at ignore-listed frames
 POST / 404 in 395ms (compile: 6ms, render: 389ms)
Error: Failed to find Server Action "x". This request might be from an older or newer deployment.
Read more: https://nextjs.org/docs/messages/failed-to-find-server-action
    at ignore-listed frames
 POST /_next/data 404 in 257ms (compile: 5ms, render: 252ms)
Error: Failed to find Server Action "x". This request might be from an older or newer deployment.
Read more: https://nextjs.org/docs/messages/failed-to-find-server-action
    at ignore-listed frames
 POST /_next/refresh 404 in 326ms (compile: 4ms, render: 322ms)
Error: Failed to find Server Action "x". This request might be from an older or newer deployment.
Read more: https://nextjs.org/docs/messages/failed-to-find-server-action
    at ignore-listed frames
 POST /_next/redirect 404 in 290ms (compile: 3ms, render: 287ms)
Error: Failed to find Server Action "x". This request might be from an older or newer deployment.
Read more: https://nextjs.org/docs/messages/failed-to-find-server-action
    at ignore-listed frames
 POST /_next/turbopack/flight 404 in 226ms (compile: 4ms, render: 222ms)
Error: Failed to find Server Action "x". This request might be from an older or newer deployment.
Read more: https://nextjs.org/docs/messages/failed-to-find-server-action
    at ignore-listed frames
 POST /_next/webpack-hmr 404 in 242ms (compile: 3ms, render: 239ms)
Error: Failed to find Server Action "x". This request might be from an older or newer deployment.
Read more: https://nextjs.org/docs/messages/failed-to-find-server-action
    at ignore-listed frames
 POST /_next/server-actions 404 in 256ms (compile: 4ms, render: 253ms)
Error: Failed to find Server Action "x". This request might be from an older or newer deployment.
Read more: https://nextjs.org/docs/messages/failed-to-find-server-action
    at ignore-listed frames
 POST /_react/flight 404 in 278ms (compile: 3ms, render: 275ms)
Error: Failed to find Server Action "x". This request might be from an older or newer deployment.
Read more: https://nextjs.org/docs/messages/failed-to-find-server-action
    at ignore-listed frames
 POST /_next/flight 404 in 237ms (compile: 3ms, render: 234ms)
Error: Failed to find Server Action "x". This request might be from an older or newer deployment.
Read more: https://nextjs.org/docs/messages/failed-to-find-server-action
    at ignore-listed frames
 POST /_next/static 404 in 246ms (compile: 3ms, render: 243ms)
Error: Failed to find Server Action "x". This request might be from an older or newer deployment.
Read more: https://nextjs.org/docs/messages/failed-to-find-server-action
    at ignore-listed frames
 POST /_next/server 404 in 238ms (compile: 3ms, render: 235ms)
Error: Failed to find Server Action "x". This request might be from an older or newer deployment.
Read more: https://nextjs.org/docs/messages/failed-to-find-server-action
    at ignore-listed frames
 POST /_next/server/pages 404 in 290ms (compile: 3ms, render: 288ms)
Error: Failed to find Server Action "x". This request might be from an older or newer deployment.
Read more: https://nextjs.org/docs/messages/failed-to-find-server-action
    at ignore-listed frames
 POST /_next/server/chunks 404 in 231ms (compile: 2ms, render: 229ms)
Error: Failed to find Server Action "x". This request might be from an older or newer deployment.
Read more: https://nextjs.org/docs/messages/failed-to-find-server-action
    at ignore-listed frames
 POST /_next/server/app 404 in 261ms (compile: 2ms, render: 259ms)
Error: Failed to find Server Action "x". This request might be from an older or newer deployment.
Read more: https://nextjs.org/docs/messages/failed-to-find-server-action
    at ignore-listed frames
 POST /?_rsc=x 404 in 251ms (compile: 4ms, render: 247ms)
Error: Failed to find Server Action "x". This request might be from an older or newer deployment.
Read more: https://nextjs.org/docs/messages/failed-to-find-server-action
    at ignore-listed frames
 POST /?__flight__=1 404 in 250ms (compile: 4ms, render: 246ms)
Error: Failed to find Server Action "x". This request might be from an older or newer deployment.
Read more: https://nextjs.org/docs/messages/failed-to-find-server-action
    at ignore-listed frames
 POST /_react_server 404 in 260ms (compile: 2ms, render: 258ms)
Error: Failed to find Server Action "x". This request might be from an older or newer deployment.
Read more: https://nextjs.org/docs/messages/failed-to-find-server-action
    at ignore-listed frames
 POST / 404 in 501ms (compile: 11ms, render: 490ms)
Error: Failed to find Server Action "x". This request might be from an older or newer deployment.
Read more: https://nextjs.org/docs/messages/failed-to-find-server-action
    at ignore-listed frames
 POST /_next/data 404 in 280ms (compile: 3ms, render: 277ms)
Error: Failed to find Server Action "x". This request might be from an older or newer deployment.
Read more: https://nextjs.org/docs/messages/failed-to-find-server-action
    at ignore-listed frames
 POST /_next/refresh 404 in 239ms (compile: 3ms, render: 236ms)
Error: Failed to find Server Action "x". This request might be from an older or newer deployment.
Read more: https://nextjs.org/docs/messages/failed-to-find-server-action
    at ignore-listed frames
 POST /_next/redirect 404 in 283ms (compile: 3ms, render: 279ms)
Error: Failed to find Server Action "x". This request might be from an older or newer deployment.
Read more: https://nextjs.org/docs/messages/failed-to-find-server-action
    at ignore-listed frames
 POST /_next/turbopack/flight 404 in 255ms (compile: 3ms, render: 252ms)
Error: Failed to find Server Action "x". This request might be from an older or newer deployment.
Read more: https://nextjs.org/docs/messages/failed-to-find-server-action
    at ignore-listed frames
 POST /_next/webpack-hmr 404 in 215ms (compile: 3ms, render: 212ms)
Error: Failed to find Server Action "x". This request might be from an older or newer deployment.
Read more: https://nextjs.org/docs/messages/failed-to-find-server-action
    at ignore-listed frames
 POST /_next/server-actions 404 in 294ms (compile: 3ms, render: 291ms)
Error: Failed to find Server Action "x". This request might be from an older or newer deployment.
Read more: https://nextjs.org/docs/messages/failed-to-find-server-action
    at ignore-listed frames
 POST /_react/flight 404 in 229ms (compile: 3ms, render: 227ms)
Error: Failed to find Server Action "x". This request might be from an older or newer deployment.
Read more: https://nextjs.org/docs/messages/failed-to-find-server-action
    at ignore-listed frames
 POST /_next/flight 404 in 309ms (compile: 4ms, render: 306ms)
Error: Failed to find Server Action "x". This request might be from an older or newer deployment.
Read more: https://nextjs.org/docs/messages/failed-to-find-server-action
    at ignore-listed frames
 POST /_next/static 404 in 256ms (compile: 3ms, render: 253ms)
Error: Failed to find Server Action "x". This request might be from an older or newer deployment.
Read more: https://nextjs.org/docs/messages/failed-to-find-server-action
    at ignore-listed frames
 POST /_next/server 404 in 222ms (compile: 3ms, render: 219ms)
Error: Failed to find Server Action "x". This request might be from an older or newer deployment.
Read more: https://nextjs.org/docs/messages/failed-to-find-server-action
    at ignore-listed frames
 POST /_next/server/pages 404 in 276ms (compile: 3ms, render: 273ms)
Error: Failed to find Server Action "x". This request might be from an older or newer deployment.
Read more: https://nextjs.org/docs/messages/failed-to-find-server-action
    at ignore-listed frames
 POST /_next/server/chunks 404 in 290ms (compile: 3ms, render: 287ms)
Error: Failed to find Server Action "x". This request might be from an older or newer deployment.
Read more: https://nextjs.org/docs/messages/failed-to-find-server-action
    at ignore-listed frames
 POST /_next/server/app 404 in 245ms (compile: 3ms, render: 242ms)
Error: Failed to find Server Action "x". This request might be from an older or newer deployment.
Read more: https://nextjs.org/docs/messages/failed-to-find-server-action
    at ignore-listed frames
 POST /?_rsc=x 404 in 284ms (compile: 6ms, render: 278ms)
Error: Failed to find Server Action "x". This request might be from an older or newer deployment.
Read more: https://nextjs.org/docs/messages/failed-to-find-server-action
    at ignore-listed frames
 POST /?__flight__=1 404 in 224ms (compile: 4ms, render: 220ms)
Error: Failed to find Server Action "x". This request might be from an older or newer deployment.
Read more: https://nextjs.org/docs/messages/failed-to-find-server-action
    at ignore-listed frames
 POST /_react_server 404 in 288ms (compile: 3ms, render: 285ms)
Error: Failed to find Server Action "x". This request might be from an older or newer deployment.
Read more: https://nextjs.org/docs/messages/failed-to-find-server-action
    at ignore-listed frames
 POST / 404 in 245ms (compile: 5ms, render: 240ms)
Error: Failed to find Server Action "x". This request might be from an older or newer deployment.
Read more: https://nextjs.org/docs/messages/failed-to-find-server-action
    at ignore-listed frames
 POST /_next 404 in 249ms (compile: 4ms, render: 245ms)
Error: Failed to find Server Action "x". This request might be from an older or newer deployment.
Read more: https://nextjs.org/docs/messages/failed-to-find-server-action
    at ignore-listed frames
 POST /api 404 in 235ms (compile: 3ms, render: 233ms)
Error: Failed to find Server Action "x". This request might be from an older or newer deployment.
Read more: https://nextjs.org/docs/messages/failed-to-find-server-action
    at ignore-listed frames
 POST /_next/server 404 in 290ms (compile: 3ms, render: 287ms)
Error: Failed to find Server Action "x". This request might be from an older or newer deployment.
Read more: https://nextjs.org/docs/messages/failed-to-find-server-action
    at ignore-listed frames
 POST /app 404 in 269ms (compile: 3ms, render: 266ms)
 GET /oh5P 404 in 63ms (compile: 3ms, render: 60ms)
 GET /q4Gq 404 in 33ms (compile: 3ms, render: 30ms)
 GET /aab8 404 in 31ms (compile: 3ms, render: 28ms)
 GET /jquery-3.3.1.slim.min.js 404 in 34ms (compile: 3ms, render: 31ms)
 GET /aab9 404 in 32ms (compile: 3ms, render: 29ms)
 GET /jquery-3.3.2.slim.min.js 404 in 34ms (compile: 3ms, render: 31ms)
Error: Failed to find Server Action "x". This request might be from an older or newer deployment.
Read more: https://nextjs.org/docs/messages/failed-to-find-server-action
    at ignore-listed frames
 POST / 404 in 242ms (compile: 5ms, render: 237ms)
Error: Failed to find Server Action "x". This request might be from an older or newer deployment.
Read more: https://nextjs.org/docs/messages/failed-to-find-server-action
    at ignore-listed frames
 POST /_next/data 404 in 243ms (compile: 2ms, render: 240ms)
Error: Failed to find Server Action "x". This request might be from an older or newer deployment.
Read more: https://nextjs.org/docs/messages/failed-to-find-server-action
    at ignore-listed frames
 POST /_next/refresh 404 in 261ms (compile: 3ms, render: 258ms)
Error: Failed to find Server Action "x". This request might be from an older or newer deployment.
Read more: https://nextjs.org/docs/messages/failed-to-find-server-action
    at ignore-listed frames
 POST /_next/redirect 404 in 246ms (compile: 3ms, render: 243ms)
Error: Failed to find Server Action "x". This request might be from an older or newer deployment.
Read more: https://nextjs.org/docs/messages/failed-to-find-server-action
    at ignore-listed frames
 POST /_next/turbopack/flight 404 in 232ms (compile: 3ms, render: 228ms)
Error: Failed to find Server Action "x". This request might be from an older or newer deployment.
Read more: https://nextjs.org/docs/messages/failed-to-find-server-action
    at ignore-listed frames
 POST /_next/webpack-hmr 404 in 274ms (compile: 3ms, render: 271ms)
Error: Failed to find Server Action "x". This request might be from an older or newer deployment.
Read more: https://nextjs.org/docs/messages/failed-to-find-server-action
    at ignore-listed frames
 POST /_next/server-actions 404 in 261ms (compile: 2ms, render: 259ms)
Error: Failed to find Server Action "x". This request might be from an older or newer deployment.
Read more: https://nextjs.org/docs/messages/failed-to-find-server-action
    at ignore-listed frames
 POST /_react/flight 404 in 251ms (compile: 3ms, render: 248ms)
Error: Failed to find Server Action "x". This request might be from an older or newer deployment.
Read more: https://nextjs.org/docs/messages/failed-to-find-server-action
    at ignore-listed frames
 POST /_next/flight 404 in 257ms (compile: 3ms, render: 254ms)
Error: Failed to find Server Action "x". This request might be from an older or newer deployment.
Read more: https://nextjs.org/docs/messages/failed-to-find-server-action
    at ignore-listed frames
 POST /_next/static 404 in 227ms (compile: 3ms, render: 224ms)
Error: Failed to find Server Action "x". This request might be from an older or newer deployment.
Read more: https://nextjs.org/docs/messages/failed-to-find-server-action
    at ignore-listed frames
 POST /_next/server 404 in 228ms (compile: 3ms, render: 225ms)
Error: Failed to find Server Action "x". This request might be from an older or newer deployment.
Read more: https://nextjs.org/docs/messages/failed-to-find-server-action
    at ignore-listed frames
 POST /_next/server/pages 404 in 234ms (compile: 3ms, render: 232ms)
Error: Failed to find Server Action "x". This request might be from an older or newer deployment.
Read more: https://nextjs.org/docs/messages/failed-to-find-server-action
    at ignore-listed frames
 POST /_next/server/chunks 404 in 275ms (compile: 3ms, render: 272ms)
Error: Failed to find Server Action "x". This request might be from an older or newer deployment.
Read more: https://nextjs.org/docs/messages/failed-to-find-server-action
    at ignore-listed frames
 POST /_next/server/app 404 in 262ms (compile: 3ms, render: 259ms)
Error: Failed to find Server Action "x". This request might be from an older or newer deployment.
Read more: https://nextjs.org/docs/messages/failed-to-find-server-action
    at ignore-listed frames
 POST /?_rsc=x 404 in 246ms (compile: 4ms, render: 242ms)
Error: Failed to find Server Action "x". This request might be from an older or newer deployment.
Read more: https://nextjs.org/docs/messages/failed-to-find-server-action
    at ignore-listed frames
 POST /?__flight__=1 404 in 304ms (compile: 3ms, render: 301ms)
Error: Failed to find Server Action "x". This request might be from an older or newer deployment.
Read more: https://nextjs.org/docs/messages/failed-to-find-server-action
    at ignore-listed frames
 POST /_react_server 404 in 289ms (compile: 2ms, render: 286ms)
Error: Failed to find Server Action "x". This request might be from an older or newer deployment.
Read more: https://nextjs.org/docs/messages/failed-to-find-server-action
    at ignore-listed frames
 POST / 404 in 403ms (compile: 11ms, render: 392ms)
Error: Failed to find Server Action "x". This request might be from an older or newer deployment.
Read more: https://nextjs.org/docs/messages/failed-to-find-server-action
    at ignore-listed frames
 POST /_next/data 404 in 250ms (compile: 6ms, render: 244ms)
Error: Failed to find Server Action "x". This request might be from an older or newer deployment.
Read more: https://nextjs.org/docs/messages/failed-to-find-server-action
    at ignore-listed frames
 POST /_next/refresh 404 in 227ms (compile: 3ms, render: 224ms)
Error: Failed to find Server Action "x". This request might be from an older or newer deployment.
Read more: https://nextjs.org/docs/messages/failed-to-find-server-action
    at ignore-listed frames
 POST /_next/redirect 404 in 257ms (compile: 3ms, render: 255ms)
Error: Failed to find Server Action "x". This request might be from an older or newer deployment.
Read more: https://nextjs.org/docs/messages/failed-to-find-server-action
    at ignore-listed frames
 POST /_next/turbopack/flight 404 in 233ms (compile: 3ms, render: 230ms)
Error: Failed to find Server Action "x". This request might be from an older or newer deployment.
Read more: https://nextjs.org/docs/messages/failed-to-find-server-action
    at ignore-listed frames
 POST /_next/webpack-hmr 404 in 218ms (compile: 2ms, render: 215ms)
Error: Failed to find Server Action "x". This request might be from an older or newer deployment.
Read more: https://nextjs.org/docs/messages/failed-to-find-server-action
    at ignore-listed frames
 POST /_next/server-actions 404 in 324ms (compile: 3ms, render: 321ms)
Error: Failed to find Server Action "x". This request might be from an older or newer deployment.
Read more: https://nextjs.org/docs/messages/failed-to-find-server-action
    at ignore-listed frames
 POST /_react/flight 404 in 226ms (compile: 3ms, render: 223ms)
Error: Failed to find Server Action "x". This request might be from an older or newer deployment.
Read more: https://nextjs.org/docs/messages/failed-to-find-server-action
    at ignore-listed frames
 POST /_next/flight 404 in 244ms (compile: 2ms, render: 242ms)
Error: Failed to find Server Action "x". This request might be from an older or newer deployment.
Read more: https://nextjs.org/docs/messages/failed-to-find-server-action
    at ignore-listed frames
 POST /_next/static 404 in 232ms (compile: 3ms, render: 229ms)
Error: Failed to find Server Action "x". This request might be from an older or newer deployment.
Read more: https://nextjs.org/docs/messages/failed-to-find-server-action
    at ignore-listed frames
 POST /_next/server 404 in 219ms (compile: 3ms, render: 217ms)
Error: Failed to find Server Action "x". This request might be from an older or newer deployment.
Read more: https://nextjs.org/docs/messages/failed-to-find-server-action
    at ignore-listed frames
 POST /_next/server/pages 404 in 329ms (compile: 4ms, render: 325ms)
Error: Failed to find Server Action "x". This request might be from an older or newer deployment.
Read more: https://nextjs.org/docs/messages/failed-to-find-server-action
    at ignore-listed frames
 POST /_next/server/chunks 404 in 227ms (compile: 2ms, render: 224ms)
Error: Failed to find Server Action "x". This request might be from an older or newer deployment.
Read more: https://nextjs.org/docs/messages/failed-to-find-server-action
    at ignore-listed frames
 POST /_next/server/app 404 in 252ms (compile: 3ms, render: 250ms)
Error: Failed to find Server Action "x". This request might be from an older or newer deployment.
Read more: https://nextjs.org/docs/messages/failed-to-find-server-action
    at ignore-listed frames
 POST /?_rsc=x 404 in 242ms (compile: 4ms, render: 238ms)
Error: Failed to find Server Action "x". This request might be from an older or newer deployment.
Read more: https://nextjs.org/docs/messages/failed-to-find-server-action
    at ignore-listed frames
 POST /?__flight__=1 404 in 270ms (compile: 4ms, render: 266ms)
Error: Failed to find Server Action "x". This request might be from an older or newer deployment.
Read more: https://nextjs.org/docs/messages/failed-to-find-server-action
    at ignore-listed frames
 POST /_react_server 404 in 300ms (compile: 3ms, render: 297ms)
Error: Failed to find Server Action "x". This request might be from an older or newer deployment.
Read more: https://nextjs.org/docs/messages/failed-to-find-server-action
    at ignore-listed frames
 POST / 404 in 232ms (compile: 4ms, render: 228ms)
Error: Failed to find Server Action "x". This request might be from an older or newer deployment.
Read more: https://nextjs.org/docs/messages/failed-to-find-server-action
    at ignore-listed frames
 POST /_next/data 404 in 277ms (compile: 8ms, render: 269ms)
Error: Failed to find Server Action "x". This request might be from an older or newer deployment.
Read more: https://nextjs.org/docs/messages/failed-to-find-server-action
    at ignore-listed frames
 POST /_next/refresh 404 in 240ms (compile: 3ms, render: 237ms)
Error: Failed to find Server Action "x". This request might be from an older or newer deployment.
Read more: https://nextjs.org/docs/messages/failed-to-find-server-action
    at ignore-listed frames
 POST /_next/redirect 404 in 300ms (compile: 3ms, render: 298ms)
Error: Failed to find Server Action "x". This request might be from an older or newer deployment.
Read more: https://nextjs.org/docs/messages/failed-to-find-server-action
    at ignore-listed frames
 POST /_next/turbopack/flight 404 in 266ms (compile: 3ms, render: 263ms)
Error: Failed to find Server Action "x". This request might be from an older or newer deployment.
Read more: https://nextjs.org/docs/messages/failed-to-find-server-action
    at ignore-listed frames
 POST /_next/webpack-hmr 404 in 256ms (compile: 3ms, render: 253ms)
Error: Failed to find Server Action "x". This request might be from an older or newer deployment.
Read more: https://nextjs.org/docs/messages/failed-to-find-server-action
    at ignore-listed frames
 POST /_next/server-actions 404 in 241ms (compile: 3ms, render: 238ms)
Error: Failed to find Server Action "x". This request might be from an older or newer deployment.
Read more: https://nextjs.org/docs/messages/failed-to-find-server-action
    at ignore-listed frames
 POST /_react/flight 404 in 228ms (compile: 3ms, render: 225ms)
Error: Failed to find Server Action "x". This request might be from an older or newer deployment.
Read more: https://nextjs.org/docs/messages/failed-to-find-server-action
    at ignore-listed frames
 POST /_next/flight 404 in 285ms (compile: 3ms, render: 282ms)
Error: Failed to find Server Action "x". This request might be from an older or newer deployment.
Read more: https://nextjs.org/docs/messages/failed-to-find-server-action
    at ignore-listed frames
 POST /_next/static 404 in 240ms (compile: 2ms, render: 238ms)
Error: Failed to find Server Action "x". This request might be from an older or newer deployment.
Read more: https://nextjs.org/docs/messages/failed-to-find-server-action
    at ignore-listed frames
 POST /_next/server 404 in 249ms (compile: 3ms, render: 247ms)
Error: Failed to find Server Action "x". This request might be from an older or newer deployment.
Read more: https://nextjs.org/docs/messages/failed-to-find-server-action
    at ignore-listed frames
 POST /_next/server/pages 404 in 235ms (compile: 3ms, render: 232ms)
Error: Failed to find Server Action "x". This request might be from an older or newer deployment.
Read more: https://nextjs.org/docs/messages/failed-to-find-server-action
    at ignore-listed frames
 POST /_next/server/chunks 404 in 276ms (compile: 5ms, render: 271ms)
Error: Failed to find Server Action "x". This request might be from an older or newer deployment.
Read more: https://nextjs.org/docs/messages/failed-to-find-server-action
    at ignore-listed frames
 POST /_next/server/app 404 in 324ms (compile: 3ms, render: 321ms)
Error: Failed to find Server Action "x". This request might be from an older or newer deployment.
Read more: https://nextjs.org/docs/messages/failed-to-find-server-action
    at ignore-listed frames
 POST /?_rsc=x 404 in 238ms (compile: 4ms, render: 233ms)
Error: Failed to find Server Action "x". This request might be from an older or newer deployment.
Read more: https://nextjs.org/docs/messages/failed-to-find-server-action
    at ignore-listed frames
 POST /?__flight__=1 404 in 291ms (compile: 8ms, render: 283ms)
Error: Failed to find Server Action "x". This request might be from an older or newer deployment.
Read more: https://nextjs.org/docs/messages/failed-to-find-server-action
    at ignore-listed frames
 POST /_react_server 404 in 225ms (compile: 3ms, render: 222ms)
Error: Failed to find Server Action "x". This request might be from an older or newer deployment.
Read more: https://nextjs.org/docs/messages/failed-to-find-server-action
    at ignore-listed frames
 POST / 404 in 376ms (compile: 9ms, render: 367ms)
Error: Failed to find Server Action "x". This request might be from an older or newer deployment.
Read more: https://nextjs.org/docs/messages/failed-to-find-server-action
    at ignore-listed frames
 POST /_next/data 404 in 230ms (compile: 3ms, render: 227ms)
Error: Failed to find Server Action "x". This request might be from an older or newer deployment.
Read more: https://nextjs.org/docs/messages/failed-to-find-server-action
    at ignore-listed frames
 POST /_next/refresh 404 in 239ms (compile: 3ms, render: 236ms)
Error: Failed to find Server Action "x". This request might be from an older or newer deployment.
Read more: https://nextjs.org/docs/messages/failed-to-find-server-action
    at ignore-listed frames
 POST /_next/redirect 404 in 247ms (compile: 3ms, render: 244ms)
Error: Failed to find Server Action "x". This request might be from an older or newer deployment.
Read more: https://nextjs.org/docs/messages/failed-to-find-server-action
    at ignore-listed frames
 POST /_next/turbopack/flight 404 in 236ms (compile: 3ms, render: 233ms)
Error: Failed to find Server Action "x". This request might be from an older or newer deployment.
Read more: https://nextjs.org/docs/messages/failed-to-find-server-action
    at ignore-listed frames
 POST /_next/webpack-hmr 404 in 287ms (compile: 3ms, render: 284ms)
Error: Failed to find Server Action "x". This request might be from an older or newer deployment.
Read more: https://nextjs.org/docs/messages/failed-to-find-server-action
    at ignore-listed frames
 POST /_next/server-actions 404 in 231ms (compile: 3ms, render: 228ms)
Error: Failed to find Server Action "x". This request might be from an older or newer deployment.
Read more: https://nextjs.org/docs/messages/failed-to-find-server-action
    at ignore-listed frames
 POST /_react/flight 404 in 248ms (compile: 2ms, render: 245ms)
Error: Failed to find Server Action "x". This request might be from an older or newer deployment.
Read more: https://nextjs.org/docs/messages/failed-to-find-server-action
    at ignore-listed frames
 POST /_next/flight 404 in 235ms (compile: 4ms, render: 231ms)
Error: Failed to find Server Action "x". This request might be from an older or newer deployment.
Read more: https://nextjs.org/docs/messages/failed-to-find-server-action
    at ignore-listed frames
 POST /_next/static 404 in 225ms (compile: 3ms, render: 223ms)
Error: Failed to find Server Action "x". This request might be from an older or newer deployment.
Read more: https://nextjs.org/docs/messages/failed-to-find-server-action
    at ignore-listed frames
 POST /_next/server 404 in 302ms (compile: 3ms, render: 300ms)
Error: Failed to find Server Action "x". This request might be from an older or newer deployment.
Read more: https://nextjs.org/docs/messages/failed-to-find-server-action
    at ignore-listed frames
 POST /_next/server/pages 404 in 227ms (compile: 3ms, render: 224ms)
Error: Failed to find Server Action "x". This request might be from an older or newer deployment.
Read more: https://nextjs.org/docs/messages/failed-to-find-server-action
    at ignore-listed frames
 POST /_next/server/chunks 404 in 249ms (compile: 2ms, render: 247ms)
Error: Failed to find Server Action "x". This request might be from an older or newer deployment.
Read more: https://nextjs.org/docs/messages/failed-to-find-server-action
    at ignore-listed frames
 POST /_next/server/app 404 in 243ms (compile: 3ms, render: 241ms)
Error: Failed to find Server Action "x". This request might be from an older or newer deployment.
Read more: https://nextjs.org/docs/messages/failed-to-find-server-action
    at ignore-listed frames
 POST /?_rsc=x 404 in 226ms (compile: 4ms, render: 222ms)
Error: Failed to find Server Action "x". This request might be from an older or newer deployment.
Read more: https://nextjs.org/docs/messages/failed-to-find-server-action
    at ignore-listed frames
 POST /?__flight__=1 404 in 300ms (compile: 5ms, render: 294ms)
Error: Failed to find Server Action "x". This request might be from an older or newer deployment.
Read more: https://nextjs.org/docs/messages/failed-to-find-server-action
    at ignore-listed frames
 POST /_react_server 404 in 231ms (compile: 3ms, render: 228ms)
Error: Failed to find Server Action "x". This request might be from an older or newer deployment.
Read more: https://nextjs.org/docs/messages/failed-to-find-server-action
    at ignore-listed frames
 POST / 404 in 362ms (compile: 5ms, render: 357ms)
Error: Failed to find Server Action "x". This request might be from an older or newer deployment.
Read more: https://nextjs.org/docs/messages/failed-to-find-server-action
    at ignore-listed frames
 POST /_next/data 404 in 231ms (compile: 3ms, render: 229ms)
Error: Failed to find Server Action "x". This request might be from an older or newer deployment.
Read more: https://nextjs.org/docs/messages/failed-to-find-server-action
    at ignore-listed frames
 POST /_next/refresh 404 in 231ms (compile: 3ms, render: 229ms)
Error: Failed to find Server Action "x". This request might be from an older or newer deployment.
Read more: https://nextjs.org/docs/messages/failed-to-find-server-action
    at ignore-listed frames
 POST /_next/redirect 404 in 313ms (compile: 3ms, render: 310ms)
Error: Failed to find Server Action "x". This request might be from an older or newer deployment.
Read more: https://nextjs.org/docs/messages/failed-to-find-server-action
    at ignore-listed frames
 POST /_next/turbopack/flight 404 in 230ms (compile: 3ms, render: 228ms)
Error: Failed to find Server Action "x". This request might be from an older or newer deployment.
Read more: https://nextjs.org/docs/messages/failed-to-find-server-action
    at ignore-listed frames
 POST /_next/webpack-hmr 404 in 285ms (compile: 3ms, render: 282ms)
Error: Failed to find Server Action "x". This request might be from an older or newer deployment.
Read more: https://nextjs.org/docs/messages/failed-to-find-server-action
    at ignore-listed frames
 POST /_next/server-actions 404 in 287ms (compile: 3ms, render: 283ms)
Error: Failed to find Server Action "x". This request might be from an older or newer deployment.
Read more: https://nextjs.org/docs/messages/failed-to-find-server-action
    at ignore-listed frames
 POST /_react/flight 404 in 258ms (compile: 4ms, render: 255ms)
Error: Failed to find Server Action "x". This request might be from an older or newer deployment.
Read more: https://nextjs.org/docs/messages/failed-to-find-server-action
    at ignore-listed frames
 POST /_next/flight 404 in 235ms (compile: 2ms, render: 233ms)
Error: Failed to find Server Action "x". This request might be from an older or newer deployment.
Read more: https://nextjs.org/docs/messages/failed-to-find-server-action
    at ignore-listed frames
 POST /_next/static 404 in 215ms (compile: 2ms, render: 212ms)
Error: Failed to find Server Action "x". This request might be from an older or newer deployment.
Read more: https://nextjs.org/docs/messages/failed-to-find-server-action
    at ignore-listed frames
 POST /_next/server 404 in 255ms (compile: 3ms, render: 251ms)
Error: Failed to find Server Action "x". This request might be from an older or newer deployment.
Read more: https://nextjs.org/docs/messages/failed-to-find-server-action
    at ignore-listed frames
 POST /_next/server/pages 404 in 294ms (compile: 3ms, render: 292ms)
Error: Failed to find Server Action "x". This request might be from an older or newer deployment.
Read more: https://nextjs.org/docs/messages/failed-to-find-server-action
    at ignore-listed frames
 POST /_next/server/chunks 404 in 237ms (compile: 3ms, render: 234ms)
Error: Failed to find Server Action "x". This request might be from an older or newer deployment.
Read more: https://nextjs.org/docs/messages/failed-to-find-server-action
    at ignore-listed frames
 POST /_next/server/app 404 in 218ms (compile: 2ms, render: 216ms)
Error: Failed to find Server Action "x". This request might be from an older or newer deployment.
Read more: https://nextjs.org/docs/messages/failed-to-find-server-action
    at ignore-listed frames
 POST /?_rsc=x 404 in 285ms (compile: 4ms, render: 280ms)
Error: Failed to find Server Action "x". This request might be from an older or newer deployment.
Read more: https://nextjs.org/docs/messages/failed-to-find-server-action
    at ignore-listed frames
 POST /?__flight__=1 404 in 233ms (compile: 3ms, render: 230ms)
Error: Failed to find Server Action "x". This request might be from an older or newer deployment.
Read more: https://nextjs.org/docs/messages/failed-to-find-server-action
    at ignore-listed frames
 POST /_react_server 404 in 226ms (compile: 3ms, render: 223ms)
 GET / 200 in 66ms (compile: 19ms, render: 48ms)
 GET /robots.txt 404 in 39ms (compile: 3ms, render: 37ms)
 GET /sitemap.xml 404 in 33ms (compile: 2ms, render: 30ms)
 GET /config.json 404 in 34ms (compile: 3ms, render: 31ms)
 GET / 200 in 49ms (compile: 8ms, render: 41ms)
 GET /robots.txt 404 in 50ms (compile: 6ms, render: 44ms)
 GET / 200 in 51ms (compile: 12ms, render: 39ms)
 GET / 200 in 67ms (compile: 10ms, render: 56ms)
 GET / 200 in 90ms (compile: 9ms, render: 81ms)
 POST /sdk 404 in 104ms (compile: 39ms, render: 65ms)
 GET /nmaplowercheck1768412883 404 in 74ms (compile: 36ms, render: 39ms)
 GET /evox/about 404 in 41ms (compile: 3ms, render: 38ms)
 GET /HNAP1 404 in 34ms (compile: 3ms, render: 32ms)
 GET / 200 in 42ms (compile: 6ms, render: 36ms)
 GET / 200 in 46ms (compile: 5ms, render: 41ms)
Error: Failed to find Server Action "x". This request might be from an older or newer deployment.
Read more: https://nextjs.org/docs/messages/failed-to-find-server-action
    at ignore-listed frames
 POST / 404 in 311ms (compile: 7ms, render: 304ms)
Error: Failed to find Server Action "x". This request might be from an older or newer deployment.
Read more: https://nextjs.org/docs/messages/failed-to-find-server-action
    at ignore-listed frames
 POST /_next/data 404 in 289ms (compile: 9ms, render: 280ms)
Error: Failed to find Server Action "x". This request might be from an older or newer deployment.
Read more: https://nextjs.org/docs/messages/failed-to-find-server-action
    at ignore-listed frames
 POST /_next/refresh 404 in 235ms (compile: 3ms, render: 233ms)
Error: Failed to find Server Action "x". This request might be from an older or newer deployment.
Read more: https://nextjs.org/docs/messages/failed-to-find-server-action
    at ignore-listed frames
 POST /_next/redirect 404 in 257ms (compile: 2ms, render: 255ms)
Error: Failed to find Server Action "x". This request might be from an older or newer deployment.
Read more: https://nextjs.org/docs/messages/failed-to-find-server-action
    at ignore-listed frames
 POST /_next/turbopack/flight 404 in 245ms (compile: 3ms, render: 242ms)
Error: Failed to find Server Action "x". This request might be from an older or newer deployment.
Read more: https://nextjs.org/docs/messages/failed-to-find-server-action
    at ignore-listed frames
 POST /_next/webpack-hmr 404 in 238ms (compile: 3ms, render: 235ms)
Error: Failed to find Server Action "x". This request might be from an older or newer deployment.
Read more: https://nextjs.org/docs/messages/failed-to-find-server-action
    at ignore-listed frames
 POST /_next/server-actions 404 in 279ms (compile: 2ms, render: 277ms)
Error: Failed to find Server Action "x". This request might be from an older or newer deployment.
Read more: https://nextjs.org/docs/messages/failed-to-find-server-action
    at ignore-listed frames
 POST /_react/flight 404 in 243ms (compile: 3ms, render: 240ms)
Error: Failed to find Server Action "x". This request might be from an older or newer deployment.
Read more: https://nextjs.org/docs/messages/failed-to-find-server-action
    at ignore-listed frames
 POST /_next/flight 404 in 253ms (compile: 3ms, render: 250ms)
Error: Failed to find Server Action "x". This request might be from an older or newer deployment.
Read more: https://nextjs.org/docs/messages/failed-to-find-server-action
    at ignore-listed frames
 POST /_next/static 404 in 234ms (compile: 3ms, render: 232ms)
Error: Failed to find Server Action "x". This request might be from an older or newer deployment.
Read more: https://nextjs.org/docs/messages/failed-to-find-server-action
    at ignore-listed frames
 POST /_next/server 404 in 231ms (compile: 2ms, render: 228ms)
Error: Failed to find Server Action "x". This request might be from an older or newer deployment.
Read more: https://nextjs.org/docs/messages/failed-to-find-server-action
    at ignore-listed frames
 POST /_next/server/pages 404 in 285ms (compile: 2ms, render: 283ms)
Error: Failed to find Server Action "x". This request might be from an older or newer deployment.
Read more: https://nextjs.org/docs/messages/failed-to-find-server-action
    at ignore-listed frames
 POST /_next/server/chunks 404 in 230ms (compile: 2ms, render: 228ms)
Error: Failed to find Server Action "x". This request might be from an older or newer deployment.
Read more: https://nextjs.org/docs/messages/failed-to-find-server-action
    at ignore-listed frames
 POST /_next/server/app 404 in 261ms (compile: 2ms, render: 258ms)
Error: Failed to find Server Action "x". This request might be from an older or newer deployment.
Read more: https://nextjs.org/docs/messages/failed-to-find-server-action
    at ignore-listed frames
 POST /?_rsc=x 404 in 224ms (compile: 4ms, render: 220ms)
Error: Failed to find Server Action "x". This request might be from an older or newer deployment.
Read more: https://nextjs.org/docs/messages/failed-to-find-server-action
    at ignore-listed frames
 POST /?__flight__=1 404 in 231ms (compile: 5ms, render: 226ms)
Error: Failed to find Server Action "x". This request might be from an older or newer deployment.
Read more: https://nextjs.org/docs/messages/failed-to-find-server-action
    at ignore-listed frames
 POST /_react_server 404 in 283ms (compile: 2ms, render: 280ms)
 GET /sitemap.xml 404 in 56ms (compile: 5ms, render: 51ms)
 GET /sitemaps.xml 404 in 39ms (compile: 3ms, render: 36ms)
 GET /atom.xml 404 in 38ms (compile: 4ms, render: 34ms)
Error: Failed to find Server Action "x". This request might be from an older or newer deployment.
Read more: https://nextjs.org/docs/messages/failed-to-find-server-action
    at ignore-listed frames
 POST / 404 in 369ms (compile: 8ms, render: 361ms)
Error: Failed to find Server Action "x". This request might be from an older or newer deployment.
Read more: https://nextjs.org/docs/messages/failed-to-find-server-action
    at ignore-listed frames
 POST /_next/data 404 in 242ms (compile: 3ms, render: 239ms)
Error: Failed to find Server Action "x". This request might be from an older or newer deployment.
Read more: https://nextjs.org/docs/messages/failed-to-find-server-action
    at ignore-listed frames
 POST /_next/refresh 404 in 318ms (compile: 3ms, render: 315ms)
Error: Failed to find Server Action "x". This request might be from an older or newer deployment.
Read more: https://nextjs.org/docs/messages/failed-to-find-server-action
    at ignore-listed frames
 POST /_next/redirect 404 in 279ms (compile: 3ms, render: 276ms)
Error: Failed to find Server Action "x". This request might be from an older or newer deployment.
Read more: https://nextjs.org/docs/messages/failed-to-find-server-action
    at ignore-listed frames
 POST /_next/turbopack/flight 404 in 241ms (compile: 2ms, render: 239ms)
Error: Failed to find Server Action "x". This request might be from an older or newer deployment.
Read more: https://nextjs.org/docs/messages/failed-to-find-server-action
    at ignore-listed frames
 POST /_next/webpack-hmr 404 in 247ms (compile: 3ms, render: 244ms)
Error: Failed to find Server Action "x". This request might be from an older or newer deployment.
Read more: https://nextjs.org/docs/messages/failed-to-find-server-action
    at ignore-listed frames
 POST /_next/server-actions 404 in 234ms (compile: 4ms, render: 229ms)
Error: Failed to find Server Action "x". This request might be from an older or newer deployment.
Read more: https://nextjs.org/docs/messages/failed-to-find-server-action
    at ignore-listed frames
 POST /_react/flight 404 in 374ms (compile: 2ms, render: 371ms)
Error: Failed to find Server Action "x". This request might be from an older or newer deployment.
Read more: https://nextjs.org/docs/messages/failed-to-find-server-action
    at ignore-listed frames
 POST /_next/flight 404 in 269ms (compile: 3ms, render: 266ms)
Error: Failed to find Server Action "x". This request might be from an older or newer deployment.
Read more: https://nextjs.org/docs/messages/failed-to-find-server-action
    at ignore-listed frames
 POST /_next/static 404 in 255ms (compile: 3ms, render: 252ms)
Error: Failed to find Server Action "x". This request might be from an older or newer deployment.
Read more: https://nextjs.org/docs/messages/failed-to-find-server-action
    at ignore-listed frames
 POST /_next/server 404 in 236ms (compile: 3ms, render: 233ms)
Error: Failed to find Server Action "x". This request might be from an older or newer deployment.
Read more: https://nextjs.org/docs/messages/failed-to-find-server-action
    at ignore-listed frames
 POST /_next/server/pages 404 in 278ms (compile: 3ms, render: 276ms)
Error: Failed to find Server Action "x". This request might be from an older or newer deployment.
Read more: https://nextjs.org/docs/messages/failed-to-find-server-action
    at ignore-listed frames
 POST /_next/server/chunks 404 in 250ms (compile: 3ms, render: 247ms)
Error: Failed to find Server Action "x". This request might be from an older or newer deployment.
Read more: https://nextjs.org/docs/messages/failed-to-find-server-action
    at ignore-listed frames
 POST /_next/server/app 404 in 256ms (compile: 3ms, render: 253ms)
Error: Failed to find Server Action "x". This request might be from an older or newer deployment.
Read more: https://nextjs.org/docs/messages/failed-to-find-server-action
    at ignore-listed frames
 POST /?_rsc=x 404 in 249ms (compile: 4ms, render: 245ms)
Error: Failed to find Server Action "x". This request might be from an older or newer deployment.
Read more: https://nextjs.org/docs/messages/failed-to-find-server-action
    at ignore-listed frames
 POST /?__flight__=1 404 in 225ms (compile: 8ms, render: 216ms)
Error: Failed to find Server Action "x". This request might be from an older or newer deployment.
Read more: https://nextjs.org/docs/messages/failed-to-find-server-action
    at ignore-listed frames
 POST /_react_server 404 in 233ms (compile: 5ms, render: 228ms)
 GET /sitemap_index.xml 404 in 57ms (compile: 8ms, render: 49ms)
 GET /sitemap.txt 404 in 56ms (compile: 4ms, render: 52ms)
 GET /sitemap.xml.gz 404 in 41ms (compile: 3ms, render: 38ms)
 GET /sitemap.xml 404 in 42ms (compile: 4ms, render: 37ms)
 GET /atom.xml 404 in 51ms (compile: 3ms, render: 48ms)
 GET /sitemaps.xml 404 in 50ms (compile: 10ms, render: 40ms)
 GET /sitemap.xml.gz 404 in 36ms (compile: 3ms, render: 33ms)
 GET /sitemap_index.xml 404 in 49ms (compile: 3ms, render: 46ms)
 GET /sitemap.txt 404 in 34ms (compile: 3ms, render: 32ms)
Error: Failed to find Server Action "x". This request might be from an older or newer deployment.
Read more: https://nextjs.org/docs/messages/failed-to-find-server-action
    at ignore-listed frames
 POST / 404 in 392ms (compile: 11ms, render: 382ms)
Error: Failed to find Server Action "x". This request might be from an older or newer deployment.
Read more: https://nextjs.org/docs/messages/failed-to-find-server-action
    at ignore-listed frames
 POST /_next/data 404 in 301ms (compile: 3ms, render: 299ms)
Error: Failed to find Server Action "x". This request might be from an older or newer deployment.
Read more: https://nextjs.org/docs/messages/failed-to-find-server-action
    at ignore-listed frames
 POST /_next/refresh 404 in 327ms (compile: 2ms, render: 324ms)
Error: Failed to find Server Action "x". This request might be from an older or newer deployment.
Read more: https://nextjs.org/docs/messages/failed-to-find-server-action
    at ignore-listed frames
 POST /_next/redirect 404 in 241ms (compile: 2ms, render: 239ms)
Error: Failed to find Server Action "x". This request might be from an older or newer deployment.
Read more: https://nextjs.org/docs/messages/failed-to-find-server-action
    at ignore-listed frames
 POST /_next/turbopack/flight 404 in 232ms (compile: 2ms, render: 230ms)
Error: Failed to find Server Action "x". This request might be from an older or newer deployment.
Read more: https://nextjs.org/docs/messages/failed-to-find-server-action
    at ignore-listed frames
 POST /_next/webpack-hmr 404 in 221ms (compile: 3ms, render: 219ms)
Error: Failed to find Server Action "x". This request might be from an older or newer deployment.
Read more: https://nextjs.org/docs/messages/failed-to-find-server-action
    at ignore-listed frames
 POST /_next/server-actions 404 in 265ms (compile: 3ms, render: 262ms)
Error: Failed to find Server Action "x". This request might be from an older or newer deployment.
Read more: https://nextjs.org/docs/messages/failed-to-find-server-action
    at ignore-listed frames
 POST /_react/flight 404 in 266ms (compile: 2ms, render: 263ms)
Error: Failed to find Server Action "x". This request might be from an older or newer deployment.
Read more: https://nextjs.org/docs/messages/failed-to-find-server-action
    at ignore-listed frames
 POST /_next/flight 404 in 261ms (compile: 4ms, render: 258ms)
Error: Failed to find Server Action "x". This request might be from an older or newer deployment.
Read more: https://nextjs.org/docs/messages/failed-to-find-server-action
    at ignore-listed frames
 POST /_next/static 404 in 238ms (compile: 3ms, render: 234ms)
Error: Failed to find Server Action "x". This request might be from an older or newer deployment.
Read more: https://nextjs.org/docs/messages/failed-to-find-server-action
    at ignore-listed frames
 POST /_next/server 404 in 272ms (compile: 3ms, render: 269ms)
Error: Failed to find Server Action "x". This request might be from an older or newer deployment.
Read more: https://nextjs.org/docs/messages/failed-to-find-server-action
    at ignore-listed frames
 POST /_next/server/pages 404 in 243ms (compile: 3ms, render: 240ms)
Error: Failed to find Server Action "x". This request might be from an older or newer deployment.
Read more: https://nextjs.org/docs/messages/failed-to-find-server-action
    at ignore-listed frames
 POST /_next/server/chunks 404 in 222ms (compile: 2ms, render: 220ms)
Error: Failed to find Server Action "x". This request might be from an older or newer deployment.
Read more: https://nextjs.org/docs/messages/failed-to-find-server-action
    at ignore-listed frames
 POST /_next/server/app 404 in 285ms (compile: 2ms, render: 282ms)
Error: Failed to find Server Action "x". This request might be from an older or newer deployment.
Read more: https://nextjs.org/docs/messages/failed-to-find-server-action
    at ignore-listed frames
 POST /?_rsc=x 404 in 235ms (compile: 4ms, render: 232ms)
Error: Failed to find Server Action "x". This request might be from an older or newer deployment.
Read more: https://nextjs.org/docs/messages/failed-to-find-server-action
    at ignore-listed frames
 POST /?__flight__=1 404 in 239ms (compile: 4ms, render: 235ms)
Error: Failed to find Server Action "x". This request might be from an older or newer deployment.
Read more: https://nextjs.org/docs/messages/failed-to-find-server-action
    at ignore-listed frames
 POST /_react_server 404 in 259ms (compile: 2ms, render: 257ms)
Error: Failed to find Server Action "x". This request might be from an older or newer deployment.
Read more: https://nextjs.org/docs/messages/failed-to-find-server-action
    at ignore-listed frames
 POST /apps 404 in 278ms (compile: 3ms, render: 275ms)
Error: Failed to find Server Action "x". This request might be from an older or newer deployment.
Read more: https://nextjs.org/docs/messages/failed-to-find-server-action
    at ignore-listed frames
 POST / 404 in 397ms (compile: 10ms, render: 387ms)
Error: Failed to find Server Action "x". This request might be from an older or newer deployment.
Read more: https://nextjs.org/docs/messages/failed-to-find-server-action
    at ignore-listed frames
 POST /_next/data 404 in 244ms (compile: 4ms, render: 240ms)
Error: Failed to find Server Action "x". This request might be from an older or newer deployment.
Read more: https://nextjs.org/docs/messages/failed-to-find-server-action
    at ignore-listed frames
 POST /_next/refresh 404 in 236ms (compile: 2ms, render: 233ms)
Error: Failed to find Server Action "x". This request might be from an older or newer deployment.
Read more: https://nextjs.org/docs/messages/failed-to-find-server-action
    at ignore-listed frames
 POST /_next/redirect 404 in 268ms (compile: 2ms, render: 265ms)
Error: Failed to find Server Action "x". This request might be from an older or newer deployment.
Read more: https://nextjs.org/docs/messages/failed-to-find-server-action
    at ignore-listed frames
 POST /_next/turbopack/flight 404 in 240ms (compile: 3ms, render: 237ms)
Error: Failed to find Server Action "x". This request might be from an older or newer deployment.
Read more: https://nextjs.org/docs/messages/failed-to-find-server-action
    at ignore-listed frames
 POST /_next/webpack-hmr 404 in 278ms (compile: 3ms, render: 274ms)
Error: Failed to find Server Action "x". This request might be from an older or newer deployment.
Read more: https://nextjs.org/docs/messages/failed-to-find-server-action
    at ignore-listed frames
 POST /_next/server-actions 404 in 287ms (compile: 2ms, render: 284ms)
Error: Failed to find Server Action "x". This request might be from an older or newer deployment.
Read more: https://nextjs.org/docs/messages/failed-to-find-server-action
    at ignore-listed frames
 POST /_react/flight 404 in 320ms (compile: 3ms, render: 317ms)
Error: Failed to find Server Action "x". This request might be from an older or newer deployment.
Read more: https://nextjs.org/docs/messages/failed-to-find-server-action
    at ignore-listed frames
 POST /_next/flight 404 in 332ms (compile: 3ms, render: 328ms)
Error: Failed to find Server Action "x". This request might be from an older or newer deployment.
Read more: https://nextjs.org/docs/messages/failed-to-find-server-action
    at ignore-listed frames
 POST /_next/static 404 in 237ms (compile: 3ms, render: 234ms)
Error: Failed to find Server Action "x". This request might be from an older or newer deployment.
Read more: https://nextjs.org/docs/messages/failed-to-find-server-action
    at ignore-listed frames
 POST /_next/server 404 in 226ms (compile: 2ms, render: 224ms)
Error: Failed to find Server Action "x". This request might be from an older or newer deployment.
Read more: https://nextjs.org/docs/messages/failed-to-find-server-action
    at ignore-listed frames
 POST /_next/server/pages 404 in 322ms (compile: 3ms, render: 319ms)
Error: Failed to find Server Action "x". This request might be from an older or newer deployment.
Read more: https://nextjs.org/docs/messages/failed-to-find-server-action
    at ignore-listed frames
 POST /_next/server/chunks 404 in 244ms (compile: 3ms, render: 242ms)
Error: Failed to find Server Action "x". This request might be from an older or newer deployment.
Read more: https://nextjs.org/docs/messages/failed-to-find-server-action
    at ignore-listed frames
 POST /_next/server/app 404 in 256ms (compile: 3ms, render: 254ms)
Error: Failed to find Server Action "x". This request might be from an older or newer deployment.
Read more: https://nextjs.org/docs/messages/failed-to-find-server-action
    at ignore-listed frames
 POST /?_rsc=x 404 in 255ms (compile: 4ms, render: 250ms)
Error: Failed to find Server Action "x". This request might be from an older or newer deployment.
Read more: https://nextjs.org/docs/messages/failed-to-find-server-action
    at ignore-listed frames
 POST /?__flight__=1 404 in 227ms (compile: 5ms, render: 222ms)
Error: Failed to find Server Action "x". This request might be from an older or newer deployment.
Read more: https://nextjs.org/docs/messages/failed-to-find-server-action
    at ignore-listed frames
 POST /_react_server 404 in 317ms (compile: 2ms, render: 315ms)
Error: Failed to find Server Action "x". This request might be from an older or newer deployment.
Read more: https://nextjs.org/docs/messages/failed-to-find-server-action
    at ignore-listed frames
 POST /apps 404 in 241ms (compile: 2ms, render: 238ms)
 GET /evaluate?seed=17661263992115bbjsiamxwf&count=5 200 in 3.1s (compile: 28ms, render: 3.1s)
Error: Failed to find Server Action "x". This request might be from an older or newer deployment.
Read more: https://nextjs.org/docs/messages/failed-to-find-server-action
    at ignore-listed frames
 POST / 404 in 392ms (compile: 7ms, render: 385ms)
Error: Failed to find Server Action "x". This request might be from an older or newer deployment.
Read more: https://nextjs.org/docs/messages/failed-to-find-server-action
    at ignore-listed frames
 POST /_next/data 404 in 267ms (compile: 6ms, render: 261ms)
Error: Failed to find Server Action "x". This request might be from an older or newer deployment.
Read more: https://nextjs.org/docs/messages/failed-to-find-server-action
    at ignore-listed frames
 POST /_next/refresh 404 in 229ms (compile: 3ms, render: 227ms)
Error: Failed to find Server Action "x". This request might be from an older or newer deployment.
Read more: https://nextjs.org/docs/messages/failed-to-find-server-action
    at ignore-listed frames
 POST /_next/redirect 404 in 283ms (compile: 3ms, render: 280ms)
Error: Failed to find Server Action "x". This request might be from an older or newer deployment.
Read more: https://nextjs.org/docs/messages/failed-to-find-server-action
    at ignore-listed frames
 POST /_next/turbopack/flight 404 in 231ms (compile: 3ms, render: 229ms)
Error: Failed to find Server Action "x". This request might be from an older or newer deployment.
Read more: https://nextjs.org/docs/messages/failed-to-find-server-action
    at ignore-listed frames
 POST /_next/webpack-hmr 404 in 232ms (compile: 3ms, render: 230ms)
Error: Failed to find Server Action "x". This request might be from an older or newer deployment.
Read more: https://nextjs.org/docs/messages/failed-to-find-server-action
    at ignore-listed frames
 POST /_next/server-actions 404 in 301ms (compile: 3ms, render: 298ms)
Error: Failed to find Server Action "x". This request might be from an older or newer deployment.
Read more: https://nextjs.org/docs/messages/failed-to-find-server-action
    at ignore-listed frames
 POST /_react/flight 404 in 232ms (compile: 3ms, render: 230ms)
Error: Failed to find Server Action "x". This request might be from an older or newer deployment.
Read more: https://nextjs.org/docs/messages/failed-to-find-server-action
    at ignore-listed frames
 POST /_next/flight 404 in 255ms (compile: 2ms, render: 253ms)
Error: Failed to find Server Action "x". This request might be from an older or newer deployment.
Read more: https://nextjs.org/docs/messages/failed-to-find-server-action
    at ignore-listed frames
 POST /_next/static 404 in 234ms (compile: 4ms, render: 230ms)
Error: Failed to find Server Action "x". This request might be from an older or newer deployment.
Read more: https://nextjs.org/docs/messages/failed-to-find-server-action
    at ignore-listed frames
 POST /_next/server 404 in 281ms (compile: 3ms, render: 278ms)
Error: Failed to find Server Action "x". This request might be from an older or newer deployment.
Read more: https://nextjs.org/docs/messages/failed-to-find-server-action
    at ignore-listed frames
 POST /_next/server/pages 404 in 309ms (compile: 4ms, render: 305ms)
Error: Failed to find Server Action "x". This request might be from an older or newer deployment.
Read more: https://nextjs.org/docs/messages/failed-to-find-server-action
    at ignore-listed frames
 POST /_next/server/chunks 404 in 246ms (compile: 3ms, render: 243ms)
Error: Failed to find Server Action "x". This request might be from an older or newer deployment.
Read more: https://nextjs.org/docs/messages/failed-to-find-server-action
    at ignore-listed frames
 POST /_next/server/app 404 in 270ms (compile: 3ms, render: 267ms)
Error: Failed to find Server Action "x". This request might be from an older or newer deployment.
Read more: https://nextjs.org/docs/messages/failed-to-find-server-action
    at ignore-listed frames
 POST /?_rsc=x 404 in 240ms (compile: 4ms, render: 235ms)
Error: Failed to find Server Action "x". This request might be from an older or newer deployment.
Read more: https://nextjs.org/docs/messages/failed-to-find-server-action
    at ignore-listed frames
 POST /?__flight__=1 404 in 219ms (compile: 4ms, render: 215ms)
Error: Failed to find Server Action "x". This request might be from an older or newer deployment.
Read more: https://nextjs.org/docs/messages/failed-to-find-server-action
    at ignore-listed frames
 POST /_react_server 404 in 291ms (compile: 3ms, render: 288ms)
Error: Failed to find Server Action "x". This request might be from an older or newer deployment.
Read more: https://nextjs.org/docs/messages/failed-to-find-server-action
    at ignore-listed frames
 POST /apps 404 in 233ms (compile: 3ms, render: 230ms)
Error: Failed to find Server Action "x". This request might be from an older or newer deployment.
Read more: https://nextjs.org/docs/messages/failed-to-find-server-action
    at ignore-listed frames
 POST / 404 in 335ms (compile: 4ms, render: 332ms)
Error: Failed to find Server Action "x". This request might be from an older or newer deployment.
Read more: https://nextjs.org/docs/messages/failed-to-find-server-action
    at ignore-listed frames
 POST /_next/data 404 in 260ms (compile: 4ms, render: 256ms)
Error: Failed to find Server Action "x". This request might be from an older or newer deployment.
Read more: https://nextjs.org/docs/messages/failed-to-find-server-action
    at ignore-listed frames
 POST /_next/refresh 404 in 255ms (compile: 2ms, render: 253ms)
Error: Failed to find Server Action "x". This request might be from an older or newer deployment.
Read more: https://nextjs.org/docs/messages/failed-to-find-server-action
    at ignore-listed frames
 POST /_next/redirect 404 in 243ms (compile: 3ms, render: 241ms)
Error: Failed to find Server Action "x". This request might be from an older or newer deployment.
Read more: https://nextjs.org/docs/messages/failed-to-find-server-action
    at ignore-listed frames
 POST /_next/turbopack/flight 404 in 239ms (compile: 2ms, render: 237ms)
Error: Failed to find Server Action "x". This request might be from an older or newer deployment.
Read more: https://nextjs.org/docs/messages/failed-to-find-server-action
    at ignore-listed frames
 POST /_next/webpack-hmr 404 in 239ms (compile: 3ms, render: 237ms)
Error: Failed to find Server Action "x". This request might be from an older or newer deployment.
Read more: https://nextjs.org/docs/messages/failed-to-find-server-action
    at ignore-listed frames
 POST /_next/server-actions 404 in 271ms (compile: 3ms, render: 268ms)
Error: Failed to find Server Action "x". This request might be from an older or newer deployment.
Read more: https://nextjs.org/docs/messages/failed-to-find-server-action
    at ignore-listed frames
 POST /_react/flight 404 in 252ms (compile: 2ms, render: 250ms)
Error: Failed to find Server Action "x". This request might be from an older or newer deployment.
Read more: https://nextjs.org/docs/messages/failed-to-find-server-action
    at ignore-listed frames
 POST /_next/flight 404 in 264ms (compile: 3ms, render: 262ms)
Error: Failed to find Server Action "x". This request might be from an older or newer deployment.
Read more: https://nextjs.org/docs/messages/failed-to-find-server-action
    at ignore-listed frames
 POST /_next/static 404 in 220ms (compile: 3ms, render: 217ms)
Error: Failed to find Server Action "x". This request might be from an older or newer deployment.
Read more: https://nextjs.org/docs/messages/failed-to-find-server-action
    at ignore-listed frames
 POST /_next/server 404 in 244ms (compile: 4ms, render: 240ms)
Error: Failed to find Server Action "x". This request might be from an older or newer deployment.
Read more: https://nextjs.org/docs/messages/failed-to-find-server-action
    at ignore-listed frames
 POST /_next/server/pages 404 in 225ms (compile: 3ms, render: 223ms)
Error: Failed to find Server Action "x". This request might be from an older or newer deployment.
Read more: https://nextjs.org/docs/messages/failed-to-find-server-action
    at ignore-listed frames
 POST /_next/server/chunks 404 in 287ms (compile: 3ms, render: 285ms)
Error: Failed to find Server Action "x". This request might be from an older or newer deployment.
Read more: https://nextjs.org/docs/messages/failed-to-find-server-action
    at ignore-listed frames
 POST /_next/server/app 404 in 233ms (compile: 4ms, render: 228ms)
Error: Failed to find Server Action "x". This request might be from an older or newer deployment.
Read more: https://nextjs.org/docs/messages/failed-to-find-server-action
    at ignore-listed frames
 POST /?_rsc=x 404 in 268ms (compile: 4ms, render: 263ms)
Error: Failed to find Server Action "x". This request might be from an older or newer deployment.
Read more: https://nextjs.org/docs/messages/failed-to-find-server-action
    at ignore-listed frames
 POST /?__flight__=1 404 in 255ms (compile: 4ms, render: 251ms)
Error: Failed to find Server Action "x". This request might be from an older or newer deployment.
Read more: https://nextjs.org/docs/messages/failed-to-find-server-action
    at ignore-listed frames
 POST /_react_server 404 in 226ms (compile: 3ms, render: 224ms)
Error: Failed to find Server Action "x". This request might be from an older or newer deployment.
Read more: https://nextjs.org/docs/messages/failed-to-find-server-action
    at ignore-listed frames
 POST /apps 404 in 225ms (compile: 3ms, render: 223ms)
 GET /robots.txt 404 in 70ms (compile: 7ms, render: 64ms)
 GET /atom.xml 404 in 40ms (compile: 3ms, render: 36ms)
Error: Failed to find Server Action "x". This request might be from an older or newer deployment.
Read more: https://nextjs.org/docs/messages/failed-to-find-server-action
    at ignore-listed frames
 POST / 404 in 390ms (compile: 7ms, render: 383ms)
Error: Failed to find Server Action "x". This request might be from an older or newer deployment.
Read more: https://nextjs.org/docs/messages/failed-to-find-server-action
    at ignore-listed frames
 POST /_next/data 404 in 241ms (compile: 3ms, render: 238ms)
Error: Failed to find Server Action "x". This request might be from an older or newer deployment.
Read more: https://nextjs.org/docs/messages/failed-to-find-server-action
    at ignore-listed frames
 POST /_next/refresh 404 in 253ms (compile: 3ms, render: 250ms)
Error: Failed to find Server Action "x". This request might be from an older or newer deployment.
Read more: https://nextjs.org/docs/messages/failed-to-find-server-action
    at ignore-listed frames
 POST /_next/redirect 404 in 241ms (compile: 3ms, render: 239ms)
Error: Failed to find Server Action "x". This request might be from an older or newer deployment.
Read more: https://nextjs.org/docs/messages/failed-to-find-server-action
    at ignore-listed frames
 POST /_next/turbopack/flight 404 in 235ms (compile: 3ms, render: 232ms)
Error: Failed to find Server Action "x". This request might be from an older or newer deployment.
Read more: https://nextjs.org/docs/messages/failed-to-find-server-action
    at ignore-listed frames
 POST /_next/webpack-hmr 404 in 305ms (compile: 3ms, render: 302ms)
Error: Failed to find Server Action "x". This request might be from an older or newer deployment.
Read more: https://nextjs.org/docs/messages/failed-to-find-server-action
    at ignore-listed frames
 POST /_next/server-actions 404 in 242ms (compile: 3ms, render: 239ms)
Error: Failed to find Server Action "x". This request might be from an older or newer deployment.
Read more: https://nextjs.org/docs/messages/failed-to-find-server-action
    at ignore-listed frames
 POST /_react/flight 404 in 279ms (compile: 3ms, render: 276ms)
Error: Failed to find Server Action "x". This request might be from an older or newer deployment.
Read more: https://nextjs.org/docs/messages/failed-to-find-server-action
    at ignore-listed frames
 POST /_next/flight 404 in 260ms (compile: 3ms, render: 257ms)
Error: Failed to find Server Action "x". This request might be from an older or newer deployment.
Read more: https://nextjs.org/docs/messages/failed-to-find-server-action
    at ignore-listed frames
 POST /_next/static 404 in 270ms (compile: 3ms, render: 267ms)
Error: Failed to find Server Action "x". This request might be from an older or newer deployment.
Read more: https://nextjs.org/docs/messages/failed-to-find-server-action
    at ignore-listed frames
 POST /_next/server 404 in 277ms (compile: 3ms, render: 274ms)
Error: Failed to find Server Action "x". This request might be from an older or newer deployment.
Read more: https://nextjs.org/docs/messages/failed-to-find-server-action
    at ignore-listed frames
 POST /_next/server/pages 404 in 232ms (compile: 4ms, render: 229ms)
Error: Failed to find Server Action "x". This request might be from an older or newer deployment.
Read more: https://nextjs.org/docs/messages/failed-to-find-server-action
    at ignore-listed frames
 POST /_next/server/chunks 404 in 260ms (compile: 3ms, render: 258ms)
Error: Failed to find Server Action "x". This request might be from an older or newer deployment.
Read more: https://nextjs.org/docs/messages/failed-to-find-server-action
    at ignore-listed frames
 POST /_next/server/app 404 in 253ms (compile: 4ms, render: 250ms)
Error: Failed to find Server Action "x". This request might be from an older or newer deployment.
Read more: https://nextjs.org/docs/messages/failed-to-find-server-action
    at ignore-listed frames
 POST /?_rsc=x 404 in 232ms (compile: 4ms, render: 228ms)
Error: Failed to find Server Action "x". This request might be from an older or newer deployment.
Read more: https://nextjs.org/docs/messages/failed-to-find-server-action
    at ignore-listed frames
 POST /?__flight__=1 404 in 315ms (compile: 4ms, render: 310ms)
Error: Failed to find Server Action "x". This request might be from an older or newer deployment.
Read more: https://nextjs.org/docs/messages/failed-to-find-server-action
    at ignore-listed frames
 POST /_react_server 404 in 277ms (compile: 3ms, render: 274ms)
Error: Failed to find Server Action "x". This request might be from an older or newer deployment.
Read more: https://nextjs.org/docs/messages/failed-to-find-server-action
    at ignore-listed frames
 POST /apps 404 in 250ms (compile: 3ms, render: 246ms)
 GET /sitemap.txt 404 in 33ms (compile: 3ms, render: 30ms)
Error: Failed to find Server Action "x". This request might be from an older or newer deployment.
Read more: https://nextjs.org/docs/messages/failed-to-find-server-action
    at ignore-listed frames
 POST / 404 in 260ms (compile: 5ms, render: 255ms)
Error: Failed to find Server Action "x". This request might be from an older or newer deployment.
Read more: https://nextjs.org/docs/messages/failed-to-find-server-action
    at ignore-listed frames
 POST /_next/data 404 in 247ms (compile: 3ms, render: 244ms)
Error: Failed to find Server Action "x". This request might be from an older or newer deployment.
Read more: https://nextjs.org/docs/messages/failed-to-find-server-action
    at ignore-listed frames
 POST /_next/refresh 404 in 317ms (compile: 3ms, render: 314ms)
Error: Failed to find Server Action "x". This request might be from an older or newer deployment.
Read more: https://nextjs.org/docs/messages/failed-to-find-server-action
    at ignore-listed frames
 POST /_next/redirect 404 in 241ms (compile: 3ms, render: 238ms)
Error: Failed to find Server Action "x". This request might be from an older or newer deployment.
Read more: https://nextjs.org/docs/messages/failed-to-find-server-action
    at ignore-listed frames
 POST /_next/turbopack/flight 404 in 232ms (compile: 3ms, render: 230ms)
Error: Failed to find Server Action "x". This request might be from an older or newer deployment.
Read more: https://nextjs.org/docs/messages/failed-to-find-server-action
    at ignore-listed frames
 POST /_next/webpack-hmr 404 in 291ms (compile: 3ms, render: 288ms)
Error: Failed to find Server Action "x". This request might be from an older or newer deployment.
Read more: https://nextjs.org/docs/messages/failed-to-find-server-action
    at ignore-listed frames
 POST /_next/server-actions 404 in 254ms (compile: 4ms, render: 250ms)
Error: Failed to find Server Action "x". This request might be from an older or newer deployment.
Read more: https://nextjs.org/docs/messages/failed-to-find-server-action
    at ignore-listed frames
 POST /_react/flight 404 in 289ms (compile: 4ms, render: 285ms)
Error: Failed to find Server Action "x". This request might be from an older or newer deployment.
Read more: https://nextjs.org/docs/messages/failed-to-find-server-action
    at ignore-listed frames
 POST /_next/flight 404 in 275ms (compile: 3ms, render: 271ms)
Error: Failed to find Server Action "x". This request might be from an older or newer deployment.
Read more: https://nextjs.org/docs/messages/failed-to-find-server-action
    at ignore-listed frames
 POST /_next/static 404 in 255ms (compile: 3ms, render: 252ms)
Error: Failed to find Server Action "x". This request might be from an older or newer deployment.
Read more: https://nextjs.org/docs/messages/failed-to-find-server-action
    at ignore-listed frames
 POST /_next/server 404 in 289ms (compile: 4ms, render: 285ms)
Error: Failed to find Server Action "x". This request might be from an older or newer deployment.
Read more: https://nextjs.org/docs/messages/failed-to-find-server-action
    at ignore-listed frames
 POST /_next/server/pages 404 in 239ms (compile: 3ms, render: 236ms)
Error: Failed to find Server Action "x". This request might be from an older or newer deployment.
Read more: https://nextjs.org/docs/messages/failed-to-find-server-action
    at ignore-listed frames
 POST /_next/server/chunks 404 in 250ms (compile: 2ms, render: 248ms)
Error: Failed to find Server Action "x". This request might be from an older or newer deployment.
Read more: https://nextjs.org/docs/messages/failed-to-find-server-action
    at ignore-listed frames
 POST /_next/server/app 404 in 239ms (compile: 3ms, render: 236ms)
Error: Failed to find Server Action "x". This request might be from an older or newer deployment.
Read more: https://nextjs.org/docs/messages/failed-to-find-server-action
    at ignore-listed frames
 POST /?_rsc=x 404 in 231ms (compile: 4ms, render: 228ms)
Error: Failed to find Server Action "x". This request might be from an older or newer deployment.
Read more: https://nextjs.org/docs/messages/failed-to-find-server-action
    at ignore-listed frames
 POST /?__flight__=1 404 in 298ms (compile: 4ms, render: 295ms)
Error: Failed to find Server Action "x". This request might be from an older or newer deployment.
Read more: https://nextjs.org/docs/messages/failed-to-find-server-action
    at ignore-listed frames
 POST /_react_server 404 in 232ms (compile: 3ms, render: 229ms)
Error: Failed to find Server Action "x". This request might be from an older or newer deployment.
Read more: https://nextjs.org/docs/messages/failed-to-find-server-action
    at ignore-listed frames
 POST /apps 404 in 265ms (compile: 3ms, render: 262ms)
 GET /sitemaps.xml 404 in 43ms (compile: 4ms, render: 39ms)
 GET /atom.xml 404 in 35ms (compile: 3ms, render: 32ms)
 GET /sitemap.xml 404 in 34ms (compile: 3ms, render: 31ms)
Error: Failed to find Server Action "x". This request might be from an older or newer deployment.
Read more: https://nextjs.org/docs/messages/failed-to-find-server-action
    at ignore-listed frames
 POST / 404 in 384ms (compile: 6ms, render: 377ms)
Error: Failed to find Server Action "x". This request might be from an older or newer deployment.
Read more: https://nextjs.org/docs/messages/failed-to-find-server-action
    at ignore-listed frames
 POST /_next/data 404 in 275ms (compile: 3ms, render: 271ms)
Error: Failed to find Server Action "x". This request might be from an older or newer deployment.
Read more: https://nextjs.org/docs/messages/failed-to-find-server-action
    at ignore-listed frames
 POST /_next/refresh 404 in 260ms (compile: 3ms, render: 257ms)
Error: Failed to find Server Action "x". This request might be from an older or newer deployment.
Read more: https://nextjs.org/docs/messages/failed-to-find-server-action
    at ignore-listed frames
 POST /_next/redirect 404 in 263ms (compile: 3ms, render: 260ms)
Error: Failed to find Server Action "x". This request might be from an older or newer deployment.
Read more: https://nextjs.org/docs/messages/failed-to-find-server-action
    at ignore-listed frames
 POST /_next/turbopack/flight 404 in 232ms (compile: 3ms, render: 229ms)
Error: Failed to find Server Action "x". This request might be from an older or newer deployment.
Read more: https://nextjs.org/docs/messages/failed-to-find-server-action
    at ignore-listed frames
 POST /_next/webpack-hmr 404 in 228ms (compile: 3ms, render: 225ms)
Error: Failed to find Server Action "x". This request might be from an older or newer deployment.
Read more: https://nextjs.org/docs/messages/failed-to-find-server-action
    at ignore-listed frames
 POST /_next/server-actions 404 in 280ms (compile: 3ms, render: 278ms)
Error: Failed to find Server Action "x". This request might be from an older or newer deployment.
Read more: https://nextjs.org/docs/messages/failed-to-find-server-action
    at ignore-listed frames
 POST /_react/flight 404 in 226ms (compile: 2ms, render: 224ms)
Error: Failed to find Server Action "x". This request might be from an older or newer deployment.
Read more: https://nextjs.org/docs/messages/failed-to-find-server-action
    at ignore-listed frames
 POST /_next/flight 404 in 244ms (compile: 2ms, render: 242ms)
Error: Failed to find Server Action "x". This request might be from an older or newer deployment.
Read more: https://nextjs.org/docs/messages/failed-to-find-server-action
    at ignore-listed frames
 POST /_next/static 404 in 245ms (compile: 3ms, render: 242ms)
Error: Failed to find Server Action "x". This request might be from an older or newer deployment.
Read more: https://nextjs.org/docs/messages/failed-to-find-server-action
    at ignore-listed frames
 POST /_next/server 404 in 215ms (compile: 2ms, render: 213ms)
Error: Failed to find Server Action "x". This request might be from an older or newer deployment.
Read more: https://nextjs.org/docs/messages/failed-to-find-server-action
    at ignore-listed frames
 POST /_next/server/pages 404 in 297ms (compile: 3ms, render: 294ms)
Error: Failed to find Server Action "x". This request might be from an older or newer deployment.
Read more: https://nextjs.org/docs/messages/failed-to-find-server-action
    at ignore-listed frames
 POST /_next/server/chunks 404 in 224ms (compile: 3ms, render: 221ms)
Error: Failed to find Server Action "x". This request might be from an older or newer deployment.
Read more: https://nextjs.org/docs/messages/failed-to-find-server-action
    at ignore-listed frames
 POST /_next/server/app 404 in 270ms (compile: 2ms, render: 268ms)
Error: Failed to find Server Action "x". This request might be from an older or newer deployment.
Read more: https://nextjs.org/docs/messages/failed-to-find-server-action
    at ignore-listed frames
 POST /?_rsc=x 404 in 232ms (compile: 4ms, render: 228ms)
Error: Failed to find Server Action "x". This request might be from an older or newer deployment.
Read more: https://nextjs.org/docs/messages/failed-to-find-server-action
    at ignore-listed frames
 POST /?__flight__=1 404 in 215ms (compile: 4ms, render: 211ms)
Error: Failed to find Server Action "x". This request might be from an older or newer deployment.
Read more: https://nextjs.org/docs/messages/failed-to-find-server-action
    at ignore-listed frames
 POST /_react_server 404 in 276ms (compile: 3ms, render: 273ms)
Error: Failed to find Server Action "x". This request might be from an older or newer deployment.
Read more: https://nextjs.org/docs/messages/failed-to-find-server-action
    at ignore-listed frames
 POST /apps 404 in 245ms (compile: 3ms, render: 242ms)
 GET /sitemap.xml.gz 404 in 82ms (compile: 4ms, render: 79ms)
 GET / 200 in 45ms (compile: 9ms, render: 36ms)
 GET /sitemaps.xml 404 in 31ms (compile: 3ms, render: 29ms)
 GET / 200 in 36ms (compile: 4ms, render: 32ms)
 GET / 200 in 33ms (compile: 5ms, render: 28ms)
 GET /sitemap.xml 404 in 34ms (compile: 3ms, render: 31ms)
 GET /sitemap_index.xml 404 in 36ms (compile: 2ms, render: 33ms)
 GET /sitemap.xml.gz 404 in 31ms (compile: 3ms, render: 28ms)
 GET /sitemap_index.xml 404 in 45ms (compile: 5ms, render: 41ms)
Error: Failed to find Server Action "x". This request might be from an older or newer deployment.
Read more: https://nextjs.org/docs/messages/failed-to-find-server-action
    at ignore-listed frames
 POST / 404 in 278ms (compile: 10ms, render: 268ms)
Error: Failed to find Server Action "x". This request might be from an older or newer deployment.
Read more: https://nextjs.org/docs/messages/failed-to-find-server-action
    at ignore-listed frames
 POST /_next/data 404 in 247ms (compile: 3ms, render: 244ms)
Error: Failed to find Server Action "x". This request might be from an older or newer deployment.
Read more: https://nextjs.org/docs/messages/failed-to-find-server-action
    at ignore-listed frames
 POST /_next/refresh 404 in 241ms (compile: 3ms, render: 239ms)
Error: Failed to find Server Action "x". This request might be from an older or newer deployment.
Read more: https://nextjs.org/docs/messages/failed-to-find-server-action
    at ignore-listed frames
 POST /_next/redirect 404 in 225ms (compile: 2ms, render: 223ms)
Error: Failed to find Server Action "x". This request might be from an older or newer deployment.
Read more: https://nextjs.org/docs/messages/failed-to-find-server-action
    at ignore-listed frames
 POST /_next/turbopack/flight 404 in 298ms (compile: 3ms, render: 295ms)
Error: Failed to find Server Action "x". This request might be from an older or newer deployment.
Read more: https://nextjs.org/docs/messages/failed-to-find-server-action
    at ignore-listed frames
 POST /_next/webpack-hmr 404 in 254ms (compile: 2ms, render: 251ms)
Error: Failed to find Server Action "x". This request might be from an older or newer deployment.
Read more: https://nextjs.org/docs/messages/failed-to-find-server-action
    at ignore-listed frames
 POST /_next/server-actions 404 in 319ms (compile: 4ms, render: 315ms)
Error: Failed to find Server Action "x". This request might be from an older or newer deployment.
Read more: https://nextjs.org/docs/messages/failed-to-find-server-action
    at ignore-listed frames
 POST /_react/flight 404 in 276ms (compile: 3ms, render: 273ms)
Error: Failed to find Server Action "x". This request might be from an older or newer deployment.
Read more: https://nextjs.org/docs/messages/failed-to-find-server-action
    at ignore-listed frames
 POST /_next/flight 404 in 243ms (compile: 3ms, render: 240ms)
Error: Failed to find Server Action "x". This request might be from an older or newer deployment.
Read more: https://nextjs.org/docs/messages/failed-to-find-server-action
    at ignore-listed frames
 POST /_next/static 404 in 227ms (compile: 3ms, render: 224ms)
Error: Failed to find Server Action "x". This request might be from an older or newer deployment.
Read more: https://nextjs.org/docs/messages/failed-to-find-server-action
    at ignore-listed frames
 POST /_next/server 404 in 225ms (compile: 2ms, render: 222ms)
Error: Failed to find Server Action "x". This request might be from an older or newer deployment.
Read more: https://nextjs.org/docs/messages/failed-to-find-server-action
    at ignore-listed frames
 POST /_next/server/pages 404 in 275ms (compile: 3ms, render: 272ms)
Error: Failed to find Server Action "x". This request might be from an older or newer deployment.
Read more: https://nextjs.org/docs/messages/failed-to-find-server-action
    at ignore-listed frames
 POST /_next/server/chunks 404 in 247ms (compile: 3ms, render: 244ms)
Error: Failed to find Server Action "x". This request might be from an older or newer deployment.
Read more: https://nextjs.org/docs/messages/failed-to-find-server-action
    at ignore-listed frames
 POST /_next/server/app 404 in 238ms (compile: 3ms, render: 235ms)
Error: Failed to find Server Action "x". This request might be from an older or newer deployment.
Read more: https://nextjs.org/docs/messages/failed-to-find-server-action
    at ignore-listed frames
 POST /?_rsc=x 404 in 295ms (compile: 5ms, render: 290ms)
Error: Failed to find Server Action "x". This request might be from an older or newer deployment.
Read more: https://nextjs.org/docs/messages/failed-to-find-server-action
    at ignore-listed frames
 POST /?__flight__=1 404 in 252ms (compile: 6ms, render: 246ms)
Error: Failed to find Server Action "x". This request might be from an older or newer deployment.
Read more: https://nextjs.org/docs/messages/failed-to-find-server-action
    at ignore-listed frames
 POST /_react_server 404 in 225ms (compile: 3ms, render: 222ms)
Error: Failed to find Server Action "x". This request might be from an older or newer deployment.
Read more: https://nextjs.org/docs/messages/failed-to-find-server-action
    at ignore-listed frames
 POST /apps 404 in 242ms (compile: 3ms, render: 239ms)
Error: Failed to find Server Action "x". This request might be from an older or newer deployment.
Read more: https://nextjs.org/docs/messages/failed-to-find-server-action
    at ignore-listed frames
 POST / 404 in 409ms (compile: 11ms, render: 398ms)
Error: Failed to find Server Action "x". This request might be from an older or newer deployment.
Read more: https://nextjs.org/docs/messages/failed-to-find-server-action
    at ignore-listed frames
 POST /_next/data 404 in 234ms (compile: 3ms, render: 232ms)
Error: Failed to find Server Action "x". This request might be from an older or newer deployment.
Read more: https://nextjs.org/docs/messages/failed-to-find-server-action
    at ignore-listed frames
 POST /_next/refresh 404 in 231ms (compile: 3ms, render: 228ms)
Error: Failed to find Server Action "x". This request might be from an older or newer deployment.
Read more: https://nextjs.org/docs/messages/failed-to-find-server-action
    at ignore-listed frames
 POST /_next/redirect 404 in 286ms (compile: 3ms, render: 283ms)
Error: Failed to find Server Action "x". This request might be from an older or newer deployment.
Read more: https://nextjs.org/docs/messages/failed-to-find-server-action
    at ignore-listed frames
 POST /_next/turbopack/flight 404 in 229ms (compile: 3ms, render: 226ms)
Error: Failed to find Server Action "x". This request might be from an older or newer deployment.
Read more: https://nextjs.org/docs/messages/failed-to-find-server-action
    at ignore-listed frames
 POST /_next/webpack-hmr 404 in 230ms (compile: 3ms, render: 226ms)
Error: Failed to find Server Action "x". This request might be from an older or newer deployment.
Read more: https://nextjs.org/docs/messages/failed-to-find-server-action
    at ignore-listed frames
 POST /_next/server-actions 404 in 282ms (compile: 2ms, render: 279ms)
Error: Failed to find Server Action "x". This request might be from an older or newer deployment.
Read more: https://nextjs.org/docs/messages/failed-to-find-server-action
    at ignore-listed frames
 POST /_react/flight 404 in 254ms (compile: 3ms, render: 251ms)
Error: Failed to find Server Action "x". This request might be from an older or newer deployment.
Read more: https://nextjs.org/docs/messages/failed-to-find-server-action
    at ignore-listed frames
 POST /_next/flight 404 in 254ms (compile: 3ms, render: 251ms)
Error: Failed to find Server Action "x". This request might be from an older or newer deployment.
Read more: https://nextjs.org/docs/messages/failed-to-find-server-action
    at ignore-listed frames
 POST /_next/static 404 in 243ms (compile: 3ms, render: 240ms)
Error: Failed to find Server Action "x". This request might be from an older or newer deployment.
Read more: https://nextjs.org/docs/messages/failed-to-find-server-action
    at ignore-listed frames
 POST /_next/server 404 in 215ms (compile: 3ms, render: 212ms)
Error: Failed to find Server Action "x". This request might be from an older or newer deployment.
Read more: https://nextjs.org/docs/messages/failed-to-find-server-action
    at ignore-listed frames
 POST /_next/server/pages 404 in 308ms (compile: 3ms, render: 306ms)
Error: Failed to find Server Action "x". This request might be from an older or newer deployment.
Read more: https://nextjs.org/docs/messages/failed-to-find-server-action
    at ignore-listed frames
 POST /_next/server/chunks 404 in 221ms (compile: 3ms, render: 218ms)
Error: Failed to find Server Action "x". This request might be from an older or newer deployment.
Read more: https://nextjs.org/docs/messages/failed-to-find-server-action
    at ignore-listed frames
 POST /_next/server/app 404 in 240ms (compile: 3ms, render: 237ms)
Error: Failed to find Server Action "x". This request might be from an older or newer deployment.
Read more: https://nextjs.org/docs/messages/failed-to-find-server-action
    at ignore-listed frames
 POST /?_rsc=x 404 in 228ms (compile: 4ms, render: 224ms)
Error: Failed to find Server Action "x". This request might be from an older or newer deployment.
Read more: https://nextjs.org/docs/messages/failed-to-find-server-action
    at ignore-listed frames
 POST /?__flight__=1 404 in 212ms (compile: 4ms, render: 208ms)
Error: Failed to find Server Action "x". This request might be from an older or newer deployment.
Read more: https://nextjs.org/docs/messages/failed-to-find-server-action
    at ignore-listed frames
 POST /_react_server 404 in 272ms (compile: 3ms, render: 269ms)
Error: Failed to find Server Action "x". This request might be from an older or newer deployment.
Read more: https://nextjs.org/docs/messages/failed-to-find-server-action
    at ignore-listed frames
 POST /apps 404 in 223ms (compile: 3ms, render: 220ms)
 GET / 200 in 67ms (compile: 3ms, render: 64ms)
 GET / 200 in 38ms (compile: 6ms, render: 32ms)
Error: Failed to find Server Action "x". This request might be from an older or newer deployment.
Read more: https://nextjs.org/docs/messages/failed-to-find-server-action
    at ignore-listed frames
 POST / 404 in 244ms (compile: 6ms, render: 239ms)
Error: Failed to find Server Action "x". This request might be from an older or newer deployment.
Read more: https://nextjs.org/docs/messages/failed-to-find-server-action
    at ignore-listed frames
 POST /_next/data 404 in 327ms (compile: 3ms, render: 324ms)
Error: Failed to find Server Action "x". This request might be from an older or newer deployment.
Read more: https://nextjs.org/docs/messages/failed-to-find-server-action
    at ignore-listed frames
 POST /_next/refresh 404 in 257ms (compile: 3ms, render: 254ms)
Error: Failed to find Server Action "x". This request might be from an older or newer deployment.
Read more: https://nextjs.org/docs/messages/failed-to-find-server-action
    at ignore-listed frames
 POST /_next/redirect 404 in 228ms (compile: 3ms, render: 225ms)
Error: Failed to find Server Action "x". This request might be from an older or newer deployment.
Read more: https://nextjs.org/docs/messages/failed-to-find-server-action
    at ignore-listed frames
 POST /_next/turbopack/flight 404 in 251ms (compile: 2ms, render: 249ms)
Error: Failed to find Server Action "x". This request might be from an older or newer deployment.
Read more: https://nextjs.org/docs/messages/failed-to-find-server-action
    at ignore-listed frames
 POST /_next/webpack-hmr 404 in 278ms (compile: 2ms, render: 276ms)
Error: Failed to find Server Action "x". This request might be from an older or newer deployment.
Read more: https://nextjs.org/docs/messages/failed-to-find-server-action
    at ignore-listed frames
 POST /_next/server-actions 404 in 224ms (compile: 2ms, render: 221ms)
Error: Failed to find Server Action "x". This request might be from an older or newer deployment.
Read more: https://nextjs.org/docs/messages/failed-to-find-server-action
    at ignore-listed frames
 POST /_react/flight 404 in 244ms (compile: 3ms, render: 241ms)
Error: Failed to find Server Action "x". This request might be from an older or newer deployment.
Read more: https://nextjs.org/docs/messages/failed-to-find-server-action
    at ignore-listed frames
 POST /_next/flight 404 in 257ms (compile: 3ms, render: 254ms)
Error: Failed to find Server Action "x". This request might be from an older or newer deployment.
Read more: https://nextjs.org/docs/messages/failed-to-find-server-action
    at ignore-listed frames
 POST /_next/static 404 in 230ms (compile: 3ms, render: 228ms)
Error: Failed to find Server Action "x". This request might be from an older or newer deployment.
Read more: https://nextjs.org/docs/messages/failed-to-find-server-action
    at ignore-listed frames
 POST /_next/server 404 in 275ms (compile: 3ms, render: 273ms)
Error: Failed to find Server Action "x". This request might be from an older or newer deployment.
Read more: https://nextjs.org/docs/messages/failed-to-find-server-action
    at ignore-listed frames
 POST /_next/server/pages 404 in 231ms (compile: 2ms, render: 228ms)
Error: Failed to find Server Action "x". This request might be from an older or newer deployment.
Read more: https://nextjs.org/docs/messages/failed-to-find-server-action
    at ignore-listed frames
 POST /_next/server/chunks 404 in 252ms (compile: 3ms, render: 249ms)
Error: Failed to find Server Action "x". This request might be from an older or newer deployment.
Read more: https://nextjs.org/docs/messages/failed-to-find-server-action
    at ignore-listed frames
 POST /_next/server/app 404 in 261ms (compile: 3ms, render: 258ms)
Error: Failed to find Server Action "x". This request might be from an older or newer deployment.
Read more: https://nextjs.org/docs/messages/failed-to-find-server-action
    at ignore-listed frames
 POST /_next/server/chunks/ssr 404 in 225ms (compile: 3ms, render: 222ms)
Error: Failed to find Server Action "x". This request might be from an older or newer deployment.
Read more: https://nextjs.org/docs/messages/failed-to-find-server-action
    at ignore-listed frames
 POST /?_rsc=x 404 in 236ms (compile: 4ms, render: 232ms)
Error: Failed to find Server Action "x". This request might be from an older or newer deployment.
Read more: https://nextjs.org/docs/messages/failed-to-find-server-action
    at ignore-listed frames
 POST /?__flight__=1 404 in 214ms (compile: 4ms, render: 210ms)
Error: Failed to find Server Action "x". This request might be from an older or newer deployment.
Read more: https://nextjs.org/docs/messages/failed-to-find-server-action
    at ignore-listed frames
 POST /_react_server 404 in 249ms (compile: 3ms, render: 246ms)
Error: Failed to find Server Action "x". This request might be from an older or newer deployment.
Read more: https://nextjs.org/docs/messages/failed-to-find-server-action
    at ignore-listed frames
 POST /apps 404 in 234ms (compile: 3ms, render: 231ms)
Error: Failed to find Server Action "x". This request might be from an older or newer deployment.
Read more: https://nextjs.org/docs/messages/failed-to-find-server-action
    at ignore-listed frames
 POST / 404 in 231ms (compile: 5ms, render: 226ms)
Error: Failed to find Server Action "x". This request might be from an older or newer deployment.
Read more: https://nextjs.org/docs/messages/failed-to-find-server-action
    at ignore-listed frames
 POST /_next/data 404 in 280ms (compile: 2ms, render: 277ms)
Error: Failed to find Server Action "x". This request might be from an older or newer deployment.
Read more: https://nextjs.org/docs/messages/failed-to-find-server-action
    at ignore-listed frames
 POST /_next/refresh 404 in 237ms (compile: 3ms, render: 234ms)
Error: Failed to find Server Action "x". This request might be from an older or newer deployment.
Read more: https://nextjs.org/docs/messages/failed-to-find-server-action
    at ignore-listed frames
 POST /_next/redirect 404 in 276ms (compile: 2ms, render: 274ms)
Error: Failed to find Server Action "x". This request might be from an older or newer deployment.
Read more: https://nextjs.org/docs/messages/failed-to-find-server-action
    at ignore-listed frames
 POST /_next/turbopack/flight 404 in 249ms (compile: 3ms, render: 246ms)
Error: Failed to find Server Action "x". This request might be from an older or newer deployment.
Read more: https://nextjs.org/docs/messages/failed-to-find-server-action
    at ignore-listed frames
 POST /_next/webpack-hmr 404 in 224ms (compile: 3ms, render: 221ms)
Error: Failed to find Server Action "x". This request might be from an older or newer deployment.
Read more: https://nextjs.org/docs/messages/failed-to-find-server-action
    at ignore-listed frames
 POST /_next/server-actions 404 in 227ms (compile: 3ms, render: 224ms)
Error: Failed to find Server Action "x". This request might be from an older or newer deployment.
Read more: https://nextjs.org/docs/messages/failed-to-find-server-action
    at ignore-listed frames
 POST /_react/flight 404 in 213ms (compile: 3ms, render: 210ms)
Error: Failed to find Server Action "x". This request might be from an older or newer deployment.
Read more: https://nextjs.org/docs/messages/failed-to-find-server-action
    at ignore-listed frames
 POST /_next/flight 404 in 242ms (compile: 2ms, render: 239ms)
Error: Failed to find Server Action "x". This request might be from an older or newer deployment.
Read more: https://nextjs.org/docs/messages/failed-to-find-server-action
    at ignore-listed frames
 POST /_next/static 404 in 252ms (compile: 4ms, render: 248ms)
Error: Failed to find Server Action "x". This request might be from an older or newer deployment.
Read more: https://nextjs.org/docs/messages/failed-to-find-server-action
    at ignore-listed frames
 POST /_next/server 404 in 218ms (compile: 3ms, render: 215ms)
Error: Failed to find Server Action "x". This request might be from an older or newer deployment.
Read more: https://nextjs.org/docs/messages/failed-to-find-server-action
    at ignore-listed frames
 POST /_next/server/pages 404 in 277ms (compile: 2ms, render: 274ms)
Error: Failed to find Server Action "x". This request might be from an older or newer deployment.
Read more: https://nextjs.org/docs/messages/failed-to-find-server-action
    at ignore-listed frames
 POST /_next/server/chunks 404 in 210ms (compile: 3ms, render: 207ms)
Error: Failed to find Server Action "x". This request might be from an older or newer deployment.
Read more: https://nextjs.org/docs/messages/failed-to-find-server-action
    at ignore-listed frames
 POST /_next/server/app 404 in 264ms (compile: 2ms, render: 262ms)
Error: Failed to find Server Action "x". This request might be from an older or newer deployment.
Read more: https://nextjs.org/docs/messages/failed-to-find-server-action
    at ignore-listed frames
 POST /_next/server/chunks/ssr 404 in 272ms (compile: 3ms, render: 270ms)
Error: Failed to find Server Action "x". This request might be from an older or newer deployment.
Read more: https://nextjs.org/docs/messages/failed-to-find-server-action
    at ignore-listed frames
 POST /?_rsc=x 404 in 217ms (compile: 3ms, render: 214ms)
Error: Failed to find Server Action "x". This request might be from an older or newer deployment.
Read more: https://nextjs.org/docs/messages/failed-to-find-server-action
    at ignore-listed frames
 POST /?__flight__=1 404 in 233ms (compile: 5ms, render: 228ms)
Error: Failed to find Server Action "x". This request might be from an older or newer deployment.
Read more: https://nextjs.org/docs/messages/failed-to-find-server-action
    at ignore-listed frames
 POST /_react_server 404 in 235ms (compile: 3ms, render: 232ms)
Error: Failed to find Server Action "x". This request might be from an older or newer deployment.
Read more: https://nextjs.org/docs/messages/failed-to-find-server-action
    at ignore-listed frames
 POST /apps 404 in 293ms (compile: 6ms, render: 287ms)
Error: Failed to find Server Action "x". This request might be from an older or newer deployment.
Read more: https://nextjs.org/docs/messages/failed-to-find-server-action
    at ignore-listed frames
 POST / 404 in 436ms (compile: 8ms, render: 428ms)
Error: Failed to find Server Action "x". This request might be from an older or newer deployment.
Read more: https://nextjs.org/docs/messages/failed-to-find-server-action
    at ignore-listed frames
 POST /_next/data 404 in 266ms (compile: 7ms, render: 259ms)
Error: Failed to find Server Action "x". This request might be from an older or newer deployment.
Read more: https://nextjs.org/docs/messages/failed-to-find-server-action
    at ignore-listed frames
 POST /_next/refresh 404 in 233ms (compile: 3ms, render: 230ms)
Error: Failed to find Server Action "x". This request might be from an older or newer deployment.
Read more: https://nextjs.org/docs/messages/failed-to-find-server-action
    at ignore-listed frames
 POST /_next/redirect 404 in 256ms (compile: 3ms, render: 253ms)
Error: Failed to find Server Action "x". This request might be from an older or newer deployment.
Read more: https://nextjs.org/docs/messages/failed-to-find-server-action
    at ignore-listed frames
 POST /_next/turbopack/flight 404 in 235ms (compile: 3ms, render: 232ms)
Error: Failed to find Server Action "x". This request might be from an older or newer deployment.
Read more: https://nextjs.org/docs/messages/failed-to-find-server-action
    at ignore-listed frames
 POST /_next/webpack-hmr 404 in 217ms (compile: 2ms, render: 215ms)
Error: Failed to find Server Action "x". This request might be from an older or newer deployment.
Read more: https://nextjs.org/docs/messages/failed-to-find-server-action
    at ignore-listed frames
 POST /_next/server-actions 404 in 270ms (compile: 3ms, render: 267ms)
Error: Failed to find Server Action "x". This request might be from an older or newer deployment.
Read more: https://nextjs.org/docs/messages/failed-to-find-server-action
    at ignore-listed frames
 POST /_react/flight 404 in 226ms (compile: 3ms, render: 223ms)
Error: Failed to find Server Action "x". This request might be from an older or newer deployment.
Read more: https://nextjs.org/docs/messages/failed-to-find-server-action
    at ignore-listed frames
 POST /_next/flight 404 in 268ms (compile: 3ms, render: 265ms)
Error: Failed to find Server Action "x". This request might be from an older or newer deployment.
Read more: https://nextjs.org/docs/messages/failed-to-find-server-action
    at ignore-listed frames
 POST /_next/static 404 in 254ms (compile: 3ms, render: 251ms)
Error: Failed to find Server Action "x". This request might be from an older or newer deployment.
Read more: https://nextjs.org/docs/messages/failed-to-find-server-action
    at ignore-listed frames
 POST /_next/server 404 in 232ms (compile: 3ms, render: 229ms)
Error: Failed to find Server Action "x". This request might be from an older or newer deployment.
Read more: https://nextjs.org/docs/messages/failed-to-find-server-action
    at ignore-listed frames
 POST /_next/server/pages 404 in 268ms (compile: 2ms, render: 266ms)
Error: Failed to find Server Action "x". This request might be from an older or newer deployment.
Read more: https://nextjs.org/docs/messages/failed-to-find-server-action
    at ignore-listed frames
 POST /_next/server/chunks 404 in 279ms (compile: 4ms, render: 275ms)
Error: Failed to find Server Action "x". This request might be from an older or newer deployment.
Read more: https://nextjs.org/docs/messages/failed-to-find-server-action
    at ignore-listed frames
 POST /_next/server/app 404 in 284ms (compile: 3ms, render: 281ms)
Error: Failed to find Server Action "x". This request might be from an older or newer deployment.
Read more: https://nextjs.org/docs/messages/failed-to-find-server-action
    at ignore-listed frames
 POST /_next/server/chunks/ssr 404 in 252ms (compile: 3ms, render: 249ms)
Error: Failed to find Server Action "x". This request might be from an older or newer deployment.
Read more: https://nextjs.org/docs/messages/failed-to-find-server-action
    at ignore-listed frames
 POST /?_rsc=x 404 in 220ms (compile: 4ms, render: 216ms)
Error: Failed to find Server Action "x". This request might be from an older or newer deployment.
Read more: https://nextjs.org/docs/messages/failed-to-find-server-action
    at ignore-listed frames
 POST /?__flight__=1 404 in 300ms (compile: 4ms, render: 296ms)
Error: Failed to find Server Action "x". This request might be from an older or newer deployment.
Read more: https://nextjs.org/docs/messages/failed-to-find-server-action
    at ignore-listed frames
 POST /_react_server 404 in 219ms (compile: 3ms, render: 216ms)
Error: Failed to find Server Action "x". This request might be from an older or newer deployment.
Read more: https://nextjs.org/docs/messages/failed-to-find-server-action
    at ignore-listed frames
 POST /apps 404 in 241ms (compile: 2ms, render: 238ms)
Error: Failed to find Server Action "x". This request might be from an older or newer deployment.
Read more: https://nextjs.org/docs/messages/failed-to-find-server-action
    at ignore-listed frames
 POST / 404 in 267ms (compile: 12ms, render: 256ms)
Error: Failed to find Server Action "x". This request might be from an older or newer deployment.
Read more: https://nextjs.org/docs/messages/failed-to-find-server-action
    at ignore-listed frames
 POST /_next/data 404 in 234ms (compile: 3ms, render: 231ms)
Error: Failed to find Server Action "x". This request might be from an older or newer deployment.
Read more: https://nextjs.org/docs/messages/failed-to-find-server-action
    at ignore-listed frames
 POST /_next/refresh 404 in 283ms (compile: 3ms, render: 281ms)
Error: Failed to find Server Action "x". This request might be from an older or newer deployment.
Read more: https://nextjs.org/docs/messages/failed-to-find-server-action
    at ignore-listed frames
 POST /_next/redirect 404 in 235ms (compile: 3ms, render: 233ms)
Error: Failed to find Server Action "x". This request might be from an older or newer deployment.
Read more: https://nextjs.org/docs/messages/failed-to-find-server-action
    at ignore-listed frames
 POST /_next/turbopack/flight 404 in 232ms (compile: 2ms, render: 229ms)
Error: Failed to find Server Action "x". This request might be from an older or newer deployment.
Read more: https://nextjs.org/docs/messages/failed-to-find-server-action
    at ignore-listed frames
 POST /_next/webpack-hmr 404 in 259ms (compile: 2ms, render: 256ms)
Error: Failed to find Server Action "x". This request might be from an older or newer deployment.
Read more: https://nextjs.org/docs/messages/failed-to-find-server-action
    at ignore-listed frames
 POST /_next/server-actions 404 in 218ms (compile: 2ms, render: 216ms)
Error: Failed to find Server Action "x". This request might be from an older or newer deployment.
Read more: https://nextjs.org/docs/messages/failed-to-find-server-action
    at ignore-listed frames
 POST /_react/flight 404 in 294ms (compile: 3ms, render: 291ms)
Error: Failed to find Server Action "x". This request might be from an older or newer deployment.
Read more: https://nextjs.org/docs/messages/failed-to-find-server-action
    at ignore-listed frames
 POST /_next/flight 404 in 242ms (compile: 3ms, render: 240ms)
Error: Failed to find Server Action "x". This request might be from an older or newer deployment.
Read more: https://nextjs.org/docs/messages/failed-to-find-server-action
    at ignore-listed frames
 POST /_next/static 404 in 209ms (compile: 3ms, render: 207ms)
Error: Failed to find Server Action "x". This request might be from an older or newer deployment.
Read more: https://nextjs.org/docs/messages/failed-to-find-server-action
    at ignore-listed frames
 POST /_next/server 404 in 282ms (compile: 2ms, render: 280ms)
Error: Failed to find Server Action "x". This request might be from an older or newer deployment.
Read more: https://nextjs.org/docs/messages/failed-to-find-server-action
    at ignore-listed frames
 POST /_next/server/pages 404 in 230ms (compile: 3ms, render: 227ms)
Error: Failed to find Server Action "x". This request might be from an older or newer deployment.
Read more: https://nextjs.org/docs/messages/failed-to-find-server-action
    at ignore-listed frames
 POST /_next/server/chunks 404 in 252ms (compile: 3ms, render: 249ms)
Error: Failed to find Server Action "x". This request might be from an older or newer deployment.
Read more: https://nextjs.org/docs/messages/failed-to-find-server-action
    at ignore-listed frames
 POST /_next/server/app 404 in 235ms (compile: 3ms, render: 232ms)
Error: Failed to find Server Action "x". This request might be from an older or newer deployment.
Read more: https://nextjs.org/docs/messages/failed-to-find-server-action
    at ignore-listed frames
 POST /_next/server/chunks/ssr 404 in 232ms (compile: 3ms, render: 229ms)
Error: Failed to find Server Action "x". This request might be from an older or newer deployment.
Read more: https://nextjs.org/docs/messages/failed-to-find-server-action
    at ignore-listed frames
 POST /?_rsc=x 404 in 289ms (compile: 4ms, render: 285ms)
Error: Failed to find Server Action "x". This request might be from an older or newer deployment.
Read more: https://nextjs.org/docs/messages/failed-to-find-server-action
    at ignore-listed frames
 POST /?__flight__=1 404 in 231ms (compile: 4ms, render: 227ms)
Error: Failed to find Server Action "x". This request might be from an older or newer deployment.
Read more: https://nextjs.org/docs/messages/failed-to-find-server-action
    at ignore-listed frames
 POST /_react_server 404 in 236ms (compile: 3ms, render: 233ms)
Error: Failed to find Server Action "x". This request might be from an older or newer deployment.
Read more: https://nextjs.org/docs/messages/failed-to-find-server-action
    at ignore-listed frames
 POST /apps 404 in 274ms (compile: 4ms, render: 270ms)
Error: Failed to find Server Action "x". This request might be from an older or newer deployment.
Read more: https://nextjs.org/docs/messages/failed-to-find-server-action
    at ignore-listed frames
 POST / 404 in 404ms (compile: 12ms, render: 392ms)
Error: Failed to find Server Action "x". This request might be from an older or newer deployment.
Read more: https://nextjs.org/docs/messages/failed-to-find-server-action
    at ignore-listed frames
 POST /_next/data 404 in 239ms (compile: 3ms, render: 236ms)
Error: Failed to find Server Action "x". This request might be from an older or newer deployment.
Read more: https://nextjs.org/docs/messages/failed-to-find-server-action
    at ignore-listed frames
 POST /_next/refresh 404 in 254ms (compile: 3ms, render: 251ms)
Error: Failed to find Server Action "x". This request might be from an older or newer deployment.
Read more: https://nextjs.org/docs/messages/failed-to-find-server-action
    at ignore-listed frames
 POST /_next/redirect 404 in 312ms (compile: 5ms, render: 307ms)
Error: Failed to find Server Action "x". This request might be from an older or newer deployment.
Read more: https://nextjs.org/docs/messages/failed-to-find-server-action
    at ignore-listed frames
 POST /_next/turbopack/flight 404 in 260ms (compile: 4ms, render: 256ms)
Error: Failed to find Server Action "x". This request might be from an older or newer deployment.
Read more: https://nextjs.org/docs/messages/failed-to-find-server-action
    at ignore-listed frames
 POST /_next/webpack-hmr 404 in 235ms (compile: 3ms, render: 232ms)
Error: Failed to find Server Action "x". This request might be from an older or newer deployment.
Read more: https://nextjs.org/docs/messages/failed-to-find-server-action
    at ignore-listed frames
 POST /_next/server-actions 404 in 302ms (compile: 3ms, render: 299ms)
Error: Failed to find Server Action "x". This request might be from an older or newer deployment.
Read more: https://nextjs.org/docs/messages/failed-to-find-server-action
    at ignore-listed frames
 POST /_react/flight 404 in 226ms (compile: 3ms, render: 223ms)
Error: Failed to find Server Action "x". This request might be from an older or newer deployment.
Read more: https://nextjs.org/docs/messages/failed-to-find-server-action
    at ignore-listed frames
 POST /_next/flight 404 in 259ms (compile: 3ms, render: 255ms)
Error: Failed to find Server Action "x". This request might be from an older or newer deployment.
Read more: https://nextjs.org/docs/messages/failed-to-find-server-action
    at ignore-listed frames
 POST /_next/static 404 in 232ms (compile: 3ms, render: 229ms)
Error: Failed to find Server Action "x". This request might be from an older or newer deployment.
Read more: https://nextjs.org/docs/messages/failed-to-find-server-action
    at ignore-listed frames
 POST /_next/server 404 in 239ms (compile: 3ms, render: 236ms)
Error: Failed to find Server Action "x". This request might be from an older or newer deployment.
Read more: https://nextjs.org/docs/messages/failed-to-find-server-action
    at ignore-listed frames
 POST /_next/server/pages 404 in 286ms (compile: 5ms, render: 281ms)
Error: Failed to find Server Action "x". This request might be from an older or newer deployment.
Read more: https://nextjs.org/docs/messages/failed-to-find-server-action
    at ignore-listed frames
 POST /_next/server/chunks 404 in 264ms (compile: 3ms, render: 261ms)
Error: Failed to find Server Action "x". This request might be from an older or newer deployment.
Read more: https://nextjs.org/docs/messages/failed-to-find-server-action
    at ignore-listed frames
 POST /_next/server/app 404 in 245ms (compile: 3ms, render: 242ms)
Error: Failed to find Server Action "x". This request might be from an older or newer deployment.
Read more: https://nextjs.org/docs/messages/failed-to-find-server-action
    at ignore-listed frames
 POST /_next/server/chunks/ssr 404 in 234ms (compile: 3ms, render: 231ms)
Error: Failed to find Server Action "x". This request might be from an older or newer deployment.
Read more: https://nextjs.org/docs/messages/failed-to-find-server-action
    at ignore-listed frames
 POST /?_rsc=x 404 in 223ms (compile: 4ms, render: 219ms)
Error: Failed to find Server Action "x". This request might be from an older or newer deployment.
Read more: https://nextjs.org/docs/messages/failed-to-find-server-action
    at ignore-listed frames
 POST /?__flight__=1 404 in 284ms (compile: 4ms, render: 280ms)
Error: Failed to find Server Action "x". This request might be from an older or newer deployment.
Read more: https://nextjs.org/docs/messages/failed-to-find-server-action
    at ignore-listed frames
 POST /_react_server 404 in 279ms (compile: 3ms, render: 276ms)
Error: Failed to find Server Action "x". This request might be from an older or newer deployment.
Read more: https://nextjs.org/docs/messages/failed-to-find-server-action
    at ignore-listed frames
 POST /apps 404 in 247ms (compile: 3ms, render: 245ms)
Error: Failed to find Server Action "x". This request might be from an older or newer deployment.
Read more: https://nextjs.org/docs/messages/failed-to-find-server-action
    at ignore-listed frames
 POST / 404 in 237ms (compile: 6ms, render: 232ms)
Error: Failed to find Server Action "x". This request might be from an older or newer deployment.
Read more: https://nextjs.org/docs/messages/failed-to-find-server-action
    at ignore-listed frames
 POST /_next/data 404 in 211ms (compile: 3ms, render: 208ms)
Error: Failed to find Server Action "x". This request might be from an older or newer deployment.
Read more: https://nextjs.org/docs/messages/failed-to-find-server-action
    at ignore-listed frames
 POST /_next/refresh 404 in 261ms (compile: 2ms, render: 259ms)
Error: Failed to find Server Action "x". This request might be from an older or newer deployment.
Read more: https://nextjs.org/docs/messages/failed-to-find-server-action
    at ignore-listed frames
 POST /_next/redirect 404 in 247ms (compile: 3ms, render: 244ms)
Error: Failed to find Server Action "x". This request might be from an older or newer deployment.
Read more: https://nextjs.org/docs/messages/failed-to-find-server-action
    at ignore-listed frames
 POST /_next/turbopack/flight 404 in 209ms (compile: 2ms, render: 207ms)
Error: Failed to find Server Action "x". This request might be from an older or newer deployment.
Read more: https://nextjs.org/docs/messages/failed-to-find-server-action
    at ignore-listed frames
 POST /_next/webpack-hmr 404 in 323ms (compile: 2ms, render: 321ms)
Error: Failed to find Server Action "x". This request might be from an older or newer deployment.
Read more: https://nextjs.org/docs/messages/failed-to-find-server-action
    at ignore-listed frames
 POST /_next/server-actions 404 in 219ms (compile: 2ms, render: 216ms)
Error: Failed to find Server Action "x". This request might be from an older or newer deployment.
Read more: https://nextjs.org/docs/messages/failed-to-find-server-action
    at ignore-listed frames
 POST /_react/flight 404 in 236ms (compile: 2ms, render: 234ms)
Error: Failed to find Server Action "x". This request might be from an older or newer deployment.
Read more: https://nextjs.org/docs/messages/failed-to-find-server-action
    at ignore-listed frames
 POST /_next/flight 404 in 246ms (compile: 3ms, render: 243ms)
Error: Failed to find Server Action "x". This request might be from an older or newer deployment.
Read more: https://nextjs.org/docs/messages/failed-to-find-server-action
    at ignore-listed frames
 POST /_next/static 404 in 215ms (compile: 2ms, render: 213ms)
Error: Failed to find Server Action "x". This request might be from an older or newer deployment.
Read more: https://nextjs.org/docs/messages/failed-to-find-server-action
    at ignore-listed frames
 POST /_next/server 404 in 269ms (compile: 3ms, render: 267ms)
Error: Failed to find Server Action "x". This request might be from an older or newer deployment.
Read more: https://nextjs.org/docs/messages/failed-to-find-server-action
    at ignore-listed frames
 POST /_next/server/pages 404 in 228ms (compile: 2ms, render: 225ms)
Error: Failed to find Server Action "x". This request might be from an older or newer deployment.
Read more: https://nextjs.org/docs/messages/failed-to-find-server-action
    at ignore-listed frames
 POST /_next/server/chunks 404 in 256ms (compile: 2ms, render: 254ms)
Error: Failed to find Server Action "x". This request might be from an older or newer deployment.
Read more: https://nextjs.org/docs/messages/failed-to-find-server-action
    at ignore-listed frames
 POST /_next/server/app 404 in 251ms (compile: 2ms, render: 248ms)
Error: Failed to find Server Action "x". This request might be from an older or newer deployment.
Read more: https://nextjs.org/docs/messages/failed-to-find-server-action
    at ignore-listed frames
 POST /_next/server/chunks/ssr 404 in 215ms (compile: 2ms, render: 212ms)
Error: Failed to find Server Action "x". This request might be from an older or newer deployment.
Read more: https://nextjs.org/docs/messages/failed-to-find-server-action
    at ignore-listed frames
 POST /?_rsc=x 404 in 216ms (compile: 4ms, render: 212ms)
Error: Failed to find Server Action "x". This request might be from an older or newer deployment.
Read more: https://nextjs.org/docs/messages/failed-to-find-server-action
    at ignore-listed frames
 POST /?__flight__=1 404 in 216ms (compile: 4ms, render: 212ms)
Error: Failed to find Server Action "x". This request might be from an older or newer deployment.
Read more: https://nextjs.org/docs/messages/failed-to-find-server-action
    at ignore-listed frames
 POST /_react_server 404 in 298ms (compile: 2ms, render: 296ms)
Error: Failed to find Server Action "x". This request might be from an older or newer deployment.
Read more: https://nextjs.org/docs/messages/failed-to-find-server-action
    at ignore-listed frames
 POST /apps 404 in 234ms (compile: 3ms, render: 232ms)
Error: Failed to find Server Action "x". This request might be from an older or newer deployment.
Read more: https://nextjs.org/docs/messages/failed-to-find-server-action
    at ignore-listed frames
 POST / 404 in 472ms (compile: 8ms, render: 464ms)
Error: Failed to find Server Action "x". This request might be from an older or newer deployment.
Read more: https://nextjs.org/docs/messages/failed-to-find-server-action
    at ignore-listed frames
 POST / 404 in 269ms (compile: 6ms, render: 263ms)
Error: Failed to find Server Action "x". This request might be from an older or newer deployment.
Read more: https://nextjs.org/docs/messages/failed-to-find-server-action
    at ignore-listed frames
 POST / 404 in 272ms (compile: 4ms, render: 268ms)
Error: Failed to find Server Action "x". This request might be from an older or newer deployment.
Read more: https://nextjs.org/docs/messages/failed-to-find-server-action
    at ignore-listed frames
 POST / 404 in 249ms (compile: 6ms, render: 243ms)
Error: Failed to find Server Action "x". This request might be from an older or newer deployment.
Read more: https://nextjs.org/docs/messages/failed-to-find-server-action
    at ignore-listed frames
 POST / 404 in 221ms (compile: 4ms, render: 217ms)
Error: Failed to find Server Action "x". This request might be from an older or newer deployment.
Read more: https://nextjs.org/docs/messages/failed-to-find-server-action
    at ignore-listed frames
 POST / 404 in 348ms (compile: 4ms, render: 343ms)
 GET / 200 in 39ms (compile: 3ms, render: 36ms)
Error: Failed to find Server Action "x". This request might be from an older or newer deployment.
Read more: https://nextjs.org/docs/messages/failed-to-find-server-action
    at ignore-listed frames
 POST / 404 in 419ms (compile: 11ms, render: 408ms)
Error: Failed to find Server Action "x". This request might be from an older or newer deployment.
Read more: https://nextjs.org/docs/messages/failed-to-find-server-action
    at ignore-listed frames
 POST / 404 in 441ms (compile: 27ms, render: 414ms)
Error: Failed to find Server Action "x". This request might be from an older or newer deployment.
Read more: https://nextjs.org/docs/messages/failed-to-find-server-action
    at ignore-listed frames
 POST / 404 in 299ms (compile: 4ms, render: 295ms)
Error: Failed to find Server Action "x". This request might be from an older or newer deployment.
Read more: https://nextjs.org/docs/messages/failed-to-find-server-action
    at ignore-listed frames
 POST / 404 in 261ms (compile: 7ms, render: 254ms)
Error: Failed to find Server Action "x". This request might be from an older or newer deployment.
Read more: https://nextjs.org/docs/messages/failed-to-find-server-action
    at ignore-listed frames
 POST / 404 in 234ms (compile: 4ms, render: 230ms)
Error: Failed to find Server Action "x". This request might be from an older or newer deployment.
Read more: https://nextjs.org/docs/messages/failed-to-find-server-action
    at ignore-listed frames
 POST / 404 in 235ms (compile: 3ms, render: 232ms)
Error: Failed to find Server Action "x". This request might be from an older or newer deployment.
Read more: https://nextjs.org/docs/messages/failed-to-find-server-action
    at ignore-listed frames
 POST / 404 in 315ms (compile: 4ms, render: 311ms)
Error: Failed to find Server Action "x". This request might be from an older or newer deployment.
Read more: https://nextjs.org/docs/messages/failed-to-find-server-action
    at ignore-listed frames
 POST / 404 in 262ms (compile: 6ms, render: 256ms)
Error: Failed to find Server Action "x". This request might be from an older or newer deployment.
Read more: https://nextjs.org/docs/messages/failed-to-find-server-action
    at ignore-listed frames
 POST /_next/on-demand-entries-ping 404 in 248ms (compile: 4ms, render: 244ms)
Error: Failed to find Server Action "x". This request might be from an older or newer deployment.
Read more: https://nextjs.org/docs/messages/failed-to-find-server-action
    at ignore-listed frames
 POST /_next/rsc 404 in 221ms (compile: 3ms, render: 218ms)
Error: Failed to find Server Action "x". This request might be from an older or newer deployment.
Read more: https://nextjs.org/docs/messages/failed-to-find-server-action
    at ignore-listed frames
 POST /_next/server-components 404 in 310ms (compile: 3ms, render: 307ms)
Error: Failed to find Server Action "x". This request might be from an older or newer deployment.
Read more: https://nextjs.org/docs/messages/failed-to-find-server-action
    at ignore-listed frames
 POST /_next/data 404 in 251ms (compile: 3ms, render: 248ms)
Error: Failed to find Server Action "x". This request might be from an older or newer deployment.
Read more: https://nextjs.org/docs/messages/failed-to-find-server-action
    at ignore-listed frames
 POST /_next/refresh 404 in 252ms (compile: 3ms, render: 249ms)
Error: Failed to find Server Action "x". This request might be from an older or newer deployment.
Read more: https://nextjs.org/docs/messages/failed-to-find-server-action
    at ignore-listed frames
 POST /_next/redirect 404 in 235ms (compile: 3ms, render: 232ms)
Error: Failed to find Server Action "x". This request might be from an older or newer deployment.
Read more: https://nextjs.org/docs/messages/failed-to-find-server-action
    at ignore-listed frames
 POST /_next/turbopack/flight 404 in 285ms (compile: 3ms, render: 283ms)
Error: Failed to find Server Action "x". This request might be from an older or newer deployment.
Read more: https://nextjs.org/docs/messages/failed-to-find-server-action
    at ignore-listed frames
 POST /_next/webpack-hmr 404 in 316ms (compile: 3ms, render: 313ms)
Error: Failed to find Server Action "x". This request might be from an older or newer deployment.
Read more: https://nextjs.org/docs/messages/failed-to-find-server-action
    at ignore-listed frames
 POST /_next/server-actions 404 in 238ms (compile: 3ms, render: 235ms)
Error: Failed to find Server Action "x". This request might be from an older or newer deployment.
Read more: https://nextjs.org/docs/messages/failed-to-find-server-action
    at ignore-listed frames
 POST /_react/flight 404 in 262ms (compile: 3ms, render: 259ms)
Error: Failed to find Server Action "x". This request might be from an older or newer deployment.
Read more: https://nextjs.org/docs/messages/failed-to-find-server-action
    at ignore-listed frames
 POST /_next/flight 404 in 236ms (compile: 3ms, render: 233ms)
Error: Failed to find Server Action "x". This request might be from an older or newer deployment.
Read more: https://nextjs.org/docs/messages/failed-to-find-server-action
    at ignore-listed frames
 POST /_next/static 404 in 225ms (compile: 3ms, render: 222ms)
Error: Failed to find Server Action "x". This request might be from an older or newer deployment.
Read more: https://nextjs.org/docs/messages/failed-to-find-server-action
    at ignore-listed frames
 POST /_next/server 404 in 298ms (compile: 3ms, render: 295ms)
Error: Failed to find Server Action "x". This request might be from an older or newer deployment.
Read more: https://nextjs.org/docs/messages/failed-to-find-server-action
    at ignore-listed frames
 POST /_next/server/pages 404 in 235ms (compile: 3ms, render: 232ms)
Error: Failed to find Server Action "x". This request might be from an older or newer deployment.
Read more: https://nextjs.org/docs/messages/failed-to-find-server-action
    at ignore-listed frames
 POST /_next/server/chunks 404 in 254ms (compile: 3ms, render: 252ms)
Error: Failed to find Server Action "x". This request might be from an older or newer deployment.
Read more: https://nextjs.org/docs/messages/failed-to-find-server-action
    at ignore-listed frames
 POST /_next/server/app 404 in 234ms (compile: 3ms, render: 231ms)
Error: Failed to find Server Action "x". This request might be from an older or newer deployment.
Read more: https://nextjs.org/docs/messages/failed-to-find-server-action
    at ignore-listed frames
 POST /_next/server/chunks/ssr 404 in 217ms (compile: 3ms, render: 215ms)
Error: Failed to find Server Action "x". This request might be from an older or newer deployment.
Read more: https://nextjs.org/docs/messages/failed-to-find-server-action
    at ignore-listed frames
 POST /_next/revalidate 404 in 313ms (compile: 3ms, render: 311ms)
Error: Failed to find Server Action "x". This request might be from an older or newer deployment.
Read more: https://nextjs.org/docs/messages/failed-to-find-server-action
    at ignore-listed frames
 POST /_rsc 404 in 226ms (compile: 3ms, render: 223ms)
Error: Failed to find Server Action "x". This request might be from an older or newer deployment.
Read more: https://nextjs.org/docs/messages/failed-to-find-server-action
    at ignore-listed frames
 POST /?_rsc=x 404 in 247ms (compile: 4ms, render: 243ms)
Error: Failed to find Server Action "x". This request might be from an older or newer deployment.
Read more: https://nextjs.org/docs/messages/failed-to-find-server-action
    at ignore-listed frames
 POST /?__flight__=1 404 in 240ms (compile: 4ms, render: 236ms)
Error: Failed to find Server Action "x". This request might be from an older or newer deployment.
Read more: https://nextjs.org/docs/messages/failed-to-find-server-action
    at ignore-listed frames
 POST /_react_server 404 in 224ms (compile: 3ms, render: 221ms)
Error: Failed to find Server Action "x". This request might be from an older or newer deployment.
Read more: https://nextjs.org/docs/messages/failed-to-find-server-action
    at ignore-listed frames
 POST /apps 404 in 289ms (compile: 3ms, render: 285ms)
Error: Failed to find Server Action "x". This request might be from an older or newer deployment.
Read more: https://nextjs.org/docs/messages/failed-to-find-server-action
    at ignore-listed frames
 POST /sigin 404 in 232ms (compile: 3ms, render: 230ms)
Error: Failed to find Server Action "x". This request might be from an older or newer deployment.
Read more: https://nextjs.org/docs/messages/failed-to-find-server-action
    at ignore-listed frames
 POST / 404 in 362ms (compile: 10ms, render: 352ms)
Error: Failed to find Server Action "x". This request might be from an older or newer deployment.
Read more: https://nextjs.org/docs/messages/failed-to-find-server-action
    at ignore-listed frames
 POST /_next/on-demand-entries-ping 404 in 230ms (compile: 3ms, render: 227ms)
Error: Failed to find Server Action "x". This request might be from an older or newer deployment.
Read more: https://nextjs.org/docs/messages/failed-to-find-server-action
    at ignore-listed frames
 POST /_next/rsc 404 in 227ms (compile: 4ms, render: 223ms)
Error: Failed to find Server Action "x". This request might be from an older or newer deployment.
Read more: https://nextjs.org/docs/messages/failed-to-find-server-action
    at ignore-listed frames
 POST /_next/server-components 404 in 299ms (compile: 3ms, render: 297ms)
Error: Failed to find Server Action "x". This request might be from an older or newer deployment.
Read more: https://nextjs.org/docs/messages/failed-to-find-server-action
    at ignore-listed frames
 POST /_next/data 404 in 244ms (compile: 3ms, render: 242ms)
Error: Failed to find Server Action "x". This request might be from an older or newer deployment.
Read more: https://nextjs.org/docs/messages/failed-to-find-server-action
    at ignore-listed frames
 POST /_next/refresh 404 in 275ms (compile: 4ms, render: 271ms)
Error: Failed to find Server Action "x". This request might be from an older or newer deployment.
Read more: https://nextjs.org/docs/messages/failed-to-find-server-action
    at ignore-listed frames
 POST /_next/redirect 404 in 279ms (compile: 4ms, render: 275ms)
Error: Failed to find Server Action "x". This request might be from an older or newer deployment.
Read more: https://nextjs.org/docs/messages/failed-to-find-server-action
    at ignore-listed frames
 POST /_next/turbopack/flight 404 in 230ms (compile: 3ms, render: 228ms)
Error: Failed to find Server Action "x". This request might be from an older or newer deployment.
Read more: https://nextjs.org/docs/messages/failed-to-find-server-action
    at ignore-listed frames
 POST /_next/webpack-hmr 404 in 229ms (compile: 4ms, render: 226ms)
Error: Failed to find Server Action "x". This request might be from an older or newer deployment.
Read more: https://nextjs.org/docs/messages/failed-to-find-server-action
    at ignore-listed frames
 POST /_next/server-actions 404 in 230ms (compile: 3ms, render: 228ms)
Error: Failed to find Server Action "x". This request might be from an older or newer deployment.
Read more: https://nextjs.org/docs/messages/failed-to-find-server-action
    at ignore-listed frames
 POST /_react/flight 404 in 267ms (compile: 3ms, render: 264ms)
Error: Failed to find Server Action "x". This request might be from an older or newer deployment.
Read more: https://nextjs.org/docs/messages/failed-to-find-server-action
    at ignore-listed frames
 POST /_next/flight 404 in 265ms (compile: 3ms, render: 262ms)
Error: Failed to find Server Action "x". This request might be from an older or newer deployment.
Read more: https://nextjs.org/docs/messages/failed-to-find-server-action
    at ignore-listed frames
 POST /_next/static 404 in 278ms (compile: 3ms, render: 275ms)
Error: Failed to find Server Action "x". This request might be from an older or newer deployment.
Read more: https://nextjs.org/docs/messages/failed-to-find-server-action
    at ignore-listed frames
 POST /_next/server 404 in 240ms (compile: 4ms, render: 236ms)
Error: Failed to find Server Action "x". This request might be from an older or newer deployment.
Read more: https://nextjs.org/docs/messages/failed-to-find-server-action
    at ignore-listed frames
 POST /_next/server/pages 404 in 284ms (compile: 3ms, render: 281ms)
Error: Failed to find Server Action "x". This request might be from an older or newer deployment.
Read more: https://nextjs.org/docs/messages/failed-to-find-server-action
    at ignore-listed frames
 POST /_next/server/chunks 404 in 233ms (compile: 3ms, render: 230ms)
Error: Failed to find Server Action "x". This request might be from an older or newer deployment.
Read more: https://nextjs.org/docs/messages/failed-to-find-server-action
    at ignore-listed frames
 POST /_next/server/app 404 in 262ms (compile: 3ms, render: 259ms)
Error: Failed to find Server Action "x". This request might be from an older or newer deployment.
Read more: https://nextjs.org/docs/messages/failed-to-find-server-action
    at ignore-listed frames
 POST /_next/server/chunks/ssr 404 in 280ms (compile: 3ms, render: 278ms)
Error: Failed to find Server Action "x". This request might be from an older or newer deployment.
Read more: https://nextjs.org/docs/messages/failed-to-find-server-action
    at ignore-listed frames
 POST /_next/revalidate 404 in 240ms (compile: 3ms, render: 238ms)
Error: Failed to find Server Action "x". This request might be from an older or newer deployment.
Read more: https://nextjs.org/docs/messages/failed-to-find-server-action
    at ignore-listed frames
 POST /_rsc 404 in 234ms (compile: 4ms, render: 230ms)
Error: Failed to find Server Action "x". This request might be from an older or newer deployment.
Read more: https://nextjs.org/docs/messages/failed-to-find-server-action
    at ignore-listed frames
 POST /?_rsc=x 404 in 234ms (compile: 6ms, render: 227ms)
Error: Failed to find Server Action "x". This request might be from an older or newer deployment.
Read more: https://nextjs.org/docs/messages/failed-to-find-server-action
    at ignore-listed frames
 POST /?__flight__=1 404 in 250ms (compile: 4ms, render: 246ms)
Error: Failed to find Server Action "x". This request might be from an older or newer deployment.
Read more: https://nextjs.org/docs/messages/failed-to-find-server-action
    at ignore-listed frames
 POST /_react_server 404 in 238ms (compile: 3ms, render: 235ms)
Error: Failed to find Server Action "x". This request might be from an older or newer deployment.
Read more: https://nextjs.org/docs/messages/failed-to-find-server-action
    at ignore-listed frames
 POST /apps 404 in 249ms (compile: 3ms, render: 246ms)
Error: Failed to find Server Action "x". This request might be from an older or newer deployment.
Read more: https://nextjs.org/docs/messages/failed-to-find-server-action
    at ignore-listed frames
 POST /sigin 404 in 280ms (compile: 5ms, render: 275ms)
Error: Failed to find Server Action "x". This request might be from an older or newer deployment.
Read more: https://nextjs.org/docs/messages/failed-to-find-server-action
    at ignore-listed frames
 POST / 404 in 237ms (compile: 4ms, render: 233ms)
Error: Failed to find Server Action "x". This request might be from an older or newer deployment.
Read more: https://nextjs.org/docs/messages/failed-to-find-server-action
    at ignore-listed frames
 POST /_next/on-demand-entries-ping 404 in 333ms (compile: 3ms, render: 330ms)
Error: Failed to find Server Action "x". This request might be from an older or newer deployment.
Read more: https://nextjs.org/docs/messages/failed-to-find-server-action
    at ignore-listed frames
 POST /_next/rsc 404 in 269ms (compile: 3ms, render: 266ms)
Error: Failed to find Server Action "x". This request might be from an older or newer deployment.
Read more: https://nextjs.org/docs/messages/failed-to-find-server-action
    at ignore-listed frames
 POST /_next/server-components 404 in 222ms (compile: 2ms, render: 220ms)
Error: Failed to find Server Action "x". This request might be from an older or newer deployment.
Read more: https://nextjs.org/docs/messages/failed-to-find-server-action
    at ignore-listed frames
 POST /_next/data 404 in 238ms (compile: 3ms, render: 235ms)
Error: Failed to find Server Action "x". This request might be from an older or newer deployment.
Read more: https://nextjs.org/docs/messages/failed-to-find-server-action
    at ignore-listed frames
 POST /_next/refresh 404 in 239ms (compile: 3ms, render: 236ms)
Error: Failed to find Server Action "x". This request might be from an older or newer deployment.
Read more: https://nextjs.org/docs/messages/failed-to-find-server-action
    at ignore-listed frames
 POST /_next/redirect 404 in 254ms (compile: 3ms, render: 251ms)
Error: Failed to find Server Action "x". This request might be from an older or newer deployment.
Read more: https://nextjs.org/docs/messages/failed-to-find-server-action
    at ignore-listed frames
 POST /_next/turbopack/flight 404 in 267ms (compile: 3ms, render: 264ms)
Error: Failed to find Server Action "x". This request might be from an older or newer deployment.
Read more: https://nextjs.org/docs/messages/failed-to-find-server-action
    at ignore-listed frames
 POST /_next/webpack-hmr 404 in 231ms (compile: 3ms, render: 228ms)
Error: Failed to find Server Action "x". This request might be from an older or newer deployment.
Read more: https://nextjs.org/docs/messages/failed-to-find-server-action
    at ignore-listed frames
 POST /_next/server-actions 404 in 342ms (compile: 4ms, render: 338ms)
Error: Failed to find Server Action "x". This request might be from an older or newer deployment.
Read more: https://nextjs.org/docs/messages/failed-to-find-server-action
    at ignore-listed frames
 POST /_react/flight 404 in 239ms (compile: 3ms, render: 237ms)
Error: Failed to find Server Action "x". This request might be from an older or newer deployment.
Read more: https://nextjs.org/docs/messages/failed-to-find-server-action
    at ignore-listed frames
 POST /_next/flight 404 in 257ms (compile: 3ms, render: 254ms)
Error: Failed to find Server Action "x". This request might be from an older or newer deployment.
Read more: https://nextjs.org/docs/messages/failed-to-find-server-action
    at ignore-listed frames
 POST /_next/static 404 in 255ms (compile: 3ms, render: 252ms)
Error: Failed to find Server Action "x". This request might be from an older or newer deployment.
Read more: https://nextjs.org/docs/messages/failed-to-find-server-action
    at ignore-listed frames
 POST /_next/server 404 in 235ms (compile: 3ms, render: 232ms)
Error: Failed to find Server Action "x". This request might be from an older or newer deployment.
Read more: https://nextjs.org/docs/messages/failed-to-find-server-action
    at ignore-listed frames
 POST /_next/server/pages 404 in 234ms (compile: 3ms, render: 231ms)
Error: Failed to find Server Action "x". This request might be from an older or newer deployment.
Read more: https://nextjs.org/docs/messages/failed-to-find-server-action
    at ignore-listed frames
 POST /_next/server/chunks 404 in 225ms (compile: 3ms, render: 223ms)
Error: Failed to find Server Action "x". This request might be from an older or newer deployment.
Read more: https://nextjs.org/docs/messages/failed-to-find-server-action
    at ignore-listed frames
 POST /_next/server/app 404 in 253ms (compile: 3ms, render: 250ms)
Error: Failed to find Server Action "x". This request might be from an older or newer deployment.
Read more: https://nextjs.org/docs/messages/failed-to-find-server-action
    at ignore-listed frames
 POST /_next/server/chunks/ssr 404 in 244ms (compile: 3ms, render: 242ms)
Error: Failed to find Server Action "x". This request might be from an older or newer deployment.
Read more: https://nextjs.org/docs/messages/failed-to-find-server-action
    at ignore-listed frames
 POST /_next/revalidate 404 in 224ms (compile: 2ms, render: 221ms)
Error: Failed to find Server Action "x". This request might be from an older or newer deployment.
Read more: https://nextjs.org/docs/messages/failed-to-find-server-action
    at ignore-listed frames
 POST /_rsc 404 in 283ms (compile: 3ms, render: 279ms)
Error: Failed to find Server Action "x". This request might be from an older or newer deployment.
Read more: https://nextjs.org/docs/messages/failed-to-find-server-action
    at ignore-listed frames
 POST /?_rsc=x 404 in 236ms (compile: 4ms, render: 232ms)
Error: Failed to find Server Action "x". This request might be from an older or newer deployment.
Read more: https://nextjs.org/docs/messages/failed-to-find-server-action
    at ignore-listed frames
 POST /?__flight__=1 404 in 251ms (compile: 3ms, render: 247ms)
Error: Failed to find Server Action "x". This request might be from an older or newer deployment.
Read more: https://nextjs.org/docs/messages/failed-to-find-server-action
    at ignore-listed frames
 POST /_react_server 404 in 286ms (compile: 3ms, render: 283ms)
Error: Failed to find Server Action "x". This request might be from an older or newer deployment.
Read more: https://nextjs.org/docs/messages/failed-to-find-server-action
    at ignore-listed frames
 POST /apps 404 in 226ms (compile: 3ms, render: 223ms)
Error: Failed to find Server Action "x". This request might be from an older or newer deployment.
Read more: https://nextjs.org/docs/messages/failed-to-find-server-action
    at ignore-listed frames
 POST /sigin 404 in 235ms (compile: 3ms, render: 232ms)
Error: Failed to find Server Action "x". This request might be from an older or newer deployment.
Read more: https://nextjs.org/docs/messages/failed-to-find-server-action
    at ignore-listed frames
 POST / 404 in 432ms (compile: 16ms, render: 416ms)
Error: Failed to find Server Action "x". This request might be from an older or newer deployment.
Read more: https://nextjs.org/docs/messages/failed-to-find-server-action
    at ignore-listed frames
 POST /_next/on-demand-entries-ping 404 in 241ms (compile: 3ms, render: 238ms)
Error: Failed to find Server Action "x". This request might be from an older or newer deployment.
Read more: https://nextjs.org/docs/messages/failed-to-find-server-action
    at ignore-listed frames
 POST /_next/rsc 404 in 231ms (compile: 3ms, render: 229ms)
Error: Failed to find Server Action "x". This request might be from an older or newer deployment.
Read more: https://nextjs.org/docs/messages/failed-to-find-server-action
    at ignore-listed frames
 POST /_next/server-components 404 in 286ms (compile: 3ms, render: 283ms)
Error: Failed to find Server Action "x". This request might be from an older or newer deployment.
Read more: https://nextjs.org/docs/messages/failed-to-find-server-action
    at ignore-listed frames
 POST /_next/data 404 in 238ms (compile: 3ms, render: 235ms)
Error: Failed to find Server Action "x". This request might be from an older or newer deployment.
Read more: https://nextjs.org/docs/messages/failed-to-find-server-action
    at ignore-listed frames
 POST /_next/refresh 404 in 231ms (compile: 3ms, render: 228ms)
Error: Failed to find Server Action "x". This request might be from an older or newer deployment.
Read more: https://nextjs.org/docs/messages/failed-to-find-server-action
    at ignore-listed frames
 POST /_next/redirect 404 in 287ms (compile: 3ms, render: 284ms)
Error: Failed to find Server Action "x". This request might be from an older or newer deployment.
Read more: https://nextjs.org/docs/messages/failed-to-find-server-action
    at ignore-listed frames
 POST /_next/turbopack/flight 404 in 252ms (compile: 3ms, render: 249ms)
Error: Failed to find Server Action "x". This request might be from an older or newer deployment.
Read more: https://nextjs.org/docs/messages/failed-to-find-server-action
    at ignore-listed frames
 POST /_next/webpack-hmr 404 in 269ms (compile: 3ms, render: 266ms)
Error: Failed to find Server Action "x". This request might be from an older or newer deployment.
Read more: https://nextjs.org/docs/messages/failed-to-find-server-action
    at ignore-listed frames
 POST /_next/server-actions 404 in 245ms (compile: 3ms, render: 242ms)
Error: Failed to find Server Action "x". This request might be from an older or newer deployment.
Read more: https://nextjs.org/docs/messages/failed-to-find-server-action
    at ignore-listed frames
 POST /_react/flight 404 in 220ms (compile: 3ms, render: 217ms)
Error: Failed to find Server Action "x". This request might be from an older or newer deployment.
Read more: https://nextjs.org/docs/messages/failed-to-find-server-action
    at ignore-listed frames
 POST /_next/flight 404 in 287ms (compile: 3ms, render: 284ms)
Error: Failed to find Server Action "x". This request might be from an older or newer deployment.
Read more: https://nextjs.org/docs/messages/failed-to-find-server-action
    at ignore-listed frames
 POST /_next/static 404 in 222ms (compile: 3ms, render: 219ms)
Error: Failed to find Server Action "x". This request might be from an older or newer deployment.
Read more: https://nextjs.org/docs/messages/failed-to-find-server-action
    at ignore-listed frames
 POST /_next/server 404 in 232ms (compile: 3ms, render: 230ms)
Error: Failed to find Server Action "x". This request might be from an older or newer deployment.
Read more: https://nextjs.org/docs/messages/failed-to-find-server-action
    at ignore-listed frames
 POST /_next/server/pages 404 in 232ms (compile: 3ms, render: 229ms)
Error: Failed to find Server Action "x". This request might be from an older or newer deployment.
Read more: https://nextjs.org/docs/messages/failed-to-find-server-action
    at ignore-listed frames
 POST /_next/server/chunks 404 in 214ms (compile: 3ms, render: 211ms)
Error: Failed to find Server Action "x". This request might be from an older or newer deployment.
Read more: https://nextjs.org/docs/messages/failed-to-find-server-action
    at ignore-listed frames
 POST /_next/server/app 404 in 315ms (compile: 3ms, render: 313ms)
Error: Failed to find Server Action "x". This request might be from an older or newer deployment.
Read more: https://nextjs.org/docs/messages/failed-to-find-server-action
    at ignore-listed frames
 POST /_next/server/chunks/ssr 404 in 247ms (compile: 3ms, render: 244ms)
Error: Failed to find Server Action "x". This request might be from an older or newer deployment.
Read more: https://nextjs.org/docs/messages/failed-to-find-server-action
    at ignore-listed frames
 POST /_next/revalidate 404 in 266ms (compile: 3ms, render: 263ms)
Error: Failed to find Server Action "x". This request might be from an older or newer deployment.
Read more: https://nextjs.org/docs/messages/failed-to-find-server-action
    at ignore-listed frames
 POST /_rsc 404 in 242ms (compile: 3ms, render: 239ms)
Error: Failed to find Server Action "x". This request might be from an older or newer deployment.
Read more: https://nextjs.org/docs/messages/failed-to-find-server-action
    at ignore-listed frames
 POST /?_rsc=x 404 in 268ms (compile: 7ms, render: 261ms)
Error: Failed to find Server Action "x". This request might be from an older or newer deployment.
Read more: https://nextjs.org/docs/messages/failed-to-find-server-action
    at ignore-listed frames
 POST /?__flight__=1 404 in 295ms (compile: 4ms, render: 291ms)
Error: Failed to find Server Action "x". This request might be from an older or newer deployment.
Read more: https://nextjs.org/docs/messages/failed-to-find-server-action
    at ignore-listed frames
 POST /_react_server 404 in 223ms (compile: 3ms, render: 221ms)
Error: Failed to find Server Action "x". This request might be from an older or newer deployment.
Read more: https://nextjs.org/docs/messages/failed-to-find-server-action
    at ignore-listed frames
 POST /apps 404 in 286ms (compile: 3ms, render: 283ms)
Error: Failed to find Server Action "x". This request might be from an older or newer deployment.
Read more: https://nextjs.org/docs/messages/failed-to-find-server-action
    at ignore-listed frames
 POST /sigin 404 in 228ms (compile: 3ms, render: 225ms)
Error: Failed to find Server Action "x". This request might be from an older or newer deployment.
Read more: https://nextjs.org/docs/messages/failed-to-find-server-action
    at ignore-listed frames
 POST / 404 in 217ms (compile: 4ms, render: 213ms)
Error: Failed to find Server Action "x". This request might be from an older or newer deployment.
Read more: https://nextjs.org/docs/messages/failed-to-find-server-action
    at ignore-listed frames
 POST /_next/on-demand-entries-ping 404 in 267ms (compile: 3ms, render: 265ms)
Error: Failed to find Server Action "x". This request might be from an older or newer deployment.
Read more: https://nextjs.org/docs/messages/failed-to-find-server-action
    at ignore-listed frames
 POST /_next/rsc 404 in 213ms (compile: 3ms, render: 210ms)
Error: Failed to find Server Action "x". This request might be from an older or newer deployment.
Read more: https://nextjs.org/docs/messages/failed-to-find-server-action
    at ignore-listed frames
 POST /_next/server-components 404 in 241ms (compile: 3ms, render: 238ms)
Error: Failed to find Server Action "x". This request might be from an older or newer deployment.
Read more: https://nextjs.org/docs/messages/failed-to-find-server-action
    at ignore-listed frames
 POST /_next/data 404 in 228ms (compile: 3ms, render: 225ms)
Error: Failed to find Server Action "x". This request might be from an older or newer deployment.
Read more: https://nextjs.org/docs/messages/failed-to-find-server-action
    at ignore-listed frames
 POST /_next/refresh 404 in 217ms (compile: 2ms, render: 214ms)
Error: Failed to find Server Action "x". This request might be from an older or newer deployment.
Read more: https://nextjs.org/docs/messages/failed-to-find-server-action
    at ignore-listed frames
 POST /_next/redirect 404 in 329ms (compile: 3ms, render: 327ms)
Error: Failed to find Server Action "x". This request might be from an older or newer deployment.
Read more: https://nextjs.org/docs/messages/failed-to-find-server-action
    at ignore-listed frames
 POST /_next/turbopack/flight 404 in 227ms (compile: 3ms, render: 225ms)
Error: Failed to find Server Action "x". This request might be from an older or newer deployment.
Read more: https://nextjs.org/docs/messages/failed-to-find-server-action
    at ignore-listed frames
 POST /_next/webpack-hmr 404 in 248ms (compile: 3ms, render: 246ms)
Error: Failed to find Server Action "x". This request might be from an older or newer deployment.
Read more: https://nextjs.org/docs/messages/failed-to-find-server-action
    at ignore-listed frames
 POST /_next/server-actions 404 in 291ms (compile: 3ms, render: 288ms)
Error: Failed to find Server Action "x". This request might be from an older or newer deployment.
Read more: https://nextjs.org/docs/messages/failed-to-find-server-action
    at ignore-listed frames
 POST /_react/flight 404 in 220ms (compile: 3ms, render: 217ms)
Error: Failed to find Server Action "x". This request might be from an older or newer deployment.
Read more: https://nextjs.org/docs/messages/failed-to-find-server-action
    at ignore-listed frames
 POST /_next/flight 404 in 231ms (compile: 3ms, render: 229ms)
Error: Failed to find Server Action "x". This request might be from an older or newer deployment.
Read more: https://nextjs.org/docs/messages/failed-to-find-server-action
    at ignore-listed frames
 POST /_next/static 404 in 233ms (compile: 3ms, render: 230ms)
Error: Failed to find Server Action "x". This request might be from an older or newer deployment.
Read more: https://nextjs.org/docs/messages/failed-to-find-server-action
    at ignore-listed frames
 POST /_next/server 404 in 251ms (compile: 3ms, render: 248ms)
Error: Failed to find Server Action "x". This request might be from an older or newer deployment.
Read more: https://nextjs.org/docs/messages/failed-to-find-server-action
    at ignore-listed frames
 POST /_next/server/pages 404 in 241ms (compile: 3ms, render: 238ms)
Error: Failed to find Server Action "x". This request might be from an older or newer deployment.
Read more: https://nextjs.org/docs/messages/failed-to-find-server-action
    at ignore-listed frames
 POST /_next/server/chunks 404 in 222ms (compile: 2ms, render: 219ms)
Error: Failed to find Server Action "x". This request might be from an older or newer deployment.
Read more: https://nextjs.org/docs/messages/failed-to-find-server-action
    at ignore-listed frames
 POST /_next/server/app 404 in 266ms (compile: 3ms, render: 264ms)
Error: Failed to find Server Action "x". This request might be from an older or newer deployment.
Read more: https://nextjs.org/docs/messages/failed-to-find-server-action
    at ignore-listed frames
 POST /_next/server/chunks/ssr 404 in 227ms (compile: 3ms, render: 224ms)
Error: Failed to find Server Action "x". This request might be from an older or newer deployment.
Read more: https://nextjs.org/docs/messages/failed-to-find-server-action
    at ignore-listed frames
 POST /_next/revalidate 404 in 255ms (compile: 3ms, render: 252ms)
Error: Failed to find Server Action "x". This request might be from an older or newer deployment.
Read more: https://nextjs.org/docs/messages/failed-to-find-server-action
    at ignore-listed frames
 POST /_rsc 404 in 248ms (compile: 3ms, render: 245ms)
Error: Failed to find Server Action "x". This request might be from an older or newer deployment.
Read more: https://nextjs.org/docs/messages/failed-to-find-server-action
    at ignore-listed frames
 POST /?_rsc=x 404 in 232ms (compile: 6ms, render: 226ms)
Error: Failed to find Server Action "x". This request might be from an older or newer deployment.
Read more: https://nextjs.org/docs/messages/failed-to-find-server-action
    at ignore-listed frames
 POST /?__flight__=1 404 in 280ms (compile: 6ms, render: 274ms)
Error: Failed to find Server Action "x". This request might be from an older or newer deployment.
Read more: https://nextjs.org/docs/messages/failed-to-find-server-action
    at ignore-listed frames
 POST /_react_server 404 in 215ms (compile: 3ms, render: 212ms)
Error: Failed to find Server Action "x". This request might be from an older or newer deployment.
Read more: https://nextjs.org/docs/messages/failed-to-find-server-action
    at ignore-listed frames
 POST /apps 404 in 261ms (compile: 3ms, render: 258ms)
Error: Failed to find Server Action "x". This request might be from an older or newer deployment.
Read more: https://nextjs.org/docs/messages/failed-to-find-server-action
    at ignore-listed frames
 POST /sigin 404 in 240ms (compile: 4ms, render: 236ms)
 GET / 200 in 71ms (compile: 18ms, render: 53ms)
Error: Failed to find Server Action "x". This request might be from an older or newer deployment.
Read more: https://nextjs.org/docs/messages/failed-to-find-server-action
    at ignore-listed frames
 POST / 404 in 416ms (compile: 15ms, render: 400ms)
Error: Failed to find Server Action "x". This request might be from an older or newer deployment.
Read more: https://nextjs.org/docs/messages/failed-to-find-server-action
    at ignore-listed frames
 POST /_next/on-demand-entries-ping 404 in 258ms (compile: 5ms, render: 253ms)
Error: Failed to find Server Action "x". This request might be from an older or newer deployment.
Read more: https://nextjs.org/docs/messages/failed-to-find-server-action
    at ignore-listed frames
 POST /_next/rsc 404 in 261ms (compile: 3ms, render: 259ms)
Error: Failed to find Server Action "x". This request might be from an older or newer deployment.
Read more: https://nextjs.org/docs/messages/failed-to-find-server-action
    at ignore-listed frames
 POST /_next/server-components 404 in 259ms (compile: 4ms, render: 255ms)
Error: Failed to find Server Action "x". This request might be from an older or newer deployment.
Read more: https://nextjs.org/docs/messages/failed-to-find-server-action
    at ignore-listed frames
 POST /_next/data 404 in 226ms (compile: 3ms, render: 222ms)
Error: Failed to find Server Action "x". This request might be from an older or newer deployment.
Read more: https://nextjs.org/docs/messages/failed-to-find-server-action
    at ignore-listed frames
 POST /_next/refresh 404 in 300ms (compile: 3ms, render: 297ms)
Error: Failed to find Server Action "x". This request might be from an older or newer deployment.
Read more: https://nextjs.org/docs/messages/failed-to-find-server-action
    at ignore-listed frames
 POST /_next/redirect 404 in 246ms (compile: 3ms, render: 244ms)
Error: Failed to find Server Action "x". This request might be from an older or newer deployment.
Read more: https://nextjs.org/docs/messages/failed-to-find-server-action
    at ignore-listed frames
 POST /_next/turbopack/flight 404 in 264ms (compile: 3ms, render: 262ms)
Error: Failed to find Server Action "x". This request might be from an older or newer deployment.
Read more: https://nextjs.org/docs/messages/failed-to-find-server-action
    at ignore-listed frames
 POST /_next/webpack-hmr 404 in 253ms (compile: 3ms, render: 250ms)
Error: Failed to find Server Action "x". This request might be from an older or newer deployment.
Read more: https://nextjs.org/docs/messages/failed-to-find-server-action
    at ignore-listed frames
 POST /_next/server-actions 404 in 219ms (compile: 3ms, render: 216ms)
Error: Failed to find Server Action "x". This request might be from an older or newer deployment.
Read more: https://nextjs.org/docs/messages/failed-to-find-server-action
    at ignore-listed frames
 POST /_react/flight 404 in 281ms (compile: 2ms, render: 278ms)
Error: Failed to find Server Action "x". This request might be from an older or newer deployment.
Read more: https://nextjs.org/docs/messages/failed-to-find-server-action
    at ignore-listed frames
 POST /_next/flight 404 in 250ms (compile: 3ms, render: 247ms)
Error: Failed to find Server Action "x". This request might be from an older or newer deployment.
Read more: https://nextjs.org/docs/messages/failed-to-find-server-action
    at ignore-listed frames
 POST /_next/static 404 in 254ms (compile: 3ms, render: 251ms)
Error: Failed to find Server Action "x". This request might be from an older or newer deployment.
Read more: https://nextjs.org/docs/messages/failed-to-find-server-action
    at ignore-listed frames
 POST /_next/server 404 in 251ms (compile: 3ms, render: 248ms)
Error: Failed to find Server Action "x". This request might be from an older or newer deployment.
Read more: https://nextjs.org/docs/messages/failed-to-find-server-action
    at ignore-listed frames
 POST /_next/server/pages 404 in 247ms (compile: 3ms, render: 244ms)
Error: Failed to find Server Action "x". This request might be from an older or newer deployment.
Read more: https://nextjs.org/docs/messages/failed-to-find-server-action
    at ignore-listed frames
 POST /_next/server/chunks 404 in 323ms (compile: 4ms, render: 319ms)
Error: Failed to find Server Action "x". This request might be from an older or newer deployment.
Read more: https://nextjs.org/docs/messages/failed-to-find-server-action
    at ignore-listed frames
 POST /_next/server/app 404 in 230ms (compile: 3ms, render: 227ms)
Error: Failed to find Server Action "x". This request might be from an older or newer deployment.
Read more: https://nextjs.org/docs/messages/failed-to-find-server-action
    at ignore-listed frames
 POST /_next/server/chunks/ssr 404 in 246ms (compile: 3ms, render: 244ms)
Error: Failed to find Server Action "x". This request might be from an older or newer deployment.
Read more: https://nextjs.org/docs/messages/failed-to-find-server-action
    at ignore-listed frames
 POST /_next/revalidate 404 in 252ms (compile: 3ms, render: 249ms)
Error: Failed to find Server Action "x". This request might be from an older or newer deployment.
Read more: https://nextjs.org/docs/messages/failed-to-find-server-action
    at ignore-listed frames
 POST /_rsc 404 in 225ms (compile: 3ms, render: 223ms)
Error: Failed to find Server Action "x". This request might be from an older or newer deployment.
Read more: https://nextjs.org/docs/messages/failed-to-find-server-action
    at ignore-listed frames
 POST /?_rsc=x 404 in 316ms (compile: 9ms, render: 307ms)
Error: Failed to find Server Action "x". This request might be from an older or newer deployment.
Read more: https://nextjs.org/docs/messages/failed-to-find-server-action
    at ignore-listed frames
 POST /?__flight__=1 404 in 242ms (compile: 4ms, render: 239ms)
Error: Failed to find Server Action "x". This request might be from an older or newer deployment.
Read more: https://nextjs.org/docs/messages/failed-to-find-server-action
    at ignore-listed frames
 POST /_react_server 404 in 270ms (compile: 3ms, render: 267ms)
Error: Failed to find Server Action "x". This request might be from an older or newer deployment.
Read more: https://nextjs.org/docs/messages/failed-to-find-server-action
    at ignore-listed frames
 POST /apps 404 in 237ms (compile: 3ms, render: 235ms)
Error: Failed to find Server Action "x". This request might be from an older or newer deployment.
Read more: https://nextjs.org/docs/messages/failed-to-find-server-action
    at ignore-listed frames
 POST /sigin 404 in 273ms (compile: 3ms, render: 270ms)
Error: Failed to find Server Action "x". This request might be from an older or newer deployment.
Read more: https://nextjs.org/docs/messages/failed-to-find-server-action
    at ignore-listed frames
 POST / 404 in 229ms (compile: 4ms, render: 225ms)
Error: Failed to find Server Action "x". This request might be from an older or newer deployment.
Read more: https://nextjs.org/docs/messages/failed-to-find-server-action
    at ignore-listed frames
 POST /_next/on-demand-entries-ping 404 in 260ms (compile: 29ms, render: 231ms)
Error: Failed to find Server Action "x". This request might be from an older or newer deployment.
Read more: https://nextjs.org/docs/messages/failed-to-find-server-action
    at ignore-listed frames
 POST /_next/rsc 404 in 242ms (compile: 3ms, render: 239ms)
Error: Failed to find Server Action "x". This request might be from an older or newer deployment.
Read more: https://nextjs.org/docs/messages/failed-to-find-server-action
    at ignore-listed frames
 POST /_next/server-components 404 in 238ms (compile: 4ms, render: 235ms)
Error: Failed to find Server Action "x". This request might be from an older or newer deployment.
Read more: https://nextjs.org/docs/messages/failed-to-find-server-action
    at ignore-listed frames
 POST /_next/data 404 in 290ms (compile: 3ms, render: 287ms)
Error: Failed to find Server Action "x". This request might be from an older or newer deployment.
Read more: https://nextjs.org/docs/messages/failed-to-find-server-action
    at ignore-listed frames
 POST /_next/refresh 404 in 230ms (compile: 2ms, render: 228ms)
Error: Failed to find Server Action "x". This request might be from an older or newer deployment.
Read more: https://nextjs.org/docs/messages/failed-to-find-server-action
    at ignore-listed frames
 POST /_next/redirect 404 in 251ms (compile: 3ms, render: 248ms)
Error: Failed to find Server Action "x". This request might be from an older or newer deployment.
Read more: https://nextjs.org/docs/messages/failed-to-find-server-action
    at ignore-listed frames
 POST /_next/turbopack/flight 404 in 247ms (compile: 3ms, render: 244ms)
Error: Failed to find Server Action "x". This request might be from an older or newer deployment.
Read more: https://nextjs.org/docs/messages/failed-to-find-server-action
    at ignore-listed frames
 POST /_next/webpack-hmr 404 in 228ms (compile: 3ms, render: 225ms)
Error: Failed to find Server Action "x". This request might be from an older or newer deployment.
Read more: https://nextjs.org/docs/messages/failed-to-find-server-action
    at ignore-listed frames
 POST /_next/server-actions 404 in 297ms (compile: 3ms, render: 294ms)
Error: Failed to find Server Action "x". This request might be from an older or newer deployment.
Read more: https://nextjs.org/docs/messages/failed-to-find-server-action
    at ignore-listed frames
 POST /_react/flight 404 in 222ms (compile: 2ms, render: 220ms)
Error: Failed to find Server Action "x". This request might be from an older or newer deployment.
Read more: https://nextjs.org/docs/messages/failed-to-find-server-action
    at ignore-listed frames
 POST /_next/flight 404 in 250ms (compile: 2ms, render: 248ms)
Error: Failed to find Server Action "x". This request might be from an older or newer deployment.
Read more: https://nextjs.org/docs/messages/failed-to-find-server-action
    at ignore-listed frames
 POST /_next/static 404 in 265ms (compile: 4ms, render: 262ms)
Error: Failed to find Server Action "x". This request might be from an older or newer deployment.
Read more: https://nextjs.org/docs/messages/failed-to-find-server-action
    at ignore-listed frames
 POST /_next/server 404 in 237ms (compile: 3ms, render: 233ms)
Error: Failed to find Server Action "x". This request might be from an older or newer deployment.
Read more: https://nextjs.org/docs/messages/failed-to-find-server-action
    at ignore-listed frames
 POST /_next/server/pages 404 in 225ms (compile: 3ms, render: 222ms)
Error: Failed to find Server Action "x". This request might be from an older or newer deployment.
Read more: https://nextjs.org/docs/messages/failed-to-find-server-action
    at ignore-listed frames
 POST /_next/server/chunks 404 in 232ms (compile: 3ms, render: 229ms)
Error: Failed to find Server Action "x". This request might be from an older or newer deployment.
Read more: https://nextjs.org/docs/messages/failed-to-find-server-action
    at ignore-listed frames
 POST /_next/server/app 404 in 253ms (compile: 3ms, render: 250ms)
Error: Failed to find Server Action "x". This request might be from an older or newer deployment.
Read more: https://nextjs.org/docs/messages/failed-to-find-server-action
    at ignore-listed frames
 POST /_next/server/chunks/ssr 404 in 269ms (compile: 3ms, render: 266ms)
Error: Failed to find Server Action "x". This request might be from an older or newer deployment.
Read more: https://nextjs.org/docs/messages/failed-to-find-server-action
    at ignore-listed frames
 POST /_next/revalidate 404 in 242ms (compile: 5ms, render: 237ms)
Error: Failed to find Server Action "x". This request might be from an older or newer deployment.
Read more: https://nextjs.org/docs/messages/failed-to-find-server-action
    at ignore-listed frames
 POST /_rsc 404 in 285ms (compile: 3ms, render: 282ms)
Error: Failed to find Server Action "x". This request might be from an older or newer deployment.
Read more: https://nextjs.org/docs/messages/failed-to-find-server-action
    at ignore-listed frames
 POST /?_rsc=x 404 in 231ms (compile: 5ms, render: 227ms)
Error: Failed to find Server Action "x". This request might be from an older or newer deployment.
Read more: https://nextjs.org/docs/messages/failed-to-find-server-action
    at ignore-listed frames
 POST /?__flight__=1 404 in 261ms (compile: 4ms, render: 258ms)
Error: Failed to find Server Action "x". This request might be from an older or newer deployment.
Read more: https://nextjs.org/docs/messages/failed-to-find-server-action
    at ignore-listed frames
 POST /_react_server 404 in 254ms (compile: 3ms, render: 251ms)
Error: Failed to find Server Action "x". This request might be from an older or newer deployment.
Read more: https://nextjs.org/docs/messages/failed-to-find-server-action
    at ignore-listed frames
 POST /apps 404 in 223ms (compile: 3ms, render: 220ms)
Error: Failed to find Server Action "x". This request might be from an older or newer deployment.
Read more: https://nextjs.org/docs/messages/failed-to-find-server-action
    at ignore-listed frames
 POST /sigin 404 in 218ms (compile: 3ms, render: 215ms)
Error: Failed to find Server Action "x". This request might be from an older or newer deployment.
Read more: https://nextjs.org/docs/messages/failed-to-find-server-action
    at ignore-listed frames
 POST / 404 in 400ms (compile: 10ms, render: 390ms)
Error: Failed to find Server Action "x". This request might be from an older or newer deployment.
Read more: https://nextjs.org/docs/messages/failed-to-find-server-action
    at ignore-listed frames
 POST /_next/on-demand-entries-ping 404 in 279ms (compile: 3ms, render: 276ms)
Error: Failed to find Server Action "x". This request might be from an older or newer deployment.
Read more: https://nextjs.org/docs/messages/failed-to-find-server-action
    at ignore-listed frames
 POST /_next/rsc 404 in 250ms (compile: 3ms, render: 246ms)
Error: Failed to find Server Action "x". This request might be from an older or newer deployment.
Read more: https://nextjs.org/docs/messages/failed-to-find-server-action
    at ignore-listed frames
 POST /_next/server-components 404 in 301ms (compile: 3ms, render: 298ms)
Error: Failed to find Server Action "x". This request might be from an older or newer deployment.
Read more: https://nextjs.org/docs/messages/failed-to-find-server-action
    at ignore-listed frames
 POST /_next/data 404 in 244ms (compile: 4ms, render: 241ms)
Error: Failed to find Server Action "x". This request might be from an older or newer deployment.
Read more: https://nextjs.org/docs/messages/failed-to-find-server-action
    at ignore-listed frames
 POST /_next/refresh 404 in 218ms (compile: 3ms, render: 216ms)
Error: Failed to find Server Action "x". This request might be from an older or newer deployment.
Read more: https://nextjs.org/docs/messages/failed-to-find-server-action
    at ignore-listed frames
 POST /_next/redirect 404 in 293ms (compile: 3ms, render: 290ms)
Error: Failed to find Server Action "x". This request might be from an older or newer deployment.
Read more: https://nextjs.org/docs/messages/failed-to-find-server-action
    at ignore-listed frames
 POST /_next/turbopack/flight 404 in 224ms (compile: 3ms, render: 222ms)
Error: Failed to find Server Action "x". This request might be from an older or newer deployment.
Read more: https://nextjs.org/docs/messages/failed-to-find-server-action
    at ignore-listed frames
 POST /_next/webpack-hmr 404 in 265ms (compile: 3ms, render: 263ms)
Error: Failed to find Server Action "x". This request might be from an older or newer deployment.
Read more: https://nextjs.org/docs/messages/failed-to-find-server-action
    at ignore-listed frames
 POST /_next/server-actions 404 in 230ms (compile: 3ms, render: 227ms)
Error: Failed to find Server Action "x". This request might be from an older or newer deployment.
Read more: https://nextjs.org/docs/messages/failed-to-find-server-action
    at ignore-listed frames
 POST /_react/flight 404 in 224ms (compile: 3ms, render: 221ms)
Error: Failed to find Server Action "x". This request might be from an older or newer deployment.
Read more: https://nextjs.org/docs/messages/failed-to-find-server-action
    at ignore-listed frames
 POST /_next/flight 404 in 302ms (compile: 3ms, render: 299ms)
Error: Failed to find Server Action "x". This request might be from an older or newer deployment.
Read more: https://nextjs.org/docs/messages/failed-to-find-server-action
    at ignore-listed frames
 POST /_next/static 404 in 245ms (compile: 4ms, render: 241ms)
Error: Failed to find Server Action "x". This request might be from an older or newer deployment.
Read more: https://nextjs.org/docs/messages/failed-to-find-server-action
    at ignore-listed frames
 POST /_next/server 404 in 258ms (compile: 3ms, render: 255ms)
Error: Failed to find Server Action "x". This request might be from an older or newer deployment.
Read more: https://nextjs.org/docs/messages/failed-to-find-server-action
    at ignore-listed frames
 POST /_next/server/pages 404 in 250ms (compile: 3ms, render: 247ms)
Error: Failed to find Server Action "x". This request might be from an older or newer deployment.
Read more: https://nextjs.org/docs/messages/failed-to-find-server-action
    at ignore-listed frames
 POST /_next/server/chunks 404 in 215ms (compile: 2ms, render: 213ms)
Error: Failed to find Server Action "x". This request might be from an older or newer deployment.
Read more: https://nextjs.org/docs/messages/failed-to-find-server-action
    at ignore-listed frames
 POST /_next/server/app 404 in 285ms (compile: 3ms, render: 282ms)
Error: Failed to find Server Action "x". This request might be from an older or newer deployment.
Read more: https://nextjs.org/docs/messages/failed-to-find-server-action
    at ignore-listed frames
 POST /_next/server/chunks/ssr 404 in 226ms (compile: 3ms, render: 223ms)
Error: Failed to find Server Action "x". This request might be from an older or newer deployment.
Read more: https://nextjs.org/docs/messages/failed-to-find-server-action
    at ignore-listed frames
 POST /_next/revalidate 404 in 248ms (compile: 3ms, render: 245ms)
Error: Failed to find Server Action "x". This request might be from an older or newer deployment.
Read more: https://nextjs.org/docs/messages/failed-to-find-server-action
    at ignore-listed frames
 POST /_rsc 404 in 235ms (compile: 3ms, render: 232ms)
Error: Failed to find Server Action "x". This request might be from an older or newer deployment.
Read more: https://nextjs.org/docs/messages/failed-to-find-server-action
    at ignore-listed frames
 POST /?_rsc=x 404 in 232ms (compile: 4ms, render: 228ms)
Error: Failed to find Server Action "x". This request might be from an older or newer deployment.
Read more: https://nextjs.org/docs/messages/failed-to-find-server-action
    at ignore-listed frames
 POST /?__flight__=1 404 in 292ms (compile: 4ms, render: 288ms)
Error: Failed to find Server Action "x". This request might be from an older or newer deployment.
Read more: https://nextjs.org/docs/messages/failed-to-find-server-action
    at ignore-listed frames
 POST /_react_server 404 in 235ms (compile: 3ms, render: 232ms)
Error: Failed to find Server Action "x". This request might be from an older or newer deployment.
Read more: https://nextjs.org/docs/messages/failed-to-find-server-action
    at ignore-listed frames
 POST /apps 404 in 279ms (compile: 3ms, render: 276ms)
Error: Failed to find Server Action "x". This request might be from an older or newer deployment.
Read more: https://nextjs.org/docs/messages/failed-to-find-server-action
    at ignore-listed frames
 POST /sigin 404 in 247ms (compile: 3ms, render: 245ms)
 GET / 200 in 43ms (compile: 5ms, render: 38ms)
Error: Failed to find Server Action "x". This request might be from an older or newer deployment.
Read more: https://nextjs.org/docs/messages/failed-to-find-server-action
    at ignore-listed frames
 POST / 404 in 262ms (compile: 9ms, render: 253ms)
Error: Failed to find Server Action "x". This request might be from an older or newer deployment.
Read more: https://nextjs.org/docs/messages/failed-to-find-server-action
    at ignore-listed frames
 POST / 404 in 346ms (compile: 6ms, render: 340ms)
Error: Failed to find Server Action "x". This request might be from an older or newer deployment.
Read more: https://nextjs.org/docs/messages/failed-to-find-server-action
    at ignore-listed frames
 POST /_next/on-demand-entries-ping 404 in 261ms (compile: 3ms, render: 258ms)
Error: Failed to find Server Action "x". This request might be from an older or newer deployment.
Read more: https://nextjs.org/docs/messages/failed-to-find-server-action
    at ignore-listed frames
 POST /_next/rsc 404 in 234ms (compile: 3ms, render: 230ms)
Error: Failed to find Server Action "x". This request might be from an older or newer deployment.
Read more: https://nextjs.org/docs/messages/failed-to-find-server-action
    at ignore-listed frames
 POST /_next/server-components 404 in 287ms (compile: 3ms, render: 284ms)
Error: Failed to find Server Action "x". This request might be from an older or newer deployment.
Read more: https://nextjs.org/docs/messages/failed-to-find-server-action
    at ignore-listed frames
 POST /_next/data 404 in 244ms (compile: 4ms, render: 240ms)
Error: Failed to find Server Action "x". This request might be from an older or newer deployment.
Read more: https://nextjs.org/docs/messages/failed-to-find-server-action
    at ignore-listed frames
 POST /_next/refresh 404 in 262ms (compile: 3ms, render: 259ms)
Error: Failed to find Server Action "x". This request might be from an older or newer deployment.
Read more: https://nextjs.org/docs/messages/failed-to-find-server-action
    at ignore-listed frames
 POST /_next/redirect 404 in 269ms (compile: 3ms, render: 267ms)
Error: Failed to find Server Action "x". This request might be from an older or newer deployment.
Read more: https://nextjs.org/docs/messages/failed-to-find-server-action
    at ignore-listed frames
 POST /_next/turbopack/flight 404 in 235ms (compile: 3ms, render: 233ms)
Error: Failed to find Server Action "x". This request might be from an older or newer deployment.
Read more: https://nextjs.org/docs/messages/failed-to-find-server-action
    at ignore-listed frames
 POST /_next/webpack-hmr 404 in 221ms (compile: 3ms, render: 219ms)
Error: Failed to find Server Action "x". This request might be from an older or newer deployment.
Read more: https://nextjs.org/docs/messages/failed-to-find-server-action
    at ignore-listed frames
 POST /_next/server-actions 404 in 242ms (compile: 3ms, render: 239ms)
Error: Failed to find Server Action "x". This request might be from an older or newer deployment.
Read more: https://nextjs.org/docs/messages/failed-to-find-server-action
    at ignore-listed frames
 POST /_react/flight 404 in 256ms (compile: 3ms, render: 254ms)
Error: Failed to find Server Action "x". This request might be from an older or newer deployment.
Read more: https://nextjs.org/docs/messages/failed-to-find-server-action
    at ignore-listed frames
 POST /_next/flight 404 in 244ms (compile: 4ms, render: 240ms)
Error: Failed to find Server Action "x". This request might be from an older or newer deployment.
Read more: https://nextjs.org/docs/messages/failed-to-find-server-action
    at ignore-listed frames
 POST /_next/static 404 in 313ms (compile: 3ms, render: 309ms)
Error: Failed to find Server Action "x". This request might be from an older or newer deployment.
Read more: https://nextjs.org/docs/messages/failed-to-find-server-action
    at ignore-listed frames
 POST /_next/server 404 in 274ms (compile: 3ms, render: 271ms)
Error: Failed to find Server Action "x". This request might be from an older or newer deployment.
Read more: https://nextjs.org/docs/messages/failed-to-find-server-action
    at ignore-listed frames
 POST /_next/server/pages 404 in 243ms (compile: 3ms, render: 241ms)
Error: Failed to find Server Action "x". This request might be from an older or newer deployment.
Read more: https://nextjs.org/docs/messages/failed-to-find-server-action
    at ignore-listed frames
 POST /_next/server/chunks 404 in 259ms (compile: 2ms, render: 256ms)
Error: Failed to find Server Action "x". This request might be from an older or newer deployment.
Read more: https://nextjs.org/docs/messages/failed-to-find-server-action
    at ignore-listed frames
 POST /_next/server/app 404 in 286ms (compile: 2ms, render: 283ms)
Error: Failed to find Server Action "x". This request might be from an older or newer deployment.
Read more: https://nextjs.org/docs/messages/failed-to-find-server-action
    at ignore-listed frames
 POST /_next/server/chunks/ssr 404 in 295ms (compile: 4ms, render: 292ms)
Error: Failed to find Server Action "x". This request might be from an older or newer deployment.
Read more: https://nextjs.org/docs/messages/failed-to-find-server-action
    at ignore-listed frames
 POST /_next/revalidate 404 in 229ms (compile: 3ms, render: 226ms)
Error: Failed to find Server Action "x". This request might be from an older or newer deployment.
Read more: https://nextjs.org/docs/messages/failed-to-find-server-action
    at ignore-listed frames
 POST /_rsc 404 in 233ms (compile: 3ms, render: 230ms)
Error: Failed to find Server Action "x". This request might be from an older or newer deployment.
Read more: https://nextjs.org/docs/messages/failed-to-find-server-action
    at ignore-listed frames
 POST /?_rsc=x 404 in 259ms (compile: 4ms, render: 255ms)
Error: Failed to find Server Action "x". This request might be from an older or newer deployment.
Read more: https://nextjs.org/docs/messages/failed-to-find-server-action
    at ignore-listed frames
 POST /?__flight__=1 404 in 270ms (compile: 6ms, render: 263ms)
Error: Failed to find Server Action "x". This request might be from an older or newer deployment.
Read more: https://nextjs.org/docs/messages/failed-to-find-server-action
    at ignore-listed frames
 POST /_react_server 404 in 228ms (compile: 3ms, render: 225ms)
Error: Failed to find Server Action "x". This request might be from an older or newer deployment.
Read more: https://nextjs.org/docs/messages/failed-to-find-server-action
    at ignore-listed frames
 POST /apps 404 in 276ms (compile: 3ms, render: 273ms)
Error: Failed to find Server Action "x". This request might be from an older or newer deployment.
Read more: https://nextjs.org/docs/messages/failed-to-find-server-action
    at ignore-listed frames
 POST /sigin 404 in 250ms (compile: 4ms, render: 246ms)
Error: Failed to find Server Action "x". This request might be from an older or newer deployment.
Read more: https://nextjs.org/docs/messages/failed-to-find-server-action
    at ignore-listed frames
 POST / 404 in 251ms (compile: 3ms, render: 248ms)
Error: Failed to find Server Action "x". This request might be from an older or newer deployment.
Read more: https://nextjs.org/docs/messages/failed-to-find-server-action
    at ignore-listed frames
 POST /_next/on-demand-entries-ping 404 in 271ms (compile: 3ms, render: 268ms)
Error: Failed to find Server Action "x". This request might be from an older or newer deployment.
Read more: https://nextjs.org/docs/messages/failed-to-find-server-action
    at ignore-listed frames
 POST /_next/rsc 404 in 236ms (compile: 3ms, render: 233ms)
Error: Failed to find Server Action "x". This request might be from an older or newer deployment.
Read more: https://nextjs.org/docs/messages/failed-to-find-server-action
    at ignore-listed frames
 POST /_next/server-components 404 in 269ms (compile: 3ms, render: 266ms)
Error: Failed to find Server Action "x". This request might be from an older or newer deployment.
Read more: https://nextjs.org/docs/messages/failed-to-find-server-action
    at ignore-listed frames
 POST /_next/data 404 in 218ms (compile: 3ms, render: 215ms)
Error: Failed to find Server Action "x". This request might be from an older or newer deployment.
Read more: https://nextjs.org/docs/messages/failed-to-find-server-action
    at ignore-listed frames
 POST /_next/refresh 404 in 258ms (compile: 3ms, render: 254ms)
Error: Failed to find Server Action "x". This request might be from an older or newer deployment.
Read more: https://nextjs.org/docs/messages/failed-to-find-server-action
    at ignore-listed frames
 POST /_next/redirect 404 in 256ms (compile: 3ms, render: 252ms)
Error: Failed to find Server Action "x". This request might be from an older or newer deployment.
Read more: https://nextjs.org/docs/messages/failed-to-find-server-action
    at ignore-listed frames
 POST /_next/turbopack/flight 404 in 242ms (compile: 3ms, render: 239ms)
Error: Failed to find Server Action "x". This request might be from an older or newer deployment.
Read more: https://nextjs.org/docs/messages/failed-to-find-server-action
    at ignore-listed frames
 POST /_next/webpack-hmr 404 in 285ms (compile: 3ms, render: 282ms)
Error: Failed to find Server Action "x". This request might be from an older or newer deployment.
Read more: https://nextjs.org/docs/messages/failed-to-find-server-action
    at ignore-listed frames
 POST /_next/server-actions 404 in 235ms (compile: 3ms, render: 232ms)
Error: Failed to find Server Action "x". This request might be from an older or newer deployment.
Read more: https://nextjs.org/docs/messages/failed-to-find-server-action
    at ignore-listed frames
 POST /_react/flight 404 in 259ms (compile: 3ms, render: 256ms)
Error: Failed to find Server Action "x". This request might be from an older or newer deployment.
Read more: https://nextjs.org/docs/messages/failed-to-find-server-action
    at ignore-listed frames
 POST /_next/flight 404 in 266ms (compile: 3ms, render: 263ms)
Error: Failed to find Server Action "x". This request might be from an older or newer deployment.
Read more: https://nextjs.org/docs/messages/failed-to-find-server-action
    at ignore-listed frames
 POST /_next/static 404 in 247ms (compile: 3ms, render: 244ms)
Error: Failed to find Server Action "x". This request might be from an older or newer deployment.
Read more: https://nextjs.org/docs/messages/failed-to-find-server-action
    at ignore-listed frames
 POST /_next/server 404 in 230ms (compile: 3ms, render: 227ms)
Error: Failed to find Server Action "x". This request might be from an older or newer deployment.
Read more: https://nextjs.org/docs/messages/failed-to-find-server-action
    at ignore-listed frames
 POST /_next/server/pages 404 in 229ms (compile: 3ms, render: 226ms)
Error: Failed to find Server Action "x". This request might be from an older or newer deployment.
Read more: https://nextjs.org/docs/messages/failed-to-find-server-action
    at ignore-listed frames
 POST /_next/server/chunks 404 in 258ms (compile: 3ms, render: 255ms)
Error: Failed to find Server Action "x". This request might be from an older or newer deployment.
Read more: https://nextjs.org/docs/messages/failed-to-find-server-action
    at ignore-listed frames
 POST /_next/server/app 404 in 248ms (compile: 3ms, render: 244ms)
Error: Failed to find Server Action "x". This request might be from an older or newer deployment.
Read more: https://nextjs.org/docs/messages/failed-to-find-server-action
    at ignore-listed frames
 POST /_next/server/chunks/ssr 404 in 222ms (compile: 3ms, render: 219ms)
Error: Failed to find Server Action "x". This request might be from an older or newer deployment.
Read more: https://nextjs.org/docs/messages/failed-to-find-server-action
    at ignore-listed frames
 POST /_next/revalidate 404 in 296ms (compile: 3ms, render: 293ms)
Error: Failed to find Server Action "x". This request might be from an older or newer deployment.
Read more: https://nextjs.org/docs/messages/failed-to-find-server-action
    at ignore-listed frames
 POST /_rsc 404 in 242ms (compile: 3ms, render: 240ms)
Error: Failed to find Server Action "x". This request might be from an older or newer deployment.
Read more: https://nextjs.org/docs/messages/failed-to-find-server-action
    at ignore-listed frames
 POST /?_rsc=x 404 in 279ms (compile: 5ms, render: 274ms)
Error: Failed to find Server Action "x". This request might be from an older or newer deployment.
Read more: https://nextjs.org/docs/messages/failed-to-find-server-action
    at ignore-listed frames
 POST /?__flight__=1 404 in 251ms (compile: 4ms, render: 247ms)
Error: Failed to find Server Action "x". This request might be from an older or newer deployment.
Read more: https://nextjs.org/docs/messages/failed-to-find-server-action
    at ignore-listed frames
 POST /_react_server 404 in 220ms (compile: 3ms, render: 218ms)
Error: Failed to find Server Action "x". This request might be from an older or newer deployment.
Read more: https://nextjs.org/docs/messages/failed-to-find-server-action
    at ignore-listed frames
 POST /apps 404 in 305ms (compile: 4ms, render: 302ms)
Error: Failed to find Server Action "x". This request might be from an older or newer deployment.
Read more: https://nextjs.org/docs/messages/failed-to-find-server-action
    at ignore-listed frames
 POST /sigin 404 in 256ms (compile: 3ms, render: 253ms)
Error: Failed to find Server Action "x". This request might be from an older or newer deployment.
Read more: https://nextjs.org/docs/messages/failed-to-find-server-action
    at ignore-listed frames
 POST / 404 in 400ms (compile: 10ms, render: 390ms)
Error: Failed to find Server Action "x". This request might be from an older or newer deployment.
Read more: https://nextjs.org/docs/messages/failed-to-find-server-action
    at ignore-listed frames
 POST /_next/on-demand-entries-ping 404 in 268ms (compile: 3ms, render: 265ms)
Error: Failed to find Server Action "x". This request might be from an older or newer deployment.
Read more: https://nextjs.org/docs/messages/failed-to-find-server-action
    at ignore-listed frames
 POST /_next/rsc 404 in 260ms (compile: 3ms, render: 257ms)
Error: Failed to find Server Action "x". This request might be from an older or newer deployment.
Read more: https://nextjs.org/docs/messages/failed-to-find-server-action
    at ignore-listed frames
 POST /_next/server-components 404 in 290ms (compile: 3ms, render: 286ms)
Error: Failed to find Server Action "x". This request might be from an older or newer deployment.
Read more: https://nextjs.org/docs/messages/failed-to-find-server-action
    at ignore-listed frames
 POST /_next/data 404 in 246ms (compile: 3ms, render: 243ms)
Error: Failed to find Server Action "x". This request might be from an older or newer deployment.
Read more: https://nextjs.org/docs/messages/failed-to-find-server-action
    at ignore-listed frames
 POST /_next/refresh 404 in 240ms (compile: 3ms, render: 237ms)
Error: Failed to find Server Action "x". This request might be from an older or newer deployment.
Read more: https://nextjs.org/docs/messages/failed-to-find-server-action
    at ignore-listed frames
 POST /_next/redirect 404 in 388ms (compile: 3ms, render: 386ms)
Error: Failed to find Server Action "x". This request might be from an older or newer deployment.
Read more: https://nextjs.org/docs/messages/failed-to-find-server-action
    at ignore-listed frames
 POST /_next/turbopack/flight 404 in 253ms (compile: 4ms, render: 249ms)
Error: Failed to find Server Action "x". This request might be from an older or newer deployment.
Read more: https://nextjs.org/docs/messages/failed-to-find-server-action
    at ignore-listed frames
 POST /_next/webpack-hmr 404 in 274ms (compile: 3ms, render: 271ms)
Error: Failed to find Server Action "x". This request might be from an older or newer deployment.
Read more: https://nextjs.org/docs/messages/failed-to-find-server-action
    at ignore-listed frames
 POST /_next/server-actions 404 in 265ms (compile: 3ms, render: 261ms)
Error: Failed to find Server Action "x". This request might be from an older or newer deployment.
Read more: https://nextjs.org/docs/messages/failed-to-find-server-action
    at ignore-listed frames
 POST /_react/flight 404 in 261ms (compile: 3ms, render: 258ms)
Error: Failed to find Server Action "x". This request might be from an older or newer deployment.
Read more: https://nextjs.org/docs/messages/failed-to-find-server-action
    at ignore-listed frames
 POST /_next/flight 404 in 281ms (compile: 3ms, render: 278ms)
Error: Failed to find Server Action "x". This request might be from an older or newer deployment.
Read more: https://nextjs.org/docs/messages/failed-to-find-server-action
    at ignore-listed frames
 POST /_next/static 404 in 219ms (compile: 3ms, render: 216ms)
Error: Failed to find Server Action "x". This request might be from an older or newer deployment.
Read more: https://nextjs.org/docs/messages/failed-to-find-server-action
    at ignore-listed frames
 POST /_next/server 404 in 256ms (compile: 3ms, render: 252ms)
Error: Failed to find Server Action "x". This request might be from an older or newer deployment.
Read more: https://nextjs.org/docs/messages/failed-to-find-server-action
    at ignore-listed frames
 POST /_next/server/pages 404 in 257ms (compile: 3ms, render: 254ms)
Error: Failed to find Server Action "x". This request might be from an older or newer deployment.
Read more: https://nextjs.org/docs/messages/failed-to-find-server-action
    at ignore-listed frames
 POST /_next/server/chunks 404 in 227ms (compile: 2ms, render: 224ms)
Error: Failed to find Server Action "x". This request might be from an older or newer deployment.
Read more: https://nextjs.org/docs/messages/failed-to-find-server-action
    at ignore-listed frames
 POST /_next/server/app 404 in 266ms (compile: 3ms, render: 263ms)
Error: Failed to find Server Action "x". This request might be from an older or newer deployment.
Read more: https://nextjs.org/docs/messages/failed-to-find-server-action
    at ignore-listed frames
 POST /_next/server/chunks/ssr 404 in 235ms (compile: 3ms, render: 232ms)
Error: Failed to find Server Action "x". This request might be from an older or newer deployment.
Read more: https://nextjs.org/docs/messages/failed-to-find-server-action
    at ignore-listed frames
 POST /_next/revalidate 404 in 249ms (compile: 3ms, render: 246ms)
Error: Failed to find Server Action "x". This request might be from an older or newer deployment.
Read more: https://nextjs.org/docs/messages/failed-to-find-server-action
    at ignore-listed frames
 POST /_rsc 404 in 254ms (compile: 3ms, render: 251ms)
Error: Failed to find Server Action "x". This request might be from an older or newer deployment.
Read more: https://nextjs.org/docs/messages/failed-to-find-server-action
    at ignore-listed frames
 POST /?_rsc=x 404 in 225ms (compile: 4ms, render: 221ms)
Error: Failed to find Server Action "x". This request might be from an older or newer deployment.
Read more: https://nextjs.org/docs/messages/failed-to-find-server-action
    at ignore-listed frames
 POST /?__flight__=1 404 in 314ms (compile: 6ms, render: 308ms)
Error: Failed to find Server Action "x". This request might be from an older or newer deployment.
Read more: https://nextjs.org/docs/messages/failed-to-find-server-action
    at ignore-listed frames
 POST /_react_server 404 in 251ms (compile: 4ms, render: 247ms)
Error: Failed to find Server Action "x". This request might be from an older or newer deployment.
Read more: https://nextjs.org/docs/messages/failed-to-find-server-action
    at ignore-listed frames
 POST /apps 404 in 243ms (compile: 3ms, render: 241ms)
Error: Failed to find Server Action "x". This request might be from an older or newer deployment.
Read more: https://nextjs.org/docs/messages/failed-to-find-server-action
    at ignore-listed frames
 POST /sigin 404 in 244ms (compile: 3ms, render: 241ms)
Error: Failed to find Server Action "x". This request might be from an older or newer deployment.
Read more: https://nextjs.org/docs/messages/failed-to-find-server-action
    at ignore-listed frames
 POST / 404 in 217ms (compile: 5ms, render: 212ms)
Error: Failed to find Server Action "x". This request might be from an older or newer deployment.
Read more: https://nextjs.org/docs/messages/failed-to-find-server-action
    at ignore-listed frames
 POST /_next/on-demand-entries-ping 404 in 280ms (compile: 3ms, render: 276ms)
Error: Failed to find Server Action "x". This request might be from an older or newer deployment.
Read more: https://nextjs.org/docs/messages/failed-to-find-server-action
    at ignore-listed frames
 POST /_next/rsc 404 in 238ms (compile: 3ms, render: 235ms)
Error: Failed to find Server Action "x". This request might be from an older or newer deployment.
Read more: https://nextjs.org/docs/messages/failed-to-find-server-action
    at ignore-listed frames
 POST /_next/server-components 404 in 245ms (compile: 3ms, render: 242ms)
Error: Failed to find Server Action "x". This request might be from an older or newer deployment.
Read more: https://nextjs.org/docs/messages/failed-to-find-server-action
    at ignore-listed frames
 POST /_next/data 404 in 260ms (compile: 3ms, render: 257ms)
Error: Failed to find Server Action "x". This request might be from an older or newer deployment.
Read more: https://nextjs.org/docs/messages/failed-to-find-server-action
    at ignore-listed frames
 POST /_next/refresh 404 in 232ms (compile: 3ms, render: 229ms)
Error: Failed to find Server Action "x". This request might be from an older or newer deployment.
Read more: https://nextjs.org/docs/messages/failed-to-find-server-action
    at ignore-listed frames
 POST /_next/redirect 404 in 290ms (compile: 3ms, render: 288ms)
Error: Failed to find Server Action "x". This request might be from an older or newer deployment.
Read more: https://nextjs.org/docs/messages/failed-to-find-server-action
    at ignore-listed frames
 POST /_next/turbopack/flight 404 in 228ms (compile: 2ms, render: 225ms)
Error: Failed to find Server Action "x". This request might be from an older or newer deployment.
Read more: https://nextjs.org/docs/messages/failed-to-find-server-action
    at ignore-listed frames
 POST /_next/webpack-hmr 404 in 270ms (compile: 3ms, render: 267ms)
Error: Failed to find Server Action "x". This request might be from an older or newer deployment.
Read more: https://nextjs.org/docs/messages/failed-to-find-server-action
    at ignore-listed frames
 POST /_next/server-actions 404 in 257ms (compile: 3ms, render: 255ms)
Error: Failed to find Server Action "x". This request might be from an older or newer deployment.
Read more: https://nextjs.org/docs/messages/failed-to-find-server-action
    at ignore-listed frames
 POST /_react/flight 404 in 217ms (compile: 3ms, render: 215ms)
Error: Failed to find Server Action "x". This request might be from an older or newer deployment.
Read more: https://nextjs.org/docs/messages/failed-to-find-server-action
    at ignore-listed frames
 POST /_next/flight 404 in 231ms (compile: 3ms, render: 228ms)
Error: Failed to find Server Action "x". This request might be from an older or newer deployment.
Read more: https://nextjs.org/docs/messages/failed-to-find-server-action
    at ignore-listed frames
 POST /_next/static 404 in 242ms (compile: 3ms, render: 238ms)
Error: Failed to find Server Action "x". This request might be from an older or newer deployment.
Read more: https://nextjs.org/docs/messages/failed-to-find-server-action
    at ignore-listed frames
 POST /_next/server 404 in 266ms (compile: 3ms, render: 264ms)
Error: Failed to find Server Action "x". This request might be from an older or newer deployment.
Read more: https://nextjs.org/docs/messages/failed-to-find-server-action
    at ignore-listed frames
 POST /_next/server/pages 404 in 262ms (compile: 3ms, render: 259ms)
Error: Failed to find Server Action "x". This request might be from an older or newer deployment.
Read more: https://nextjs.org/docs/messages/failed-to-find-server-action
    at ignore-listed frames
 POST /_next/server/chunks 404 in 231ms (compile: 3ms, render: 228ms)
Error: Failed to find Server Action "x". This request might be from an older or newer deployment.
Read more: https://nextjs.org/docs/messages/failed-to-find-server-action
    at ignore-listed frames
 POST /_next/server/app 404 in 290ms (compile: 3ms, render: 287ms)
Error: Failed to find Server Action "x". This request might be from an older or newer deployment.
Read more: https://nextjs.org/docs/messages/failed-to-find-server-action
    at ignore-listed frames
 POST /_next/server/chunks/ssr 404 in 229ms (compile: 3ms, render: 227ms)
Error: Failed to find Server Action "x". This request might be from an older or newer deployment.
Read more: https://nextjs.org/docs/messages/failed-to-find-server-action
    at ignore-listed frames
 POST /_next/revalidate 404 in 306ms (compile: 3ms, render: 304ms)
Error: Failed to find Server Action "x". This request might be from an older or newer deployment.
Read more: https://nextjs.org/docs/messages/failed-to-find-server-action
    at ignore-listed frames
 POST /_rsc 404 in 256ms (compile: 3ms, render: 253ms)
Error: Failed to find Server Action "x". This request might be from an older or newer deployment.
Read more: https://nextjs.org/docs/messages/failed-to-find-server-action
    at ignore-listed frames
 POST /?_rsc=x 404 in 222ms (compile: 4ms, render: 218ms)
Error: Failed to find Server Action "x". This request might be from an older or newer deployment.
Read more: https://nextjs.org/docs/messages/failed-to-find-server-action
    at ignore-listed frames
 POST /?__flight__=1 404 in 222ms (compile: 4ms, render: 218ms)
Error: Failed to find Server Action "x". This request might be from an older or newer deployment.
Read more: https://nextjs.org/docs/messages/failed-to-find-server-action
    at ignore-listed frames
 POST /_react_server 404 in 215ms (compile: 2ms, render: 213ms)
Error: Failed to find Server Action "x". This request might be from an older or newer deployment.
Read more: https://nextjs.org/docs/messages/failed-to-find-server-action
    at ignore-listed frames
 POST /apps 404 in 265ms (compile: 3ms, render: 262ms)
Error: Failed to find Server Action "x". This request might be from an older or newer deployment.
Read more: https://nextjs.org/docs/messages/failed-to-find-server-action
    at ignore-listed frames
 POST /sigin 404 in 270ms (compile: 3ms, render: 267ms)
Error: Failed to find Server Action "x". This request might be from an older or newer deployment.
Read more: https://nextjs.org/docs/messages/failed-to-find-server-action
    at ignore-listed frames
 POST / 404 in 451ms (compile: 18ms, render: 433ms)
Error: Failed to find Server Action "x". This request might be from an older or newer deployment.
Read more: https://nextjs.org/docs/messages/failed-to-find-server-action
    at ignore-listed frames
 POST /_next/on-demand-entries-ping 404 in 278ms (compile: 4ms, render: 274ms)
Error: Failed to find Server Action "x". This request might be from an older or newer deployment.
Read more: https://nextjs.org/docs/messages/failed-to-find-server-action
    at ignore-listed frames
 POST /_next/rsc 404 in 254ms (compile: 3ms, render: 251ms)
Error: Failed to find Server Action "x". This request might be from an older or newer deployment.
Read more: https://nextjs.org/docs/messages/failed-to-find-server-action
    at ignore-listed frames
 POST /_next/server-components 404 in 274ms (compile: 3ms, render: 271ms)
Error: Failed to find Server Action "x". This request might be from an older or newer deployment.
Read more: https://nextjs.org/docs/messages/failed-to-find-server-action
    at ignore-listed frames
 POST /_next/data 404 in 246ms (compile: 3ms, render: 243ms)
Error: Failed to find Server Action "x". This request might be from an older or newer deployment.
Read more: https://nextjs.org/docs/messages/failed-to-find-server-action
    at ignore-listed frames
 POST /_next/refresh 404 in 244ms (compile: 3ms, render: 241ms)
Error: Failed to find Server Action "x". This request might be from an older or newer deployment.
Read more: https://nextjs.org/docs/messages/failed-to-find-server-action
    at ignore-listed frames
 POST /_next/redirect 404 in 310ms (compile: 3ms, render: 308ms)
Error: Failed to find Server Action "x". This request might be from an older or newer deployment.
Read more: https://nextjs.org/docs/messages/failed-to-find-server-action
    at ignore-listed frames
 POST /_next/turbopack/flight 404 in 250ms (compile: 3ms, render: 247ms)
Error: Failed to find Server Action "x". This request might be from an older or newer deployment.
Read more: https://nextjs.org/docs/messages/failed-to-find-server-action
    at ignore-listed frames
 POST /_next/webpack-hmr 404 in 264ms (compile: 4ms, render: 260ms)
Error: Failed to find Server Action "x". This request might be from an older or newer deployment.
Read more: https://nextjs.org/docs/messages/failed-to-find-server-action
    at ignore-listed frames
 POST /_next/server-actions 404 in 250ms (compile: 3ms, render: 247ms)
Error: Failed to find Server Action "x". This request might be from an older or newer deployment.
Read more: https://nextjs.org/docs/messages/failed-to-find-server-action
    at ignore-listed frames
 POST /_react/flight 404 in 246ms (compile: 3ms, render: 243ms)
Error: Failed to find Server Action "x". This request might be from an older or newer deployment.
Read more: https://nextjs.org/docs/messages/failed-to-find-server-action
    at ignore-listed frames
 POST /_next/flight 404 in 288ms (compile: 3ms, render: 286ms)
Error: Failed to find Server Action "x". This request might be from an older or newer deployment.
Read more: https://nextjs.org/docs/messages/failed-to-find-server-action
    at ignore-listed frames
 POST /_next/static 404 in 256ms (compile: 3ms, render: 253ms)
Error: Failed to find Server Action "x". This request might be from an older or newer deployment.
Read more: https://nextjs.org/docs/messages/failed-to-find-server-action
    at ignore-listed frames
 POST /_next/server 404 in 256ms (compile: 3ms, render: 253ms)
Error: Failed to find Server Action "x". This request might be from an older or newer deployment.
Read more: https://nextjs.org/docs/messages/failed-to-find-server-action
    at ignore-listed frames
 POST /_next/server/pages 404 in 275ms (compile: 3ms, render: 272ms)
Error: Failed to find Server Action "x". This request might be from an older or newer deployment.
Read more: https://nextjs.org/docs/messages/failed-to-find-server-action
    at ignore-listed frames
 POST /_next/server/chunks 404 in 218ms (compile: 2ms, render: 216ms)
Error: Failed to find Server Action "x". This request might be from an older or newer deployment.
Read more: https://nextjs.org/docs/messages/failed-to-find-server-action
    at ignore-listed frames
 POST /_next/server/app 404 in 270ms (compile: 2ms, render: 268ms)
Error: Failed to find Server Action "x". This request might be from an older or newer deployment.
Read more: https://nextjs.org/docs/messages/failed-to-find-server-action
    at ignore-listed frames
 POST /_next/server/chunks/ssr 404 in 235ms (compile: 3ms, render: 233ms)
Error: Failed to find Server Action "x". This request might be from an older or newer deployment.
Read more: https://nextjs.org/docs/messages/failed-to-find-server-action
    at ignore-listed frames
 POST /_next/revalidate 404 in 248ms (compile: 2ms, render: 246ms)
Error: Failed to find Server Action "x". This request might be from an older or newer deployment.
Read more: https://nextjs.org/docs/messages/failed-to-find-server-action
    at ignore-listed frames
 POST /_rsc 404 in 236ms (compile: 3ms, render: 233ms)
Error: Failed to find Server Action "x". This request might be from an older or newer deployment.
Read more: https://nextjs.org/docs/messages/failed-to-find-server-action
    at ignore-listed frames
 POST /?_rsc=x 404 in 223ms (compile: 4ms, render: 219ms)
Error: Failed to find Server Action "x". This request might be from an older or newer deployment.
Read more: https://nextjs.org/docs/messages/failed-to-find-server-action
    at ignore-listed frames
 POST /?__flight__=1 404 in 335ms (compile: 5ms, render: 330ms)
Error: Failed to find Server Action "x". This request might be from an older or newer deployment.
Read more: https://nextjs.org/docs/messages/failed-to-find-server-action
    at ignore-listed frames
 POST /_react_server 404 in 251ms (compile: 3ms, render: 248ms)
Error: Failed to find Server Action "x". This request might be from an older or newer deployment.
Read more: https://nextjs.org/docs/messages/failed-to-find-server-action
    at ignore-listed frames
 POST /apps 404 in 253ms (compile: 3ms, render: 250ms)
Error: Failed to find Server Action "x". This request might be from an older or newer deployment.
Read more: https://nextjs.org/docs/messages/failed-to-find-server-action
    at ignore-listed frames
 POST /sigin 404 in 253ms (compile: 3ms, render: 250ms)
Error: Failed to find Server Action "x". This request might be from an older or newer deployment.
Read more: https://nextjs.org/docs/messages/failed-to-find-server-action
    at ignore-listed frames
 POST / 404 in 250ms (compile: 4ms, render: 246ms)
Error: Failed to find Server Action "x". This request might be from an older or newer deployment.
Read more: https://nextjs.org/docs/messages/failed-to-find-server-action
    at ignore-listed frames
 POST /_next/on-demand-entries-ping 404 in 298ms (compile: 3ms, render: 295ms)
Error: Failed to find Server Action "x". This request might be from an older or newer deployment.
Read more: https://nextjs.org/docs/messages/failed-to-find-server-action
    at ignore-listed frames
 POST /_next/rsc 404 in 261ms (compile: 4ms, render: 258ms)
Error: Failed to find Server Action "x". This request might be from an older or newer deployment.
Read more: https://nextjs.org/docs/messages/failed-to-find-server-action
    at ignore-listed frames
 POST /_next/server-components 404 in 248ms (compile: 3ms, render: 245ms)
Error: Failed to find Server Action "x". This request might be from an older or newer deployment.
Read more: https://nextjs.org/docs/messages/failed-to-find-server-action
    at ignore-listed frames
 POST /_next/data 404 in 236ms (compile: 3ms, render: 233ms)
Error: Failed to find Server Action "x". This request might be from an older or newer deployment.
Read more: https://nextjs.org/docs/messages/failed-to-find-server-action
    at ignore-listed frames
 POST /_next/refresh 404 in 234ms (compile: 3ms, render: 231ms)
Error: Failed to find Server Action "x". This request might be from an older or newer deployment.
Read more: https://nextjs.org/docs/messages/failed-to-find-server-action
    at ignore-listed frames
 POST /_next/redirect 404 in 284ms (compile: 3ms, render: 281ms)
Error: Failed to find Server Action "x". This request might be from an older or newer deployment.
Read more: https://nextjs.org/docs/messages/failed-to-find-server-action
    at ignore-listed frames
 POST /_next/turbopack/flight 404 in 288ms (compile: 3ms, render: 285ms)
Error: Failed to find Server Action "x". This request might be from an older or newer deployment.
Read more: https://nextjs.org/docs/messages/failed-to-find-server-action
    at ignore-listed frames
 POST /_next/webpack-hmr 404 in 248ms (compile: 3ms, render: 244ms)
Error: Failed to find Server Action "x". This request might be from an older or newer deployment.
Read more: https://nextjs.org/docs/messages/failed-to-find-server-action
    at ignore-listed frames
 POST /_next/server-actions 404 in 263ms (compile: 2ms, render: 261ms)
Error: Failed to find Server Action "x". This request might be from an older or newer deployment.
Read more: https://nextjs.org/docs/messages/failed-to-find-server-action
    at ignore-listed frames
 POST /_react/flight 404 in 235ms (compile: 3ms, render: 232ms)
Error: Failed to find Server Action "x". This request might be from an older or newer deployment.
Read more: https://nextjs.org/docs/messages/failed-to-find-server-action
    at ignore-listed frames
 POST /_next/flight 404 in 219ms (compile: 2ms, render: 217ms)
Error: Failed to find Server Action "x". This request might be from an older or newer deployment.
Read more: https://nextjs.org/docs/messages/failed-to-find-server-action
    at ignore-listed frames
 POST /_next/static 404 in 221ms (compile: 3ms, render: 218ms)
Error: Failed to find Server Action "x". This request might be from an older or newer deployment.
Read more: https://nextjs.org/docs/messages/failed-to-find-server-action
    at ignore-listed frames
 POST /_next/server 404 in 271ms (compile: 3ms, render: 268ms)
Error: Failed to find Server Action "x". This request might be from an older or newer deployment.
Read more: https://nextjs.org/docs/messages/failed-to-find-server-action
    at ignore-listed frames
 POST /_next/server/pages 404 in 238ms (compile: 3ms, render: 235ms)
Error: Failed to find Server Action "x". This request might be from an older or newer deployment.
Read more: https://nextjs.org/docs/messages/failed-to-find-server-action
    at ignore-listed frames
 POST /_next/server/chunks 404 in 224ms (compile: 2ms, render: 221ms)
Error: Failed to find Server Action "x". This request might be from an older or newer deployment.
Read more: https://nextjs.org/docs/messages/failed-to-find-server-action
    at ignore-listed frames
 POST /_next/server/app 404 in 273ms (compile: 2ms, render: 271ms)
Error: Failed to find Server Action "x". This request might be from an older or newer deployment.
Read more: https://nextjs.org/docs/messages/failed-to-find-server-action
    at ignore-listed frames
 POST /_next/server/chunks/ssr 404 in 228ms (compile: 3ms, render: 225ms)
Error: Failed to find Server Action "x". This request might be from an older or newer deployment.
Read more: https://nextjs.org/docs/messages/failed-to-find-server-action
    at ignore-listed frames
 POST /_next/revalidate 404 in 275ms (compile: 3ms, render: 272ms)
Error: Failed to find Server Action "x". This request might be from an older or newer deployment.
Read more: https://nextjs.org/docs/messages/failed-to-find-server-action
    at ignore-listed frames
 POST /_rsc 404 in 256ms (compile: 3ms, render: 253ms)
Error: Failed to find Server Action "x". This request might be from an older or newer deployment.
Read more: https://nextjs.org/docs/messages/failed-to-find-server-action
    at ignore-listed frames
 POST /?_rsc=x 404 in 237ms (compile: 4ms, render: 233ms)
Error: Failed to find Server Action "x". This request might be from an older or newer deployment.
Read more: https://nextjs.org/docs/messages/failed-to-find-server-action
    at ignore-listed frames
 POST /?__flight__=1 404 in 226ms (compile: 4ms, render: 222ms)
Error: Failed to find Server Action "x". This request might be from an older or newer deployment.
Read more: https://nextjs.org/docs/messages/failed-to-find-server-action
    at ignore-listed frames
 POST /_react_server 404 in 212ms (compile: 2ms, render: 210ms)
Error: Failed to find Server Action "x". This request might be from an older or newer deployment.
Read more: https://nextjs.org/docs/messages/failed-to-find-server-action
    at ignore-listed frames
 POST /apps 404 in 252ms (compile: 3ms, render: 249ms)
Error: Failed to find Server Action "x". This request might be from an older or newer deployment.
Read more: https://nextjs.org/docs/messages/failed-to-find-server-action
    at ignore-listed frames
 POST /sigin 404 in 241ms (compile: 3ms, render: 238ms)
 GET / 200 in 64ms (compile: 15ms, render: 49ms)
Error: Failed to find Server Action "x". This request might be from an older or newer deployment.
Read more: https://nextjs.org/docs/messages/failed-to-find-server-action
    at ignore-listed frames
 POST / 404 in 456ms (compile: 8ms, render: 448ms)
Error: Failed to find Server Action "x". This request might be from an older or newer deployment.
Read more: https://nextjs.org/docs/messages/failed-to-find-server-action
    at ignore-listed frames
 POST /_next/on-demand-entries-ping 404 in 270ms (compile: 3ms, render: 267ms)
Error: Failed to find Server Action "x". This request might be from an older or newer deployment.
Read more: https://nextjs.org/docs/messages/failed-to-find-server-action
    at ignore-listed frames
 POST /_next/rsc 404 in 243ms (compile: 3ms, render: 240ms)
Error: Failed to find Server Action "x". This request might be from an older or newer deployment.
Read more: https://nextjs.org/docs/messages/failed-to-find-server-action
    at ignore-listed frames
 POST /_next/server-components 404 in 272ms (compile: 6ms, render: 265ms)
Error: Failed to find Server Action "x". This request might be from an older or newer deployment.
Read more: https://nextjs.org/docs/messages/failed-to-find-server-action
    at ignore-listed frames
 POST /_next/data 404 in 287ms (compile: 3ms, render: 284ms)
Error: Failed to find Server Action "x". This request might be from an older or newer deployment.
Read more: https://nextjs.org/docs/messages/failed-to-find-server-action
    at ignore-listed frames
 POST /_next/refresh 404 in 304ms (compile: 3ms, render: 301ms)
Error: Failed to find Server Action "x". This request might be from an older or newer deployment.
Read more: https://nextjs.org/docs/messages/failed-to-find-server-action
    at ignore-listed frames
 POST /_next/redirect 404 in 245ms (compile: 3ms, render: 242ms)
Error: Failed to find Server Action "x". This request might be from an older or newer deployment.
Read more: https://nextjs.org/docs/messages/failed-to-find-server-action
    at ignore-listed frames
 POST /_next/turbopack/flight 404 in 219ms (compile: 3ms, render: 216ms)
Error: Failed to find Server Action "x". This request might be from an older or newer deployment.
Read more: https://nextjs.org/docs/messages/failed-to-find-server-action
    at ignore-listed frames
 POST /_next/webpack-hmr 404 in 250ms (compile: 2ms, render: 247ms)
Error: Failed to find Server Action "x". This request might be from an older or newer deployment.
Read more: https://nextjs.org/docs/messages/failed-to-find-server-action
    at ignore-listed frames
 POST /_next/server-actions 404 in 252ms (compile: 2ms, render: 250ms)
Error: Failed to find Server Action "x". This request might be from an older or newer deployment.
Read more: https://nextjs.org/docs/messages/failed-to-find-server-action
    at ignore-listed frames
 POST /_react/flight 404 in 224ms (compile: 3ms, render: 222ms)
Error: Failed to find Server Action "x". This request might be from an older or newer deployment.
Read more: https://nextjs.org/docs/messages/failed-to-find-server-action
    at ignore-listed frames
 POST /_next/flight 404 in 234ms (compile: 3ms, render: 231ms)
Error: Failed to find Server Action "x". This request might be from an older or newer deployment.
Read more: https://nextjs.org/docs/messages/failed-to-find-server-action
    at ignore-listed frames
 POST /_next/static 404 in 274ms (compile: 2ms, render: 272ms)
Error: Failed to find Server Action "x". This request might be from an older or newer deployment.
Read more: https://nextjs.org/docs/messages/failed-to-find-server-action
    at ignore-listed frames
 POST /_next/server 404 in 230ms (compile: 3ms, render: 228ms)
Error: Failed to find Server Action "x". This request might be from an older or newer deployment.
Read more: https://nextjs.org/docs/messages/failed-to-find-server-action
    at ignore-listed frames
 POST /_next/server/pages 404 in 251ms (compile: 3ms, render: 249ms)
Error: Failed to find Server Action "x". This request might be from an older or newer deployment.
Read more: https://nextjs.org/docs/messages/failed-to-find-server-action
    at ignore-listed frames
 POST /_next/server/chunks 404 in 251ms (compile: 3ms, render: 248ms)
Error: Failed to find Server Action "x". This request might be from an older or newer deployment.
Read more: https://nextjs.org/docs/messages/failed-to-find-server-action
    at ignore-listed frames
 POST /_next/server/app 404 in 248ms (compile: 2ms, render: 246ms)
Error: Failed to find Server Action "x". This request might be from an older or newer deployment.
Read more: https://nextjs.org/docs/messages/failed-to-find-server-action
    at ignore-listed frames
 POST /_next/server/chunks/ssr 404 in 258ms (compile: 4ms, render: 254ms)
Error: Failed to find Server Action "x". This request might be from an older or newer deployment.
Read more: https://nextjs.org/docs/messages/failed-to-find-server-action
    at ignore-listed frames
 POST /_next/revalidate 404 in 245ms (compile: 4ms, render: 241ms)
Error: Failed to find Server Action "x". This request might be from an older or newer deployment.
Read more: https://nextjs.org/docs/messages/failed-to-find-server-action
    at ignore-listed frames
 POST /_rsc 404 in 265ms (compile: 2ms, render: 263ms)
Error: Failed to find Server Action "x". This request might be from an older or newer deployment.
Read more: https://nextjs.org/docs/messages/failed-to-find-server-action
    at ignore-listed frames
 POST /?_rsc=x 404 in 234ms (compile: 6ms, render: 228ms)
Error: Failed to find Server Action "x". This request might be from an older or newer deployment.
Read more: https://nextjs.org/docs/messages/failed-to-find-server-action
    at ignore-listed frames
 POST /?__flight__=1 404 in 263ms (compile: 4ms, render: 258ms)
Error: Failed to find Server Action "x". This request might be from an older or newer deployment.
Read more: https://nextjs.org/docs/messages/failed-to-find-server-action
    at ignore-listed frames
 POST /_react_server 404 in 277ms (compile: 3ms, render: 275ms)
Error: Failed to find Server Action "x". This request might be from an older or newer deployment.
Read more: https://nextjs.org/docs/messages/failed-to-find-server-action
    at ignore-listed frames
 POST /apps 404 in 247ms (compile: 3ms, render: 244ms)
Error: Failed to find Server Action "x". This request might be from an older or newer deployment.
Read more: https://nextjs.org/docs/messages/failed-to-find-server-action
    at ignore-listed frames
 POST /sigin 404 in 251ms (compile: 3ms, render: 248ms)
Error: Failed to find Server Action "x". This request might be from an older or newer deployment.
Read more: https://nextjs.org/docs/messages/failed-to-find-server-action
    at ignore-listed frames
 POST / 404 in 245ms (compile: 4ms, render: 242ms)
Error: Failed to find Server Action "x". This request might be from an older or newer deployment.
Read more: https://nextjs.org/docs/messages/failed-to-find-server-action
    at ignore-listed frames
 POST /_next/on-demand-entries-ping 404 in 230ms (compile: 2ms, render: 228ms)
Error: Failed to find Server Action "x". This request might be from an older or newer deployment.
Read more: https://nextjs.org/docs/messages/failed-to-find-server-action
    at ignore-listed frames
 POST /_next/rsc 404 in 224ms (compile: 3ms, render: 222ms)
Error: Failed to find Server Action "x". This request might be from an older or newer deployment.
Read more: https://nextjs.org/docs/messages/failed-to-find-server-action
    at ignore-listed frames
 POST /_next/server-components 404 in 234ms (compile: 2ms, render: 231ms)
Error: Failed to find Server Action "x". This request might be from an older or newer deployment.
Read more: https://nextjs.org/docs/messages/failed-to-find-server-action
    at ignore-listed frames
 POST /_next/data 404 in 249ms (compile: 2ms, render: 247ms)
Error: Failed to find Server Action "x". This request might be from an older or newer deployment.
Read more: https://nextjs.org/docs/messages/failed-to-find-server-action
    at ignore-listed frames
 POST /_next/refresh 404 in 230ms (compile: 3ms, render: 227ms)
Error: Failed to find Server Action "x". This request might be from an older or newer deployment.
Read more: https://nextjs.org/docs/messages/failed-to-find-server-action
    at ignore-listed frames
 POST /_next/redirect 404 in 235ms (compile: 3ms, render: 232ms)
Error: Failed to find Server Action "x". This request might be from an older or newer deployment.
Read more: https://nextjs.org/docs/messages/failed-to-find-server-action
    at ignore-listed frames
 POST /_next/turbopack/flight 404 in 286ms (compile: 2ms, render: 283ms)
Error: Failed to find Server Action "x". This request might be from an older or newer deployment.
Read more: https://nextjs.org/docs/messages/failed-to-find-server-action
    at ignore-listed frames
 POST /_next/webpack-hmr 404 in 236ms (compile: 2ms, render: 234ms)
Error: Failed to find Server Action "x". This request might be from an older or newer deployment.
Read more: https://nextjs.org/docs/messages/failed-to-find-server-action
    at ignore-listed frames
 POST /_next/server-actions 404 in 255ms (compile: 3ms, render: 252ms)
Error: Failed to find Server Action "x". This request might be from an older or newer deployment.
Read more: https://nextjs.org/docs/messages/failed-to-find-server-action
    at ignore-listed frames
 POST /_react/flight 404 in 256ms (compile: 3ms, render: 253ms)
Error: Failed to find Server Action "x". This request might be from an older or newer deployment.
Read more: https://nextjs.org/docs/messages/failed-to-find-server-action
    at ignore-listed frames
 POST /_next/flight 404 in 230ms (compile: 3ms, render: 227ms)
Error: Failed to find Server Action "x". This request might be from an older or newer deployment.
Read more: https://nextjs.org/docs/messages/failed-to-find-server-action
    at ignore-listed frames
 POST /_next/static 404 in 244ms (compile: 3ms, render: 241ms)
Error: Failed to find Server Action "x". This request might be from an older or newer deployment.
Read more: https://nextjs.org/docs/messages/failed-to-find-server-action
    at ignore-listed frames
 POST /_next/server 404 in 275ms (compile: 3ms, render: 272ms)
Error: Failed to find Server Action "x". This request might be from an older or newer deployment.
Read more: https://nextjs.org/docs/messages/failed-to-find-server-action
    at ignore-listed frames
 POST /_next/server/pages 404 in 258ms (compile: 3ms, render: 256ms)
Error: Failed to find Server Action "x". This request might be from an older or newer deployment.
Read more: https://nextjs.org/docs/messages/failed-to-find-server-action
    at ignore-listed frames
 POST /_next/server/chunks 404 in 255ms (compile: 4ms, render: 251ms)
Error: Failed to find Server Action "x". This request might be from an older or newer deployment.
Read more: https://nextjs.org/docs/messages/failed-to-find-server-action
    at ignore-listed frames
 POST /_next/server/app 404 in 225ms (compile: 3ms, render: 222ms)
Error: Failed to find Server Action "x". This request might be from an older or newer deployment.
Read more: https://nextjs.org/docs/messages/failed-to-find-server-action
    at ignore-listed frames
 POST /_next/server/chunks/ssr 404 in 284ms (compile: 3ms, render: 281ms)
Error: Failed to find Server Action "x". This request might be from an older or newer deployment.
Read more: https://nextjs.org/docs/messages/failed-to-find-server-action
    at ignore-listed frames
 POST /_next/revalidate 404 in 244ms (compile: 4ms, render: 240ms)
Error: Failed to find Server Action "x". This request might be from an older or newer deployment.
Read more: https://nextjs.org/docs/messages/failed-to-find-server-action
    at ignore-listed frames
 POST /_rsc 404 in 259ms (compile: 3ms, render: 256ms)
Error: Failed to find Server Action "x". This request might be from an older or newer deployment.
Read more: https://nextjs.org/docs/messages/failed-to-find-server-action
    at ignore-listed frames
 POST /?_rsc=x 404 in 249ms (compile: 4ms, render: 246ms)
Error: Failed to find Server Action "x". This request might be from an older or newer deployment.
Read more: https://nextjs.org/docs/messages/failed-to-find-server-action
    at ignore-listed frames
 POST /?__flight__=1 404 in 247ms (compile: 4ms, render: 243ms)
Error: Failed to find Server Action "x". This request might be from an older or newer deployment.
Read more: https://nextjs.org/docs/messages/failed-to-find-server-action
    at ignore-listed frames
 POST /_react_server 404 in 220ms (compile: 3ms, render: 217ms)
Error: Failed to find Server Action "x". This request might be from an older or newer deployment.
Read more: https://nextjs.org/docs/messages/failed-to-find-server-action
    at ignore-listed frames
 POST /apps 404 in 243ms (compile: 3ms, render: 240ms)
Error: Failed to find Server Action "x". This request might be from an older or newer deployment.
Read more: https://nextjs.org/docs/messages/failed-to-find-server-action
    at ignore-listed frames
 POST /sigin 404 in 260ms (compile: 3ms, render: 257ms)
 GET / 200 in 49ms (compile: 7ms, render: 42ms)
 GET / 200 in 43ms (compile: 5ms, render: 38ms)
Error: Failed to find Server Action "x". This request might be from an older or newer deployment.
Read more: https://nextjs.org/docs/messages/failed-to-find-server-action
    at ignore-listed frames
 POST / 404 in 397ms (compile: 13ms, render: 384ms)
Error: Failed to find Server Action "x". This request might be from an older or newer deployment.
Read more: https://nextjs.org/docs/messages/failed-to-find-server-action
    at ignore-listed frames
 POST /_next/on-demand-entries-ping 404 in 267ms (compile: 4ms, render: 264ms)
Error: Failed to find Server Action "x". This request might be from an older or newer deployment.
Read more: https://nextjs.org/docs/messages/failed-to-find-server-action
    at ignore-listed frames
 POST /_next/rsc 404 in 263ms (compile: 3ms, render: 260ms)
Error: Failed to find Server Action "x". This request might be from an older or newer deployment.
Read more: https://nextjs.org/docs/messages/failed-to-find-server-action
    at ignore-listed frames
 POST /_next/server-components 404 in 291ms (compile: 3ms, render: 288ms)
Error: Failed to find Server Action "x". This request might be from an older or newer deployment.
Read more: https://nextjs.org/docs/messages/failed-to-find-server-action
    at ignore-listed frames
 POST /_next/data 404 in 235ms (compile: 3ms, render: 232ms)
Error: Failed to find Server Action "x". This request might be from an older or newer deployment.
Read more: https://nextjs.org/docs/messages/failed-to-find-server-action
    at ignore-listed frames
 POST /_next/refresh 404 in 237ms (compile: 3ms, render: 234ms)
Error: Failed to find Server Action "x". This request might be from an older or newer deployment.
Read more: https://nextjs.org/docs/messages/failed-to-find-server-action
    at ignore-listed frames
 POST /_next/redirect 404 in 278ms (compile: 3ms, render: 275ms)
Error: Failed to find Server Action "x". This request might be from an older or newer deployment.
Read more: https://nextjs.org/docs/messages/failed-to-find-server-action
    at ignore-listed frames
 POST /_next/turbopack/flight 404 in 272ms (compile: 5ms, render: 267ms)
Error: Failed to find Server Action "x". This request might be from an older or newer deployment.
Read more: https://nextjs.org/docs/messages/failed-to-find-server-action
    at ignore-listed frames
 POST /_next/webpack-hmr 404 in 270ms (compile: 4ms, render: 266ms)
Error: Failed to find Server Action "x". This request might be from an older or newer deployment.
Read more: https://nextjs.org/docs/messages/failed-to-find-server-action
    at ignore-listed frames
 POST /_next/server-actions 404 in 259ms (compile: 3ms, render: 256ms)
Error: Failed to find Server Action "x". This request might be from an older or newer deployment.
Read more: https://nextjs.org/docs/messages/failed-to-find-server-action
    at ignore-listed frames
 POST /_react/flight 404 in 233ms (compile: 3ms, render: 230ms)
Error: Failed to find Server Action "x". This request might be from an older or newer deployment.
Read more: https://nextjs.org/docs/messages/failed-to-find-server-action
    at ignore-listed frames
 POST /_next/flight 404 in 282ms (compile: 2ms, render: 279ms)
Error: Failed to find Server Action "x". This request might be from an older or newer deployment.
Read more: https://nextjs.org/docs/messages/failed-to-find-server-action
    at ignore-listed frames
 POST /_next/static 404 in 243ms (compile: 3ms, render: 240ms)
Error: Failed to find Server Action "x". This request might be from an older or newer deployment.
Read more: https://nextjs.org/docs/messages/failed-to-find-server-action
    at ignore-listed frames
 POST /_next/server 404 in 238ms (compile: 3ms, render: 236ms)
Error: Failed to find Server Action "x". This request might be from an older or newer deployment.
Read more: https://nextjs.org/docs/messages/failed-to-find-server-action
    at ignore-listed frames
 POST /_next/server/pages 404 in 240ms (compile: 3ms, render: 237ms)
Error: Failed to find Server Action "x". This request might be from an older or newer deployment.
Read more: https://nextjs.org/docs/messages/failed-to-find-server-action
    at ignore-listed frames
 POST /_next/server/chunks 404 in 225ms (compile: 3ms, render: 222ms)
Error: Failed to find Server Action "x". This request might be from an older or newer deployment.
Read more: https://nextjs.org/docs/messages/failed-to-find-server-action
    at ignore-listed frames
 POST /_next/server/app 404 in 300ms (compile: 3ms, render: 297ms)
Error: Failed to find Server Action "x". This request might be from an older or newer deployment.
Read more: https://nextjs.org/docs/messages/failed-to-find-server-action
    at ignore-listed frames
 POST /_next/server/chunks/ssr 404 in 242ms (compile: 3ms, render: 239ms)
Error: Failed to find Server Action "x". This request might be from an older or newer deployment.
Read more: https://nextjs.org/docs/messages/failed-to-find-server-action
    at ignore-listed frames
 POST /_next/revalidate 404 in 244ms (compile: 2ms, render: 241ms)
Error: Failed to find Server Action "x". This request might be from an older or newer deployment.
Read more: https://nextjs.org/docs/messages/failed-to-find-server-action
    at ignore-listed frames
 POST /_rsc 404 in 251ms (compile: 3ms, render: 248ms)
Error: Failed to find Server Action "x". This request might be from an older or newer deployment.
Read more: https://nextjs.org/docs/messages/failed-to-find-server-action
    at ignore-listed frames
 POST /?_rsc=x 404 in 225ms (compile: 4ms, render: 221ms)
Error: Failed to find Server Action "x". This request might be from an older or newer deployment.
Read more: https://nextjs.org/docs/messages/failed-to-find-server-action
    at ignore-listed frames
 POST /?__flight__=1 404 in 287ms (compile: 4ms, render: 284ms)
Error: Failed to find Server Action "x". This request might be from an older or newer deployment.
Read more: https://nextjs.org/docs/messages/failed-to-find-server-action
    at ignore-listed frames
 POST /_react_server 404 in 244ms (compile: 3ms, render: 241ms)
Error: Failed to find Server Action "x". This request might be from an older or newer deployment.
Read more: https://nextjs.org/docs/messages/failed-to-find-server-action
    at ignore-listed frames
 POST /apps 404 in 276ms (compile: 3ms, render: 274ms)
Error: Failed to find Server Action "x". This request might be from an older or newer deployment.
Read more: https://nextjs.org/docs/messages/failed-to-find-server-action
    at ignore-listed frames
 POST /sigin 404 in 261ms (compile: 3ms, render: 258ms)
Error: Failed to find Server Action "x". This request might be from an older or newer deployment.
Read more: https://nextjs.org/docs/messages/failed-to-find-server-action
    at ignore-listed frames
 POST / 404 in 242ms (compile: 4ms, render: 238ms)
Error: Failed to find Server Action "x". This request might be from an older or newer deployment.
Read more: https://nextjs.org/docs/messages/failed-to-find-server-action
    at ignore-listed frames
 POST /_next/on-demand-entries-ping 404 in 326ms (compile: 4ms, render: 322ms)
Error: Failed to find Server Action "x". This request might be from an older or newer deployment.
Read more: https://nextjs.org/docs/messages/failed-to-find-server-action
    at ignore-listed frames
 POST /_next/rsc 404 in 226ms (compile: 4ms, render: 222ms)
Error: Failed to find Server Action "x". This request might be from an older or newer deployment.
Read more: https://nextjs.org/docs/messages/failed-to-find-server-action
    at ignore-listed frames
 POST /_next/server-components 404 in 303ms (compile: 2ms, render: 300ms)
Error: Failed to find Server Action "x". This request might be from an older or newer deployment.
Read more: https://nextjs.org/docs/messages/failed-to-find-server-action
    at ignore-listed frames
 POST /_next/data 404 in 250ms (compile: 3ms, render: 247ms)
Error: Failed to find Server Action "x". This request might be from an older or newer deployment.
Read more: https://nextjs.org/docs/messages/failed-to-find-server-action
    at ignore-listed frames
 POST /_next/refresh 404 in 241ms (compile: 3ms, render: 238ms)
Error: Failed to find Server Action "x". This request might be from an older or newer deployment.
Read more: https://nextjs.org/docs/messages/failed-to-find-server-action
    at ignore-listed frames
 POST /_next/redirect 404 in 275ms (compile: 3ms, render: 273ms)
Error: Failed to find Server Action "x". This request might be from an older or newer deployment.
Read more: https://nextjs.org/docs/messages/failed-to-find-server-action
    at ignore-listed frames
 POST /_next/turbopack/flight 404 in 240ms (compile: 3ms, render: 237ms)
Error: Failed to find Server Action "x". This request might be from an older or newer deployment.
Read more: https://nextjs.org/docs/messages/failed-to-find-server-action
    at ignore-listed frames
 POST /_next/webpack-hmr 404 in 306ms (compile: 3ms, render: 303ms)
Error: Failed to find Server Action "x". This request might be from an older or newer deployment.
Read more: https://nextjs.org/docs/messages/failed-to-find-server-action
    at ignore-listed frames
 POST /_next/server-actions 404 in 318ms (compile: 3ms, render: 315ms)
Error: Failed to find Server Action "x". This request might be from an older or newer deployment.
Read more: https://nextjs.org/docs/messages/failed-to-find-server-action
    at ignore-listed frames
 POST /_react/flight 404 in 225ms (compile: 3ms, render: 222ms)
Error: Failed to find Server Action "x". This request might be from an older or newer deployment.
Read more: https://nextjs.org/docs/messages/failed-to-find-server-action
    at ignore-listed frames
 POST /_next/flight 404 in 227ms (compile: 3ms, render: 224ms)
Error: Failed to find Server Action "x". This request might be from an older or newer deployment.
Read more: https://nextjs.org/docs/messages/failed-to-find-server-action
    at ignore-listed frames
 POST /_next/static 404 in 239ms (compile: 3ms, render: 236ms)
Error: Failed to find Server Action "x". This request might be from an older or newer deployment.
Read more: https://nextjs.org/docs/messages/failed-to-find-server-action
    at ignore-listed frames
 POST /_next/server 404 in 248ms (compile: 3ms, render: 245ms)
Error: Failed to find Server Action "x". This request might be from an older or newer deployment.
Read more: https://nextjs.org/docs/messages/failed-to-find-server-action
    at ignore-listed frames
 POST /_next/server/pages 404 in 262ms (compile: 3ms, render: 259ms)
Error: Failed to find Server Action "x". This request might be from an older or newer deployment.
Read more: https://nextjs.org/docs/messages/failed-to-find-server-action
    at ignore-listed frames
 POST /_next/server/chunks 404 in 254ms (compile: 5ms, render: 249ms)
Error: Failed to find Server Action "x". This request might be from an older or newer deployment.
Read more: https://nextjs.org/docs/messages/failed-to-find-server-action
    at ignore-listed frames
 POST /_next/server/app 404 in 332ms (compile: 3ms, render: 329ms)
Error: Failed to find Server Action "x". This request might be from an older or newer deployment.
Read more: https://nextjs.org/docs/messages/failed-to-find-server-action
    at ignore-listed frames
 POST /_next/server/chunks/ssr 404 in 265ms (compile: 2ms, render: 262ms)
Error: Failed to find Server Action "x". This request might be from an older or newer deployment.
Read more: https://nextjs.org/docs/messages/failed-to-find-server-action
    at ignore-listed frames
 POST /_next/revalidate 404 in 267ms (compile: 3ms, render: 264ms)
Error: Failed to find Server Action "x". This request might be from an older or newer deployment.
Read more: https://nextjs.org/docs/messages/failed-to-find-server-action
    at ignore-listed frames
 POST /_rsc 404 in 262ms (compile: 2ms, render: 259ms)
Error: Failed to find Server Action "x". This request might be from an older or newer deployment.
Read more: https://nextjs.org/docs/messages/failed-to-find-server-action
    at ignore-listed frames
 POST /?_rsc=x 404 in 236ms (compile: 5ms, render: 231ms)
Error: Failed to find Server Action "x". This request might be from an older or newer deployment.
Read more: https://nextjs.org/docs/messages/failed-to-find-server-action
    at ignore-listed frames
 POST /?__flight__=1 404 in 241ms (compile: 4ms, render: 238ms)
Error: Failed to find Server Action "x". This request might be from an older or newer deployment.
Read more: https://nextjs.org/docs/messages/failed-to-find-server-action
    at ignore-listed frames
 POST /_react_server 404 in 228ms (compile: 3ms, render: 225ms)
Error: Failed to find Server Action "x". This request might be from an older or newer deployment.
Read more: https://nextjs.org/docs/messages/failed-to-find-server-action
    at ignore-listed frames
 POST /apps 404 in 271ms (compile: 2ms, render: 269ms)
Error: Failed to find Server Action "x". This request might be from an older or newer deployment.
Read more: https://nextjs.org/docs/messages/failed-to-find-server-action
    at ignore-listed frames
 POST /sigin 404 in 247ms (compile: 3ms, render: 244ms)
Error: Failed to find Server Action "x". This request might be from an older or newer deployment.
Read more: https://nextjs.org/docs/messages/failed-to-find-server-action
    at ignore-listed frames
 POST / 404 in 410ms (compile: 8ms, render: 402ms)
Error: Failed to find Server Action "x". This request might be from an older or newer deployment.
Read more: https://nextjs.org/docs/messages/failed-to-find-server-action
    at ignore-listed frames
 POST / 404 in 398ms (compile: 9ms, render: 389ms)
Error: Failed to find Server Action "x". This request might be from an older or newer deployment.
Read more: https://nextjs.org/docs/messages/failed-to-find-server-action
    at ignore-listed frames
 POST /_next/on-demand-entries-ping 404 in 263ms (compile: 3ms, render: 260ms)
Error: Failed to find Server Action "x". This request might be from an older or newer deployment.
Read more: https://nextjs.org/docs/messages/failed-to-find-server-action
    at ignore-listed frames
 POST /_next/rsc 404 in 277ms (compile: 3ms, render: 274ms)
Error: Failed to find Server Action "x". This request might be from an older or newer deployment.
Read more: https://nextjs.org/docs/messages/failed-to-find-server-action
    at ignore-listed frames
 POST /_next/server-components 404 in 211ms (compile: 3ms, render: 209ms)
Error: Failed to find Server Action "x". This request might be from an older or newer deployment.
Read more: https://nextjs.org/docs/messages/failed-to-find-server-action
    at ignore-listed frames
 POST /_next/data 404 in 275ms (compile: 2ms, render: 273ms)
Error: Failed to find Server Action "x". This request might be from an older or newer deployment.
Read more: https://nextjs.org/docs/messages/failed-to-find-server-action
    at ignore-listed frames
 POST /_next/refresh 404 in 243ms (compile: 3ms, render: 240ms)
Error: Failed to find Server Action "x". This request might be from an older or newer deployment.
Read more: https://nextjs.org/docs/messages/failed-to-find-server-action
    at ignore-listed frames
 POST /_next/redirect 404 in 242ms (compile: 3ms, render: 239ms)
Error: Failed to find Server Action "x". This request might be from an older or newer deployment.
Read more: https://nextjs.org/docs/messages/failed-to-find-server-action
    at ignore-listed frames
 POST /_next/turbopack/flight 404 in 293ms (compile: 3ms, render: 291ms)
Error: Failed to find Server Action "x". This request might be from an older or newer deployment.
Read more: https://nextjs.org/docs/messages/failed-to-find-server-action
    at ignore-listed frames
 POST /_next/webpack-hmr 404 in 228ms (compile: 2ms, render: 226ms)
Error: Failed to find Server Action "x". This request might be from an older or newer deployment.
Read more: https://nextjs.org/docs/messages/failed-to-find-server-action
    at ignore-listed frames
 POST /_next/server-actions 404 in 257ms (compile: 3ms, render: 254ms)
Error: Failed to find Server Action "x". This request might be from an older or newer deployment.
Read more: https://nextjs.org/docs/messages/failed-to-find-server-action
    at ignore-listed frames
 POST /_react/flight 404 in 241ms (compile: 3ms, render: 238ms)
Error: Failed to find Server Action "x". This request might be from an older or newer deployment.
Read more: https://nextjs.org/docs/messages/failed-to-find-server-action
    at ignore-listed frames
 POST /_next/flight 404 in 224ms (compile: 2ms, render: 222ms)
Error: Failed to find Server Action "x". This request might be from an older or newer deployment.
Read more: https://nextjs.org/docs/messages/failed-to-find-server-action
    at ignore-listed frames
 POST /_next/static 404 in 288ms (compile: 3ms, render: 285ms)
Error: Failed to find Server Action "x". This request might be from an older or newer deployment.
Read more: https://nextjs.org/docs/messages/failed-to-find-server-action
    at ignore-listed frames
 POST /_next/server 404 in 237ms (compile: 3ms, render: 234ms)
Error: Failed to find Server Action "x". This request might be from an older or newer deployment.
Read more: https://nextjs.org/docs/messages/failed-to-find-server-action
    at ignore-listed frames
 POST /_next/server/pages 404 in 249ms (compile: 3ms, render: 247ms)
Error: Failed to find Server Action "x". This request might be from an older or newer deployment.
Read more: https://nextjs.org/docs/messages/failed-to-find-server-action
    at ignore-listed frames
 POST /_next/server/chunks 404 in 238ms (compile: 3ms, render: 235ms)
Error: Failed to find Server Action "x". This request might be from an older or newer deployment.
Read more: https://nextjs.org/docs/messages/failed-to-find-server-action
    at ignore-listed frames
 POST /_next/server/app 404 in 211ms (compile: 3ms, render: 208ms)
Error: Failed to find Server Action "x". This request might be from an older or newer deployment.
Read more: https://nextjs.org/docs/messages/failed-to-find-server-action
    at ignore-listed frames
 POST / 404 in 299ms (compile: 4ms, render: 295ms)
Error: Failed to find Server Action "x". This request might be from an older or newer deployment.
Read more: https://nextjs.org/docs/messages/failed-to-find-server-action
    at ignore-listed frames
 POST /_next/on-demand-entries-ping 404 in 245ms (compile: 3ms, render: 242ms)
Error: Failed to find Server Action "x". This request might be from an older or newer deployment.
Read more: https://nextjs.org/docs/messages/failed-to-find-server-action
    at ignore-listed frames
 POST /_next/rsc 404 in 234ms (compile: 3ms, render: 231ms)
Error: Failed to find Server Action "x". This request might be from an older or newer deployment.
Read more: https://nextjs.org/docs/messages/failed-to-find-server-action
    at ignore-listed frames
 POST /_next/server-components 404 in 327ms (compile: 2ms, render: 325ms)
Error: Failed to find Server Action "x". This request might be from an older or newer deployment.
Read more: https://nextjs.org/docs/messages/failed-to-find-server-action
    at ignore-listed frames
 POST /_next/data 404 in 235ms (compile: 3ms, render: 232ms)
Error: Failed to find Server Action "x". This request might be from an older or newer deployment.
Read more: https://nextjs.org/docs/messages/failed-to-find-server-action
    at ignore-listed frames
 POST /_next/refresh 404 in 256ms (compile: 2ms, render: 253ms)
Error: Failed to find Server Action "x". This request might be from an older or newer deployment.
Read more: https://nextjs.org/docs/messages/failed-to-find-server-action
    at ignore-listed frames
 POST /_next/redirect 404 in 293ms (compile: 3ms, render: 290ms)
Error: Failed to find Server Action "x". This request might be from an older or newer deployment.
Read more: https://nextjs.org/docs/messages/failed-to-find-server-action
    at ignore-listed frames
 POST /_next/turbopack/flight 404 in 282ms (compile: 3ms, render: 279ms)
Error: Failed to find Server Action "x". This request might be from an older or newer deployment.
Read more: https://nextjs.org/docs/messages/failed-to-find-server-action
    at ignore-listed frames
 POST /_next/webpack-hmr 404 in 306ms (compile: 3ms, render: 303ms)
Error: Failed to find Server Action "x". This request might be from an older or newer deployment.
Read more: https://nextjs.org/docs/messages/failed-to-find-server-action
    at ignore-listed frames
 POST /_next/server-actions 404 in 243ms (compile: 3ms, render: 240ms)
Error: Failed to find Server Action "x". This request might be from an older or newer deployment.
Read more: https://nextjs.org/docs/messages/failed-to-find-server-action
    at ignore-listed frames
 POST /_react/flight 404 in 251ms (compile: 3ms, render: 248ms)
Error: Failed to find Server Action "x". This request might be from an older or newer deployment.
Read more: https://nextjs.org/docs/messages/failed-to-find-server-action
    at ignore-listed frames
 POST /_next/flight 404 in 244ms (compile: 3ms, render: 241ms)
Error: Failed to find Server Action "x". This request might be from an older or newer deployment.
Read more: https://nextjs.org/docs/messages/failed-to-find-server-action
    at ignore-listed frames
 POST /_next/static 404 in 256ms (compile: 2ms, render: 254ms)
Error: Failed to find Server Action "x". This request might be from an older or newer deployment.
Read more: https://nextjs.org/docs/messages/failed-to-find-server-action
    at ignore-listed frames
 POST /_next/server 404 in 270ms (compile: 3ms, render: 267ms)
Error: Failed to find Server Action "x". This request might be from an older or newer deployment.
Read more: https://nextjs.org/docs/messages/failed-to-find-server-action
    at ignore-listed frames
 POST /_next/server/pages 404 in 237ms (compile: 3ms, render: 234ms)
Error: Failed to find Server Action "x". This request might be from an older or newer deployment.
Read more: https://nextjs.org/docs/messages/failed-to-find-server-action
    at ignore-listed frames
 POST /_next/server/chunks 404 in 261ms (compile: 2ms, render: 259ms)
Error: Failed to find Server Action "x". This request might be from an older or newer deployment.
Read more: https://nextjs.org/docs/messages/failed-to-find-server-action
    at ignore-listed frames
 POST /_next/server/app 404 in 242ms (compile: 3ms, render: 239ms)
Error: Failed to find Server Action "x". This request might be from an older or newer deployment.
Read more: https://nextjs.org/docs/messages/failed-to-find-server-action
    at ignore-listed frames
 POST /_next/server/chunks/ssr 404 in 224ms (compile: 2ms, render: 222ms)
Error: Failed to find Server Action "x". This request might be from an older or newer deployment.
Read more: https://nextjs.org/docs/messages/failed-to-find-server-action
    at ignore-listed frames
 POST /_next/revalidate 404 in 276ms (compile: 3ms, render: 273ms)
Error: Failed to find Server Action "x". This request might be from an older or newer deployment.
Read more: https://nextjs.org/docs/messages/failed-to-find-server-action
    at ignore-listed frames
 POST /_rsc 404 in 233ms (compile: 2ms, render: 231ms)
Error: Failed to find Server Action "x". This request might be from an older or newer deployment.
Read more: https://nextjs.org/docs/messages/failed-to-find-server-action
    at ignore-listed frames
 POST /?_rsc=x 404 in 254ms (compile: 5ms, render: 249ms)
Error: Failed to find Server Action "x". This request might be from an older or newer deployment.
Read more: https://nextjs.org/docs/messages/failed-to-find-server-action
    at ignore-listed frames
 POST /?__flight__=1 404 in 280ms (compile: 4ms, render: 277ms)
Error: Failed to find Server Action "x". This request might be from an older or newer deployment.
Read more: https://nextjs.org/docs/messages/failed-to-find-server-action
    at ignore-listed frames
 POST /_react_server 404 in 219ms (compile: 3ms, render: 217ms)
Error: Failed to find Server Action "x". This request might be from an older or newer deployment.
Read more: https://nextjs.org/docs/messages/failed-to-find-server-action
    at ignore-listed frames
 POST /apps 404 in 244ms (compile: 3ms, render: 241ms)
Error: Failed to find Server Action "x". This request might be from an older or newer deployment.
Read more: https://nextjs.org/docs/messages/failed-to-find-server-action
    at ignore-listed frames
 POST /sigin 404 in 232ms (compile: 3ms, render: 229ms)
Error: Failed to find Server Action "x". This request might be from an older or newer deployment.
Read more: https://nextjs.org/docs/messages/failed-to-find-server-action
    at ignore-listed frames
 POST / 404 in 384ms (compile: 9ms, render: 375ms)
Error: Failed to find Server Action "x". This request might be from an older or newer deployment.
Read more: https://nextjs.org/docs/messages/failed-to-find-server-action
    at ignore-listed frames
 POST / 404 in 296ms (compile: 11ms, render: 285ms)
Error: Failed to find Server Action "x". This request might be from an older or newer deployment.
Read more: https://nextjs.org/docs/messages/failed-to-find-server-action
    at ignore-listed frames
 POST /_next/on-demand-entries-ping 404 in 268ms (compile: 3ms, render: 265ms)
Error: Failed to find Server Action "x". This request might be from an older or newer deployment.
Read more: https://nextjs.org/docs/messages/failed-to-find-server-action
    at ignore-listed frames
 POST /_next/rsc 404 in 266ms (compile: 3ms, render: 263ms)
Error: Failed to find Server Action "x". This request might be from an older or newer deployment.
Read more: https://nextjs.org/docs/messages/failed-to-find-server-action
    at ignore-listed frames
 POST /_next/server-components 404 in 234ms (compile: 3ms, render: 231ms)
Error: Failed to find Server Action "x". This request might be from an older or newer deployment.
Read more: https://nextjs.org/docs/messages/failed-to-find-server-action
    at ignore-listed frames
 POST /_next/data 404 in 263ms (compile: 3ms, render: 261ms)
Error: Failed to find Server Action "x". This request might be from an older or newer deployment.
Read more: https://nextjs.org/docs/messages/failed-to-find-server-action
    at ignore-listed frames
 POST /_next/refresh 404 in 272ms (compile: 3ms, render: 269ms)
Error: Failed to find Server Action "x". This request might be from an older or newer deployment.
Read more: https://nextjs.org/docs/messages/failed-to-find-server-action
    at ignore-listed frames
 POST /_next/redirect 404 in 242ms (compile: 2ms, render: 240ms)
Error: Failed to find Server Action "x". This request might be from an older or newer deployment.
Read more: https://nextjs.org/docs/messages/failed-to-find-server-action
    at ignore-listed frames
 POST /_next/turbopack/flight 404 in 345ms (compile: 4ms, render: 341ms)
Error: Failed to find Server Action "x". This request might be from an older or newer deployment.
Read more: https://nextjs.org/docs/messages/failed-to-find-server-action
    at ignore-listed frames
 POST /_next/webpack-hmr 404 in 271ms (compile: 3ms, render: 268ms)
Error: Failed to find Server Action "x". This request might be from an older or newer deployment.
Read more: https://nextjs.org/docs/messages/failed-to-find-server-action
    at ignore-listed frames
 POST /_next/server-actions 404 in 265ms (compile: 3ms, render: 263ms)
Error: Failed to find Server Action "x". This request might be from an older or newer deployment.
Read more: https://nextjs.org/docs/messages/failed-to-find-server-action
    at ignore-listed frames
 POST /_react/flight 404 in 239ms (compile: 4ms, render: 235ms)
Error: Failed to find Server Action "x". This request might be from an older or newer deployment.
Read more: https://nextjs.org/docs/messages/failed-to-find-server-action
    at ignore-listed frames
 POST /_next/flight 404 in 226ms (compile: 3ms, render: 223ms)
Error: Failed to find Server Action "x". This request might be from an older or newer deployment.
Read more: https://nextjs.org/docs/messages/failed-to-find-server-action
    at ignore-listed frames
 POST /_next/static 404 in 279ms (compile: 3ms, render: 277ms)
Error: Failed to find Server Action "x". This request might be from an older or newer deployment.
Read more: https://nextjs.org/docs/messages/failed-to-find-server-action
    at ignore-listed frames
 POST /_next/server 404 in 228ms (compile: 3ms, render: 224ms)
Error: Failed to find Server Action "x". This request might be from an older or newer deployment.
Read more: https://nextjs.org/docs/messages/failed-to-find-server-action
    at ignore-listed frames
 POST /_next/server/pages 404 in 240ms (compile: 3ms, render: 237ms)
Error: Failed to find Server Action "x". This request might be from an older or newer deployment.
Read more: https://nextjs.org/docs/messages/failed-to-find-server-action
    at ignore-listed frames
 POST /_next/server/chunks 404 in 245ms (compile: 4ms, render: 242ms)
Error: Failed to find Server Action "x". This request might be from an older or newer deployment.
Read more: https://nextjs.org/docs/messages/failed-to-find-server-action
    at ignore-listed frames
 POST /_next/server/app 404 in 235ms (compile: 3ms, render: 232ms)
Error: Failed to find Server Action "x". This request might be from an older or newer deployment.
Read more: https://nextjs.org/docs/messages/failed-to-find-server-action
    at ignore-listed frames
 POST /_next/server/chunks/ssr 404 in 296ms (compile: 3ms, render: 293ms)
Error: Failed to find Server Action "x". This request might be from an older or newer deployment.
Read more: https://nextjs.org/docs/messages/failed-to-find-server-action
    at ignore-listed frames
 POST /_next/revalidate 404 in 236ms (compile: 3ms, render: 233ms)
Error: Failed to find Server Action "x". This request might be from an older or newer deployment.
Read more: https://nextjs.org/docs/messages/failed-to-find-server-action
    at ignore-listed frames
 POST /_rsc 404 in 251ms (compile: 2ms, render: 248ms)
Error: Failed to find Server Action "x". This request might be from an older or newer deployment.
Read more: https://nextjs.org/docs/messages/failed-to-find-server-action
    at ignore-listed frames
 POST /?_rsc=x 404 in 269ms (compile: 6ms, render: 263ms)
Error: Failed to find Server Action "x". This request might be from an older or newer deployment.
Read more: https://nextjs.org/docs/messages/failed-to-find-server-action
    at ignore-listed frames
 POST /?__flight__=1 404 in 230ms (compile: 4ms, render: 226ms)
Error: Failed to find Server Action "x". This request might be from an older or newer deployment.
Read more: https://nextjs.org/docs/messages/failed-to-find-server-action
    at ignore-listed frames
 POST /_react_server 404 in 271ms (compile: 3ms, render: 269ms)
Error: Failed to find Server Action "x". This request might be from an older or newer deployment.
Read more: https://nextjs.org/docs/messages/failed-to-find-server-action
    at ignore-listed frames
 POST /apps 404 in 343ms (compile: 3ms, render: 339ms)
Error: Failed to find Server Action "x". This request might be from an older or newer deployment.
Read more: https://nextjs.org/docs/messages/failed-to-find-server-action
    at ignore-listed frames
 POST /sigin 404 in 264ms (compile: 4ms, render: 260ms)
Error: Failed to find Server Action "x". This request might be from an older or newer deployment.
Read more: https://nextjs.org/docs/messages/failed-to-find-server-action
    at ignore-listed frames
 POST / 404 in 245ms (compile: 6ms, render: 239ms)
Error: Failed to find Server Action "x". This request might be from an older or newer deployment.
Read more: https://nextjs.org/docs/messages/failed-to-find-server-action
    at ignore-listed frames
 POST /_next/on-demand-entries-ping 404 in 282ms (compile: 3ms, render: 278ms)
Error: Failed to find Server Action "x". This request might be from an older or newer deployment.
Read more: https://nextjs.org/docs/messages/failed-to-find-server-action
    at ignore-listed frames
 POST /_next/rsc 404 in 308ms (compile: 3ms, render: 305ms)
Error: Failed to find Server Action "x". This request might be from an older or newer deployment.
Read more: https://nextjs.org/docs/messages/failed-to-find-server-action
    at ignore-listed frames
 POST /_next/server-components 404 in 245ms (compile: 3ms, render: 242ms)
Error: Failed to find Server Action "x". This request might be from an older or newer deployment.
Read more: https://nextjs.org/docs/messages/failed-to-find-server-action
    at ignore-listed frames
 POST /_next/data 404 in 245ms (compile: 3ms, render: 242ms)
Error: Failed to find Server Action "x". This request might be from an older or newer deployment.
Read more: https://nextjs.org/docs/messages/failed-to-find-server-action
    at ignore-listed frames
 POST /_next/refresh 404 in 254ms (compile: 3ms, render: 251ms)
Error: Failed to find Server Action "x". This request might be from an older or newer deployment.
Read more: https://nextjs.org/docs/messages/failed-to-find-server-action
    at ignore-listed frames
 POST /_next/redirect 404 in 222ms (compile: 3ms, render: 219ms)
Error: Failed to find Server Action "x". This request might be from an older or newer deployment.
Read more: https://nextjs.org/docs/messages/failed-to-find-server-action
    at ignore-listed frames
 POST /_next/turbopack/flight 404 in 272ms (compile: 3ms, render: 269ms)
Error: Failed to find Server Action "x". This request might be from an older or newer deployment.
Read more: https://nextjs.org/docs/messages/failed-to-find-server-action
    at ignore-listed frames
 POST /_next/webpack-hmr 404 in 241ms (compile: 3ms, render: 239ms)
Error: Failed to find Server Action "x". This request might be from an older or newer deployment.
Read more: https://nextjs.org/docs/messages/failed-to-find-server-action
    at ignore-listed frames
 POST /_next/server-actions 404 in 244ms (compile: 3ms, render: 241ms)
Error: Failed to find Server Action "x". This request might be from an older or newer deployment.
Read more: https://nextjs.org/docs/messages/failed-to-find-server-action
    at ignore-listed frames
 POST /_react/flight 404 in 269ms (compile: 3ms, render: 266ms)
Error: Failed to find Server Action "x". This request might be from an older or newer deployment.
Read more: https://nextjs.org/docs/messages/failed-to-find-server-action
    at ignore-listed frames
 POST /_next/flight 404 in 217ms (compile: 3ms, render: 215ms)
Error: Failed to find Server Action "x". This request might be from an older or newer deployment.
Read more: https://nextjs.org/docs/messages/failed-to-find-server-action
    at ignore-listed frames
 POST /_next/static 404 in 230ms (compile: 2ms, render: 228ms)
Error: Failed to find Server Action "x". This request might be from an older or newer deployment.
Read more: https://nextjs.org/docs/messages/failed-to-find-server-action
    at ignore-listed frames
 POST /_next/server 404 in 220ms (compile: 3ms, render: 218ms)
Error: Failed to find Server Action "x". This request might be from an older or newer deployment.
Read more: https://nextjs.org/docs/messages/failed-to-find-server-action
    at ignore-listed frames
 POST /_next/server/pages 404 in 334ms (compile: 3ms, render: 331ms)
Error: Failed to find Server Action "x". This request might be from an older or newer deployment.
Read more: https://nextjs.org/docs/messages/failed-to-find-server-action
    at ignore-listed frames
 POST /_next/server/chunks 404 in 223ms (compile: 3ms, render: 220ms)
Error: Failed to find Server Action "x". This request might be from an older or newer deployment.
Read more: https://nextjs.org/docs/messages/failed-to-find-server-action
    at ignore-listed frames
 POST /_next/server/app 404 in 264ms (compile: 3ms, render: 261ms)
Error: Failed to find Server Action "x". This request might be from an older or newer deployment.
Read more: https://nextjs.org/docs/messages/failed-to-find-server-action
    at ignore-listed frames
 POST /_next/server/chunks/ssr 404 in 274ms (compile: 3ms, render: 271ms)
Error: Failed to find Server Action "x". This request might be from an older or newer deployment.
Read more: https://nextjs.org/docs/messages/failed-to-find-server-action
    at ignore-listed frames
 POST /_next/revalidate 404 in 369ms (compile: 4ms, render: 366ms)
Error: Failed to find Server Action "x". This request might be from an older or newer deployment.
Read more: https://nextjs.org/docs/messages/failed-to-find-server-action
    at ignore-listed frames
 POST /_rsc 404 in 272ms (compile: 3ms, render: 270ms)
Error: Failed to find Server Action "x". This request might be from an older or newer deployment.
Read more: https://nextjs.org/docs/messages/failed-to-find-server-action
    at ignore-listed frames
 POST /?_rsc=x 404 in 325ms (compile: 5ms, render: 320ms)
Error: Failed to find Server Action "x". This request might be from an older or newer deployment.
Read more: https://nextjs.org/docs/messages/failed-to-find-server-action
    at ignore-listed frames
 POST /?__flight__=1 404 in 237ms (compile: 3ms, render: 233ms)
Error: Failed to find Server Action "x". This request might be from an older or newer deployment.
Read more: https://nextjs.org/docs/messages/failed-to-find-server-action
    at ignore-listed frames
 POST /_react_server 404 in 217ms (compile: 3ms, render: 214ms)
Error: Failed to find Server Action "x". This request might be from an older or newer deployment.
Read more: https://nextjs.org/docs/messages/failed-to-find-server-action
    at ignore-listed frames
 POST /apps 404 in 222ms (compile: 3ms, render: 219ms)
Error: Failed to find Server Action "x". This request might be from an older or newer deployment.
Read more: https://nextjs.org/docs/messages/failed-to-find-server-action
    at ignore-listed frames
 POST /sigin 404 in 287ms (compile: 2ms, render: 285ms)
Error: Failed to find Server Action "x". This request might be from an older or newer deployment.
Read more: https://nextjs.org/docs/messages/failed-to-find-server-action
    at ignore-listed frames
 POST / 404 in 409ms (compile: 17ms, render: 392ms)
Error: Failed to find Server Action "x". This request might be from an older or newer deployment.
Read more: https://nextjs.org/docs/messages/failed-to-find-server-action
    at ignore-listed frames
 POST /_next/on-demand-entries-ping 404 in 234ms (compile: 4ms, render: 230ms)
Error: Failed to find Server Action "x". This request might be from an older or newer deployment.
Read more: https://nextjs.org/docs/messages/failed-to-find-server-action
    at ignore-listed frames
 POST /_next/rsc 404 in 239ms (compile: 3ms, render: 237ms)
Error: Failed to find Server Action "x". This request might be from an older or newer deployment.
Read more: https://nextjs.org/docs/messages/failed-to-find-server-action
    at ignore-listed frames
 POST /_next/server-components 404 in 274ms (compile: 5ms, render: 269ms)
Error: Failed to find Server Action "x". This request might be from an older or newer deployment.
Read more: https://nextjs.org/docs/messages/failed-to-find-server-action
    at ignore-listed frames
 POST /_next/data 404 in 225ms (compile: 3ms, render: 222ms)
Error: Failed to find Server Action "x". This request might be from an older or newer deployment.
Read more: https://nextjs.org/docs/messages/failed-to-find-server-action
    at ignore-listed frames
 POST /_next/refresh 404 in 244ms (compile: 3ms, render: 241ms)
Error: Failed to find Server Action "x". This request might be from an older or newer deployment.
Read more: https://nextjs.org/docs/messages/failed-to-find-server-action
    at ignore-listed frames
 POST /_next/redirect 404 in 297ms (compile: 3ms, render: 294ms)
Error: Failed to find Server Action "x". This request might be from an older or newer deployment.
Read more: https://nextjs.org/docs/messages/failed-to-find-server-action
    at ignore-listed frames
 POST /_next/turbopack/flight 404 in 262ms (compile: 4ms, render: 259ms)
Error: Failed to find Server Action "x". This request might be from an older or newer deployment.
Read more: https://nextjs.org/docs/messages/failed-to-find-server-action
    at ignore-listed frames
 POST /_next/webpack-hmr 404 in 245ms (compile: 3ms, render: 243ms)
Error: Failed to find Server Action "x". This request might be from an older or newer deployment.
Read more: https://nextjs.org/docs/messages/failed-to-find-server-action
    at ignore-listed frames
 POST /_next/server-actions 404 in 257ms (compile: 3ms, render: 254ms)
Error: Failed to find Server Action "x". This request might be from an older or newer deployment.
Read more: https://nextjs.org/docs/messages/failed-to-find-server-action
    at ignore-listed frames
 POST /_react/flight 404 in 222ms (compile: 2ms, render: 219ms)
Error: Failed to find Server Action "x". This request might be from an older or newer deployment.
Read more: https://nextjs.org/docs/messages/failed-to-find-server-action
    at ignore-listed frames
 POST /_next/flight 404 in 275ms (compile: 3ms, render: 272ms)
Error: Failed to find Server Action "x". This request might be from an older or newer deployment.
Read more: https://nextjs.org/docs/messages/failed-to-find-server-action
    at ignore-listed frames
 POST /_next/static 404 in 224ms (compile: 2ms, render: 222ms)
Error: Failed to find Server Action "x". This request might be from an older or newer deployment.
Read more: https://nextjs.org/docs/messages/failed-to-find-server-action
    at ignore-listed frames
 POST /_next/server 404 in 266ms (compile: 2ms, render: 263ms)
Error: Failed to find Server Action "x". This request might be from an older or newer deployment.
Read more: https://nextjs.org/docs/messages/failed-to-find-server-action
    at ignore-listed frames
 POST /_next/server/pages 404 in 259ms (compile: 3ms, render: 256ms)
Error: Failed to find Server Action "x". This request might be from an older or newer deployment.
Read more: https://nextjs.org/docs/messages/failed-to-find-server-action
    at ignore-listed frames
 POST /_next/server/chunks 404 in 224ms (compile: 2ms, render: 221ms)
Error: Failed to find Server Action "x". This request might be from an older or newer deployment.
Read more: https://nextjs.org/docs/messages/failed-to-find-server-action
    at ignore-listed frames
 POST /_next/server/app 404 in 336ms (compile: 3ms, render: 333ms)
Error: Failed to find Server Action "x". This request might be from an older or newer deployment.
Read more: https://nextjs.org/docs/messages/failed-to-find-server-action
    at ignore-listed frames
 POST /_next/server/chunks/ssr 404 in 234ms (compile: 3ms, render: 231ms)
Error: Failed to find Server Action "x". This request might be from an older or newer deployment.
Read more: https://nextjs.org/docs/messages/failed-to-find-server-action
    at ignore-listed frames
 POST /_next/revalidate 404 in 252ms (compile: 3ms, render: 249ms)
Error: Failed to find Server Action "x". This request might be from an older or newer deployment.
Read more: https://nextjs.org/docs/messages/failed-to-find-server-action
    at ignore-listed frames
 POST /_rsc 404 in 234ms (compile: 4ms, render: 231ms)
Error: Failed to find Server Action "x". This request might be from an older or newer deployment.
Read more: https://nextjs.org/docs/messages/failed-to-find-server-action
    at ignore-listed frames
 POST /?_rsc=x 404 in 221ms (compile: 5ms, render: 216ms)
Error: Failed to find Server Action "x". This request might be from an older or newer deployment.
Read more: https://nextjs.org/docs/messages/failed-to-find-server-action
    at ignore-listed frames
 POST /?__flight__=1 404 in 291ms (compile: 4ms, render: 288ms)
Error: Failed to find Server Action "x". This request might be from an older or newer deployment.
Read more: https://nextjs.org/docs/messages/failed-to-find-server-action
    at ignore-listed frames
 POST /_react_server 404 in 254ms (compile: 2ms, render: 252ms)
Error: Failed to find Server Action "x". This request might be from an older or newer deployment.
Read more: https://nextjs.org/docs/messages/failed-to-find-server-action
    at ignore-listed frames
 POST /apps 404 in 261ms (compile: 2ms, render: 259ms)
Error: Failed to find Server Action "x". This request might be from an older or newer deployment.
Read more: https://nextjs.org/docs/messages/failed-to-find-server-action
    at ignore-listed frames
 POST /sigin 404 in 241ms (compile: 3ms, render: 238ms)
Error: Failed to find Server Action "x". This request might be from an older or newer deployment.
Read more: https://nextjs.org/docs/messages/failed-to-find-server-action
    at ignore-listed frames
 POST / 404 in 222ms (compile: 4ms, render: 218ms)
Error: Failed to find Server Action "x". This request might be from an older or newer deployment.
Read more: https://nextjs.org/docs/messages/failed-to-find-server-action
    at ignore-listed frames
 POST /_next/on-demand-entries-ping 404 in 271ms (compile: 2ms, render: 269ms)
Error: Failed to find Server Action "x". This request might be from an older or newer deployment.
Read more: https://nextjs.org/docs/messages/failed-to-find-server-action
    at ignore-listed frames
 POST /_next/rsc 404 in 261ms (compile: 3ms, render: 257ms)
Error: Failed to find Server Action "x". This request might be from an older or newer deployment.
Read more: https://nextjs.org/docs/messages/failed-to-find-server-action
    at ignore-listed frames
 POST /_next/server-components 404 in 254ms (compile: 3ms, render: 251ms)
Error: Failed to find Server Action "x". This request might be from an older or newer deployment.
Read more: https://nextjs.org/docs/messages/failed-to-find-server-action
    at ignore-listed frames
 POST /_next/data 404 in 247ms (compile: 3ms, render: 245ms)
Error: Failed to find Server Action "x". This request might be from an older or newer deployment.
Read more: https://nextjs.org/docs/messages/failed-to-find-server-action
    at ignore-listed frames
 POST /_next/refresh 404 in 239ms (compile: 3ms, render: 236ms)
Error: Failed to find Server Action "x". This request might be from an older or newer deployment.
Read more: https://nextjs.org/docs/messages/failed-to-find-server-action
    at ignore-listed frames
 POST /_next/redirect 404 in 290ms (compile: 3ms, render: 287ms)
Error: Failed to find Server Action "x". This request might be from an older or newer deployment.
Read more: https://nextjs.org/docs/messages/failed-to-find-server-action
    at ignore-listed frames
 POST /_next/turbopack/flight 404 in 240ms (compile: 2ms, render: 238ms)
Error: Failed to find Server Action "x". This request might be from an older or newer deployment.
Read more: https://nextjs.org/docs/messages/failed-to-find-server-action
    at ignore-listed frames
 POST /_next/webpack-hmr 404 in 247ms (compile: 3ms, render: 244ms)
Error: Failed to find Server Action "x". This request might be from an older or newer deployment.
Read more: https://nextjs.org/docs/messages/failed-to-find-server-action
    at ignore-listed frames
 POST /_next/server-actions 404 in 228ms (compile: 3ms, render: 226ms)
Error: Failed to find Server Action "x". This request might be from an older or newer deployment.
Read more: https://nextjs.org/docs/messages/failed-to-find-server-action
    at ignore-listed frames
 POST /_react/flight 404 in 224ms (compile: 2ms, render: 222ms)
Error: Failed to find Server Action "x". This request might be from an older or newer deployment.
Read more: https://nextjs.org/docs/messages/failed-to-find-server-action
    at ignore-listed frames
 POST /_next/flight 404 in 304ms (compile: 2ms, render: 301ms)
Error: Failed to find Server Action "x". This request might be from an older or newer deployment.
Read more: https://nextjs.org/docs/messages/failed-to-find-server-action
    at ignore-listed frames
 POST /_next/static 404 in 225ms (compile: 2ms, render: 222ms)
Error: Failed to find Server Action "x". This request might be from an older or newer deployment.
Read more: https://nextjs.org/docs/messages/failed-to-find-server-action
    at ignore-listed frames
 POST /_next/server 404 in 248ms (compile: 3ms, render: 245ms)
Error: Failed to find Server Action "x". This request might be from an older or newer deployment.
Read more: https://nextjs.org/docs/messages/failed-to-find-server-action
    at ignore-listed frames
 POST /_next/server/pages 404 in 259ms (compile: 3ms, render: 257ms)
Error: Failed to find Server Action "x". This request might be from an older or newer deployment.
Read more: https://nextjs.org/docs/messages/failed-to-find-server-action
    at ignore-listed frames
 POST /_next/server/chunks 404 in 214ms (compile: 2ms, render: 211ms)
Error: Failed to find Server Action "x". This request might be from an older or newer deployment.
Read more: https://nextjs.org/docs/messages/failed-to-find-server-action
    at ignore-listed frames
 POST /_next/server/app 404 in 224ms (compile: 3ms, render: 221ms)
Error: Failed to find Server Action "x". This request might be from an older or newer deployment.
Read more: https://nextjs.org/docs/messages/failed-to-find-server-action
    at ignore-listed frames
 POST /_next/server/chunks/ssr 404 in 216ms (compile: 3ms, render: 213ms)
Error: Failed to find Server Action "x". This request might be from an older or newer deployment.
Read more: https://nextjs.org/docs/messages/failed-to-find-server-action
    at ignore-listed frames
 POST /_next/revalidate 404 in 258ms (compile: 3ms, render: 255ms)
Error: Failed to find Server Action "x". This request might be from an older or newer deployment.
Read more: https://nextjs.org/docs/messages/failed-to-find-server-action
    at ignore-listed frames
 POST /_rsc 404 in 242ms (compile: 4ms, render: 239ms)
Error: Failed to find Server Action "x". This request might be from an older or newer deployment.
Read more: https://nextjs.org/docs/messages/failed-to-find-server-action
    at ignore-listed frames
 POST /?_rsc=x 404 in 217ms (compile: 4ms, render: 214ms)
Error: Failed to find Server Action "x". This request might be from an older or newer deployment.
Read more: https://nextjs.org/docs/messages/failed-to-find-server-action
    at ignore-listed frames
 POST /?__flight__=1 404 in 304ms (compile: 5ms, render: 300ms)
Error: Failed to find Server Action "x". This request might be from an older or newer deployment.
Read more: https://nextjs.org/docs/messages/failed-to-find-server-action
    at ignore-listed frames
 POST /_react_server 404 in 225ms (compile: 2ms, render: 223ms)
Error: Failed to find Server Action "x". This request might be from an older or newer deployment.
Read more: https://nextjs.org/docs/messages/failed-to-find-server-action
    at ignore-listed frames
 POST /apps 404 in 301ms (compile: 4ms, render: 297ms)
Error: Failed to find Server Action "x". This request might be from an older or newer deployment.
Read more: https://nextjs.org/docs/messages/failed-to-find-server-action
    at ignore-listed frames
 POST /sigin 404 in 247ms (compile: 3ms, render: 244ms)
Error: Failed to find Server Action "x". This request might be from an older or newer deployment.
Read more: https://nextjs.org/docs/messages/failed-to-find-server-action
    at ignore-listed frames
 POST / 404 in 390ms (compile: 10ms, render: 381ms)
Error: Failed to find Server Action "x". This request might be from an older or newer deployment.
Read more: https://nextjs.org/docs/messages/failed-to-find-server-action
    at ignore-listed frames
 POST /_next/on-demand-entries-ping 404 in 240ms (compile: 3ms, render: 237ms)
Error: Failed to find Server Action "x". This request might be from an older or newer deployment.
Read more: https://nextjs.org/docs/messages/failed-to-find-server-action
    at ignore-listed frames
 POST /_next/rsc 404 in 277ms (compile: 3ms, render: 274ms)
Error: Failed to find Server Action "x". This request might be from an older or newer deployment.
Read more: https://nextjs.org/docs/messages/failed-to-find-server-action
    at ignore-listed frames
 POST /_next/server-components 404 in 272ms (compile: 3ms, render: 269ms)
Error: Failed to find Server Action "x". This request might be from an older or newer deployment.
Read more: https://nextjs.org/docs/messages/failed-to-find-server-action
    at ignore-listed frames
 POST /_next/data 404 in 241ms (compile: 3ms, render: 238ms)
Error: Failed to find Server Action "x". This request might be from an older or newer deployment.
Read more: https://nextjs.org/docs/messages/failed-to-find-server-action
    at ignore-listed frames
 POST /_next/refresh 404 in 213ms (compile: 3ms, render: 210ms)
Error: Failed to find Server Action "x". This request might be from an older or newer deployment.
Read more: https://nextjs.org/docs/messages/failed-to-find-server-action
    at ignore-listed frames
 POST /_next/redirect 404 in 291ms (compile: 3ms, render: 288ms)
Error: Failed to find Server Action "x". This request might be from an older or newer deployment.
Read more: https://nextjs.org/docs/messages/failed-to-find-server-action
    at ignore-listed frames
 POST /_next/turbopack/flight 404 in 255ms (compile: 2ms, render: 252ms)
Error: Failed to find Server Action "x". This request might be from an older or newer deployment.
Read more: https://nextjs.org/docs/messages/failed-to-find-server-action
    at ignore-listed frames
 POST /_next/webpack-hmr 404 in 246ms (compile: 3ms, render: 243ms)
Error: Failed to find Server Action "x". This request might be from an older or newer deployment.
Read more: https://nextjs.org/docs/messages/failed-to-find-server-action
    at ignore-listed frames
 POST /_next/server-actions 404 in 231ms (compile: 3ms, render: 229ms)
Error: Failed to find Server Action "x". This request might be from an older or newer deployment.
Read more: https://nextjs.org/docs/messages/failed-to-find-server-action
    at ignore-listed frames
 POST /_react/flight 404 in 217ms (compile: 2ms, render: 215ms)
Error: Failed to find Server Action "x". This request might be from an older or newer deployment.
Read more: https://nextjs.org/docs/messages/failed-to-find-server-action
    at ignore-listed frames
 POST /_next/flight 404 in 283ms (compile: 5ms, render: 278ms)
Error: Failed to find Server Action "x". This request might be from an older or newer deployment.
Read more: https://nextjs.org/docs/messages/failed-to-find-server-action
    at ignore-listed frames
 POST /_next/static 404 in 228ms (compile: 3ms, render: 224ms)
Error: Failed to find Server Action "x". This request might be from an older or newer deployment.
Read more: https://nextjs.org/docs/messages/failed-to-find-server-action
    at ignore-listed frames
 POST /_next/server 404 in 258ms (compile: 2ms, render: 255ms)
Error: Failed to find Server Action "x". This request might be from an older or newer deployment.
Read more: https://nextjs.org/docs/messages/failed-to-find-server-action
    at ignore-listed frames
 POST /_next/server/pages 404 in 247ms (compile: 3ms, render: 244ms)
Error: Failed to find Server Action "x". This request might be from an older or newer deployment.
Read more: https://nextjs.org/docs/messages/failed-to-find-server-action
    at ignore-listed frames
 POST /_next/server/chunks 404 in 240ms (compile: 3ms, render: 237ms)
Error: Failed to find Server Action "x". This request might be from an older or newer deployment.
Read more: https://nextjs.org/docs/messages/failed-to-find-server-action
    at ignore-listed frames
 POST /_next/server/app 404 in 275ms (compile: 2ms, render: 273ms)
Error: Failed to find Server Action "x". This request might be from an older or newer deployment.
Read more: https://nextjs.org/docs/messages/failed-to-find-server-action
    at ignore-listed frames
 POST /_next/server/chunks/ssr 404 in 276ms (compile: 3ms, render: 273ms)
Error: Failed to find Server Action "x". This request might be from an older or newer deployment.
Read more: https://nextjs.org/docs/messages/failed-to-find-server-action
    at ignore-listed frames
 POST /_next/revalidate 404 in 232ms (compile: 2ms, render: 229ms)
Error: Failed to find Server Action "x". This request might be from an older or newer deployment.
Read more: https://nextjs.org/docs/messages/failed-to-find-server-action
    at ignore-listed frames
 POST /_rsc 404 in 241ms (compile: 3ms, render: 238ms)
Error: Failed to find Server Action "x". This request might be from an older or newer deployment.
Read more: https://nextjs.org/docs/messages/failed-to-find-server-action
    at ignore-listed frames
 POST /?_rsc=x 404 in 227ms (compile: 8ms, render: 219ms)
Error: Failed to find Server Action "x". This request might be from an older or newer deployment.
Read more: https://nextjs.org/docs/messages/failed-to-find-server-action
    at ignore-listed frames
 POST /?__flight__=1 404 in 286ms (compile: 5ms, render: 281ms)
Error: Failed to find Server Action "x". This request might be from an older or newer deployment.
Read more: https://nextjs.org/docs/messages/failed-to-find-server-action
    at ignore-listed frames
 POST /_react_server 404 in 251ms (compile: 3ms, render: 249ms)
Error: Failed to find Server Action "x". This request might be from an older or newer deployment.
Read more: https://nextjs.org/docs/messages/failed-to-find-server-action
    at ignore-listed frames
 POST /apps 404 in 247ms (compile: 2ms, render: 244ms)
Error: Failed to find Server Action "x". This request might be from an older or newer deployment.
Read more: https://nextjs.org/docs/messages/failed-to-find-server-action
    at ignore-listed frames
 POST /sigin 404 in 237ms (compile: 3ms, render: 235ms)
Error: Failed to find Server Action "x". This request might be from an older or newer deployment.
Read more: https://nextjs.org/docs/messages/failed-to-find-server-action
    at ignore-listed frames
 POST / 404 in 230ms (compile: 4ms, render: 226ms)
Error: Failed to find Server Action "x". This request might be from an older or newer deployment.
Read more: https://nextjs.org/docs/messages/failed-to-find-server-action
    at ignore-listed frames
 POST /_next/on-demand-entries-ping 404 in 298ms (compile: 3ms, render: 295ms)
Error: Failed to find Server Action "x". This request might be from an older or newer deployment.
Read more: https://nextjs.org/docs/messages/failed-to-find-server-action
    at ignore-listed frames
 POST /_next/rsc 404 in 222ms (compile: 2ms, render: 220ms)
Error: Failed to find Server Action "x". This request might be from an older or newer deployment.
Read more: https://nextjs.org/docs/messages/failed-to-find-server-action
    at ignore-listed frames
 POST /_next/server-components 404 in 245ms (compile: 2ms, render: 243ms)
Error: Failed to find Server Action "x". This request might be from an older or newer deployment.
Read more: https://nextjs.org/docs/messages/failed-to-find-server-action
    at ignore-listed frames
 POST /_next/data 404 in 279ms (compile: 3ms, render: 276ms)
Error: Failed to find Server Action "x". This request might be from an older or newer deployment.
Read more: https://nextjs.org/docs/messages/failed-to-find-server-action
    at ignore-listed frames
 POST /_next/refresh 404 in 223ms (compile: 3ms, render: 220ms)
Error: Failed to find Server Action "x". This request might be from an older or newer deployment.
Read more: https://nextjs.org/docs/messages/failed-to-find-server-action
    at ignore-listed frames
 POST /_next/redirect 404 in 265ms (compile: 3ms, render: 262ms)
Error: Failed to find Server Action "x". This request might be from an older or newer deployment.
Read more: https://nextjs.org/docs/messages/failed-to-find-server-action
    at ignore-listed frames
 POST /_next/turbopack/flight 404 in 225ms (compile: 2ms, render: 222ms)
Error: Failed to find Server Action "x". This request might be from an older or newer deployment.
Read more: https://nextjs.org/docs/messages/failed-to-find-server-action
    at ignore-listed frames
 POST /_next/webpack-hmr 404 in 246ms (compile: 2ms, render: 244ms)
Error: Failed to find Server Action "x". This request might be from an older or newer deployment.
Read more: https://nextjs.org/docs/messages/failed-to-find-server-action
    at ignore-listed frames
 POST /_next/server-actions 404 in 241ms (compile: 3ms, render: 238ms)
Error: Failed to find Server Action "x". This request might be from an older or newer deployment.
Read more: https://nextjs.org/docs/messages/failed-to-find-server-action
    at ignore-listed frames
 POST /_react/flight 404 in 233ms (compile: 2ms, render: 231ms)
Error: Failed to find Server Action "x". This request might be from an older or newer deployment.
Read more: https://nextjs.org/docs/messages/failed-to-find-server-action
    at ignore-listed frames
 POST /_next/flight 404 in 260ms (compile: 3ms, render: 257ms)
Error: Failed to find Server Action "x". This request might be from an older or newer deployment.
Read more: https://nextjs.org/docs/messages/failed-to-find-server-action
    at ignore-listed frames
 POST /_next/static 404 in 296ms (compile: 2ms, render: 294ms)
Error: Failed to find Server Action "x". This request might be from an older or newer deployment.
Read more: https://nextjs.org/docs/messages/failed-to-find-server-action
    at ignore-listed frames
 POST /_next/server 404 in 245ms (compile: 3ms, render: 242ms)
Error: Failed to find Server Action "x". This request might be from an older or newer deployment.
Read more: https://nextjs.org/docs/messages/failed-to-find-server-action
    at ignore-listed frames
 POST /_next/server/pages 404 in 269ms (compile: 2ms, render: 266ms)
Error: Failed to find Server Action "x". This request might be from an older or newer deployment.
Read more: https://nextjs.org/docs/messages/failed-to-find-server-action
    at ignore-listed frames
 POST /_next/server/chunks 404 in 229ms (compile: 2ms, render: 226ms)
Error: Failed to find Server Action "x". This request might be from an older or newer deployment.
Read more: https://nextjs.org/docs/messages/failed-to-find-server-action
    at ignore-listed frames
 POST /_next/server/app 404 in 229ms (compile: 2ms, render: 227ms)
Error: Failed to find Server Action "x". This request might be from an older or newer deployment.
Read more: https://nextjs.org/docs/messages/failed-to-find-server-action
    at ignore-listed frames
 POST /_next/server/chunks/ssr 404 in 218ms (compile: 3ms, render: 216ms)
Error: Failed to find Server Action "x". This request might be from an older or newer deployment.
Read more: https://nextjs.org/docs/messages/failed-to-find-server-action
    at ignore-listed frames
 POST /_next/revalidate 404 in 252ms (compile: 2ms, render: 249ms)
Error: Failed to find Server Action "x". This request might be from an older or newer deployment.
Read more: https://nextjs.org/docs/messages/failed-to-find-server-action
    at ignore-listed frames
 POST /_rsc 404 in 252ms (compile: 3ms, render: 249ms)
Error: Failed to find Server Action "x". This request might be from an older or newer deployment.
Read more: https://nextjs.org/docs/messages/failed-to-find-server-action
    at ignore-listed frames
 POST /?_rsc=x 404 in 236ms (compile: 4ms, render: 233ms)
Error: Failed to find Server Action "x". This request might be from an older or newer deployment.
Read more: https://nextjs.org/docs/messages/failed-to-find-server-action
    at ignore-listed frames
 POST /?__flight__=1 404 in 282ms (compile: 3ms, render: 279ms)
Error: Failed to find Server Action "x". This request might be from an older or newer deployment.
Read more: https://nextjs.org/docs/messages/failed-to-find-server-action
    at ignore-listed frames
 POST /_react_server 404 in 252ms (compile: 3ms, render: 249ms)
Error: Failed to find Server Action "x". This request might be from an older or newer deployment.
Read more: https://nextjs.org/docs/messages/failed-to-find-server-action
    at ignore-listed frames
 POST /apps 404 in 245ms (compile: 3ms, render: 243ms)
Error: Failed to find Server Action "x". This request might be from an older or newer deployment.
Read more: https://nextjs.org/docs/messages/failed-to-find-server-action
    at ignore-listed frames
 POST /sigin 404 in 266ms (compile: 3ms, render: 264ms)
Error: Failed to find Server Action "x". This request might be from an older or newer deployment.
Read more: https://nextjs.org/docs/messages/failed-to-find-server-action
    at ignore-listed frames
 POST / 404 in 440ms (compile: 13ms, render: 426ms)
Error: Failed to find Server Action "x". This request might be from an older or newer deployment.
Read more: https://nextjs.org/docs/messages/failed-to-find-server-action
    at ignore-listed frames
 POST /_next/on-demand-entries-ping 404 in 258ms (compile: 3ms, render: 255ms)
Error: Failed to find Server Action "x". This request might be from an older or newer deployment.
Read more: https://nextjs.org/docs/messages/failed-to-find-server-action
    at ignore-listed frames
 POST /_next/rsc 404 in 278ms (compile: 3ms, render: 275ms)
Error: Failed to find Server Action "x". This request might be from an older or newer deployment.
Read more: https://nextjs.org/docs/messages/failed-to-find-server-action
    at ignore-listed frames
 POST /_next/server-components 404 in 253ms (compile: 3ms, render: 250ms)
Error: Failed to find Server Action "x". This request might be from an older or newer deployment.
Read more: https://nextjs.org/docs/messages/failed-to-find-server-action
    at ignore-listed frames
 POST /_next/data 404 in 266ms (compile: 3ms, render: 264ms)
Error: Failed to find Server Action "x". This request might be from an older or newer deployment.
Read more: https://nextjs.org/docs/messages/failed-to-find-server-action
    at ignore-listed frames
 POST /_next/refresh 404 in 341ms (compile: 3ms, render: 338ms)
Error: Failed to find Server Action "x". This request might be from an older or newer deployment.
Read more: https://nextjs.org/docs/messages/failed-to-find-server-action
    at ignore-listed frames
 POST /_next/redirect 404 in 234ms (compile: 3ms, render: 231ms)
Error: Failed to find Server Action "x". This request might be from an older or newer deployment.
Read more: https://nextjs.org/docs/messages/failed-to-find-server-action
    at ignore-listed frames
 POST /_next/turbopack/flight 404 in 280ms (compile: 4ms, render: 276ms)
Error: Failed to find Server Action "x". This request might be from an older or newer deployment.
Read more: https://nextjs.org/docs/messages/failed-to-find-server-action
    at ignore-listed frames
 POST /_next/webpack-hmr 404 in 245ms (compile: 3ms, render: 241ms)
Error: Failed to find Server Action "x". This request might be from an older or newer deployment.
Read more: https://nextjs.org/docs/messages/failed-to-find-server-action
    at ignore-listed frames
 POST /_next/server-actions 404 in 233ms (compile: 3ms, render: 230ms)
Error: Failed to find Server Action "x". This request might be from an older or newer deployment.
Read more: https://nextjs.org/docs/messages/failed-to-find-server-action
    at ignore-listed frames
 POST /_react/flight 404 in 280ms (compile: 3ms, render: 278ms)
Error: Failed to find Server Action "x". This request might be from an older or newer deployment.
Read more: https://nextjs.org/docs/messages/failed-to-find-server-action
    at ignore-listed frames
 POST /_next/flight 404 in 259ms (compile: 2ms, render: 257ms)
Error: Failed to find Server Action "x". This request might be from an older or newer deployment.
Read more: https://nextjs.org/docs/messages/failed-to-find-server-action
    at ignore-listed frames
 POST /_next/static 404 in 251ms (compile: 3ms, render: 249ms)
Error: Failed to find Server Action "x". This request might be from an older or newer deployment.
Read more: https://nextjs.org/docs/messages/failed-to-find-server-action
    at ignore-listed frames
 POST /_next/server 404 in 241ms (compile: 4ms, render: 237ms)
Error: Failed to find Server Action "x". This request might be from an older or newer deployment.
Read more: https://nextjs.org/docs/messages/failed-to-find-server-action
    at ignore-listed frames
 POST /_next/server/pages 404 in 249ms (compile: 2ms, render: 247ms)
Error: Failed to find Server Action "x". This request might be from an older or newer deployment.
Read more: https://nextjs.org/docs/messages/failed-to-find-server-action
    at ignore-listed frames
 POST /_next/server/chunks 404 in 285ms (compile: 2ms, render: 283ms)
Error: Failed to find Server Action "x". This request might be from an older or newer deployment.
Read more: https://nextjs.org/docs/messages/failed-to-find-server-action
    at ignore-listed frames
 POST /_next/server/app 404 in 238ms (compile: 2ms, render: 236ms)
Error: Failed to find Server Action "x". This request might be from an older or newer deployment.
Read more: https://nextjs.org/docs/messages/failed-to-find-server-action
    at ignore-listed frames
 POST /_next/server/chunks/ssr 404 in 260ms (compile: 3ms, render: 258ms)
Error: Failed to find Server Action "x". This request might be from an older or newer deployment.
Read more: https://nextjs.org/docs/messages/failed-to-find-server-action
    at ignore-listed frames
 POST /_next/revalidate 404 in 240ms (compile: 3ms, render: 237ms)
Error: Failed to find Server Action "x". This request might be from an older or newer deployment.
Read more: https://nextjs.org/docs/messages/failed-to-find-server-action
    at ignore-listed frames
 POST /_rsc 404 in 233ms (compile: 3ms, render: 230ms)
Error: Failed to find Server Action "x". This request might be from an older or newer deployment.
Read more: https://nextjs.org/docs/messages/failed-to-find-server-action
    at ignore-listed frames
 POST /?_rsc=x 404 in 299ms (compile: 3ms, render: 296ms)
Error: Failed to find Server Action "x". This request might be from an older or newer deployment.
Read more: https://nextjs.org/docs/messages/failed-to-find-server-action
    at ignore-listed frames
 POST /?__flight__=1 404 in 237ms (compile: 3ms, render: 234ms)
Error: Failed to find Server Action "x". This request might be from an older or newer deployment.
Read more: https://nextjs.org/docs/messages/failed-to-find-server-action
    at ignore-listed frames
 POST /_react_server 404 in 247ms (compile: 3ms, render: 244ms)
Error: Failed to find Server Action "x". This request might be from an older or newer deployment.
Read more: https://nextjs.org/docs/messages/failed-to-find-server-action
    at ignore-listed frames
 POST /apps 404 in 237ms (compile: 2ms, render: 235ms)
Error: Failed to find Server Action "x". This request might be from an older or newer deployment.
Read more: https://nextjs.org/docs/messages/failed-to-find-server-action
    at ignore-listed frames
 POST /sigin 404 in 295ms (compile: 3ms, render: 293ms)
Error: Failed to find Server Action "x". This request might be from an older or newer deployment.
Read more: https://nextjs.org/docs/messages/failed-to-find-server-action
    at ignore-listed frames
 POST / 404 in 237ms (compile: 4ms, render: 233ms)
Error: Failed to find Server Action "x". This request might be from an older or newer deployment.
Read more: https://nextjs.org/docs/messages/failed-to-find-server-action
    at ignore-listed frames
 POST /_next/on-demand-entries-ping 404 in 324ms (compile: 29ms, render: 295ms)
Error: Failed to find Server Action "x". This request might be from an older or newer deployment.
Read more: https://nextjs.org/docs/messages/failed-to-find-server-action
    at ignore-listed frames
 POST /_next/rsc 404 in 221ms (compile: 3ms, render: 219ms)
Error: Failed to find Server Action "x". This request might be from an older or newer deployment.
Read more: https://nextjs.org/docs/messages/failed-to-find-server-action
    at ignore-listed frames
 POST /_next/server-components 404 in 271ms (compile: 4ms, render: 268ms)
Error: Failed to find Server Action "x". This request might be from an older or newer deployment.
Read more: https://nextjs.org/docs/messages/failed-to-find-server-action
    at ignore-listed frames
 POST /_next/data 404 in 250ms (compile: 3ms, render: 247ms)
Error: Failed to find Server Action "x". This request might be from an older or newer deployment.
Read more: https://nextjs.org/docs/messages/failed-to-find-server-action
    at ignore-listed frames
 POST /_next/refresh 404 in 249ms (compile: 3ms, render: 246ms)
Error: Failed to find Server Action "x". This request might be from an older or newer deployment.
Read more: https://nextjs.org/docs/messages/failed-to-find-server-action
    at ignore-listed frames
 POST /_next/redirect 404 in 240ms (compile: 3ms, render: 237ms)
Error: Failed to find Server Action "x". This request might be from an older or newer deployment.
Read more: https://nextjs.org/docs/messages/failed-to-find-server-action
    at ignore-listed frames
 POST /_next/turbopack/flight 404 in 250ms (compile: 2ms, render: 248ms)
Error: Failed to find Server Action "x". This request might be from an older or newer deployment.
Read more: https://nextjs.org/docs/messages/failed-to-find-server-action
    at ignore-listed frames
 POST /_next/webpack-hmr 404 in 246ms (compile: 3ms, render: 243ms)
Error: Failed to find Server Action "x". This request might be from an older or newer deployment.
Read more: https://nextjs.org/docs/messages/failed-to-find-server-action
    at ignore-listed frames
 POST /_next/server-actions 404 in 223ms (compile: 3ms, render: 220ms)
Error: Failed to find Server Action "x". This request might be from an older or newer deployment.
Read more: https://nextjs.org/docs/messages/failed-to-find-server-action
    at ignore-listed frames
 POST /_react/flight 404 in 219ms (compile: 2ms, render: 216ms)
Error: Failed to find Server Action "x". This request might be from an older or newer deployment.
Read more: https://nextjs.org/docs/messages/failed-to-find-server-action
    at ignore-listed frames
 POST /_next/flight 404 in 226ms (compile: 3ms, render: 223ms)
Error: Failed to find Server Action "x". This request might be from an older or newer deployment.
Read more: https://nextjs.org/docs/messages/failed-to-find-server-action
    at ignore-listed frames
 POST /_next/static 404 in 225ms (compile: 3ms, render: 222ms)
Error: Failed to find Server Action "x". This request might be from an older or newer deployment.
Read more: https://nextjs.org/docs/messages/failed-to-find-server-action
    at ignore-listed frames
 POST /_next/server 404 in 268ms (compile: 3ms, render: 265ms)
Error: Failed to find Server Action "x". This request might be from an older or newer deployment.
Read more: https://nextjs.org/docs/messages/failed-to-find-server-action
    at ignore-listed frames
 POST /_next/server/pages 404 in 232ms (compile: 3ms, render: 229ms)
Error: Failed to find Server Action "x". This request might be from an older or newer deployment.
Read more: https://nextjs.org/docs/messages/failed-to-find-server-action
    at ignore-listed frames
 POST /_next/server/chunks 404 in 257ms (compile: 3ms, render: 254ms)
Error: Failed to find Server Action "x". This request might be from an older or newer deployment.
Read more: https://nextjs.org/docs/messages/failed-to-find-server-action
    at ignore-listed frames
 POST /_next/server/app 404 in 249ms (compile: 3ms, render: 246ms)
Error: Failed to find Server Action "x". This request might be from an older or newer deployment.
Read more: https://nextjs.org/docs/messages/failed-to-find-server-action
    at ignore-listed frames
 POST /_next/server/chunks/ssr 404 in 291ms (compile: 3ms, render: 288ms)
Error: Failed to find Server Action "x". This request might be from an older or newer deployment.
Read more: https://nextjs.org/docs/messages/failed-to-find-server-action
    at ignore-listed frames
 POST /_next/revalidate 404 in 228ms (compile: 3ms, render: 226ms)
Error: Failed to find Server Action "x". This request might be from an older or newer deployment.
Read more: https://nextjs.org/docs/messages/failed-to-find-server-action
    at ignore-listed frames
 POST /_rsc 404 in 227ms (compile: 3ms, render: 224ms)
Error: Failed to find Server Action "x". This request might be from an older or newer deployment.
Read more: https://nextjs.org/docs/messages/failed-to-find-server-action
    at ignore-listed frames
 POST /?_rsc=x 404 in 250ms (compile: 4ms, render: 247ms)
Error: Failed to find Server Action "x". This request might be from an older or newer deployment.
Read more: https://nextjs.org/docs/messages/failed-to-find-server-action
    at ignore-listed frames
 POST /?__flight__=1 404 in 267ms (compile: 6ms, render: 261ms)
Error: Failed to find Server Action "x". This request might be from an older or newer deployment.
Read more: https://nextjs.org/docs/messages/failed-to-find-server-action
    at ignore-listed frames
 POST /_react_server 404 in 253ms (compile: 3ms, render: 250ms)
Error: Failed to find Server Action "x". This request might be from an older or newer deployment.
Read more: https://nextjs.org/docs/messages/failed-to-find-server-action
    at ignore-listed frames
 POST /apps 404 in 287ms (compile: 3ms, render: 284ms)
Error: Failed to find Server Action "x". This request might be from an older or newer deployment.
Read more: https://nextjs.org/docs/messages/failed-to-find-server-action
    at ignore-listed frames
 POST /sigin 404 in 245ms (compile: 3ms, render: 242ms)
Error: Failed to find Server Action "x". This request might be from an older or newer deployment.
Read more: https://nextjs.org/docs/messages/failed-to-find-server-action
    at ignore-listed frames
 POST /_next/on-demand-entries-ping 404 in 437ms (compile: 10ms, render: 427ms)
Error: Failed to find Server Action "x". This request might be from an older or newer deployment.
Read more: https://nextjs.org/docs/messages/failed-to-find-server-action
    at ignore-listed frames
 POST /_next/rsc 404 in 246ms (compile: 3ms, render: 244ms)
Error: Failed to find Server Action "x". This request might be from an older or newer deployment.
Read more: https://nextjs.org/docs/messages/failed-to-find-server-action
    at ignore-listed frames
 POST /_next/server-components 404 in 257ms (compile: 3ms, render: 255ms)
Error: Failed to find Server Action "x". This request might be from an older or newer deployment.
Read more: https://nextjs.org/docs/messages/failed-to-find-server-action
    at ignore-listed frames
 POST /_next/data 404 in 234ms (compile: 3ms, render: 231ms)
Error: Failed to find Server Action "x". This request might be from an older or newer deployment.
Read more: https://nextjs.org/docs/messages/failed-to-find-server-action
    at ignore-listed frames
 POST /_next/refresh 404 in 229ms (compile: 3ms, render: 227ms)
Error: Failed to find Server Action "x". This request might be from an older or newer deployment.
Read more: https://nextjs.org/docs/messages/failed-to-find-server-action
    at ignore-listed frames
 POST /_next/redirect 404 in 298ms (compile: 3ms, render: 295ms)
Error: Failed to find Server Action "x". This request might be from an older or newer deployment.
Read more: https://nextjs.org/docs/messages/failed-to-find-server-action
    at ignore-listed frames
 POST /_next/turbopack/flight 404 in 278ms (compile: 3ms, render: 274ms)
Error: Failed to find Server Action "x". This request might be from an older or newer deployment.
Read more: https://nextjs.org/docs/messages/failed-to-find-server-action
    at ignore-listed frames
 POST /_next/webpack-hmr 404 in 245ms (compile: 2ms, render: 242ms)
Error: Failed to find Server Action "x". This request might be from an older or newer deployment.
Read more: https://nextjs.org/docs/messages/failed-to-find-server-action
    at ignore-listed frames
 POST /_next/server-actions 404 in 236ms (compile: 3ms, render: 233ms)
Error: Failed to find Server Action "x". This request might be from an older or newer deployment.
Read more: https://nextjs.org/docs/messages/failed-to-find-server-action
    at ignore-listed frames
 POST /_react/flight 404 in 226ms (compile: 3ms, render: 223ms)
Error: Failed to find Server Action "x". This request might be from an older or newer deployment.
Read more: https://nextjs.org/docs/messages/failed-to-find-server-action
    at ignore-listed frames
 POST /_next/flight 404 in 303ms (compile: 3ms, render: 300ms)
Error: Failed to find Server Action "x". This request might be from an older or newer deployment.
Read more: https://nextjs.org/docs/messages/failed-to-find-server-action
    at ignore-listed frames
 POST /_next/static 404 in 228ms (compile: 3ms, render: 225ms)
Error: Failed to find Server Action "x". This request might be from an older or newer deployment.
Read more: https://nextjs.org/docs/messages/failed-to-find-server-action
    at ignore-listed frames
 POST /_next/server 404 in 244ms (compile: 2ms, render: 241ms)
Error: Failed to find Server Action "x". This request might be from an older or newer deployment.
Read more: https://nextjs.org/docs/messages/failed-to-find-server-action
    at ignore-listed frames
 POST /_next/server/pages 404 in 240ms (compile: 3ms, render: 237ms)
Error: Failed to find Server Action "x". This request might be from an older or newer deployment.
Read more: https://nextjs.org/docs/messages/failed-to-find-server-action
    at ignore-listed frames
 POST /_next/server/chunks 404 in 236ms (compile: 3ms, render: 233ms)
Error: Failed to find Server Action "x". This request might be from an older or newer deployment.
Read more: https://nextjs.org/docs/messages/failed-to-find-server-action
    at ignore-listed frames
 POST /_next/server/app 404 in 268ms (compile: 2ms, render: 266ms)
Error: Failed to find Server Action "x". This request might be from an older or newer deployment.
Read more: https://nextjs.org/docs/messages/failed-to-find-server-action
    at ignore-listed frames
 POST /_next/server/chunks/ssr 404 in 222ms (compile: 2ms, render: 220ms)
Error: Failed to find Server Action "x". This request might be from an older or newer deployment.
Read more: https://nextjs.org/docs/messages/failed-to-find-server-action
    at ignore-listed frames
 POST /_next/revalidate 404 in 247ms (compile: 2ms, render: 244ms)
Error: Failed to find Server Action "x". This request might be from an older or newer deployment.
Read more: https://nextjs.org/docs/messages/failed-to-find-server-action
    at ignore-listed frames
 POST /_rsc 404 in 231ms (compile: 3ms, render: 227ms)
Error: Failed to find Server Action "x". This request might be from an older or newer deployment.
Read more: https://nextjs.org/docs/messages/failed-to-find-server-action
    at ignore-listed frames
 POST /?_rsc=x 404 in 232ms (compile: 6ms, render: 227ms)
Error: Failed to find Server Action "x". This request might be from an older or newer deployment.
Read more: https://nextjs.org/docs/messages/failed-to-find-server-action
    at ignore-listed frames
 POST /?__flight__=1 404 in 300ms (compile: 4ms, render: 296ms)
Error: Failed to find Server Action "x". This request might be from an older or newer deployment.
Read more: https://nextjs.org/docs/messages/failed-to-find-server-action
    at ignore-listed frames
 POST /_react_server 404 in 217ms (compile: 3ms, render: 214ms)
Error: Failed to find Server Action "x". This request might be from an older or newer deployment.
Read more: https://nextjs.org/docs/messages/failed-to-find-server-action
    at ignore-listed frames
 POST /apps 404 in 238ms (compile: 3ms, render: 236ms)
Error: Failed to find Server Action "x". This request might be from an older or newer deployment.
Read more: https://nextjs.org/docs/messages/failed-to-find-server-action
    at ignore-listed frames
 POST /sigin 404 in 254ms (compile: 3ms, render: 252ms)
Error: Failed to find Server Action "x". This request might be from an older or newer deployment.
Read more: https://nextjs.org/docs/messages/failed-to-find-server-action
    at ignore-listed frames
 POST / 404 in 219ms (compile: 4ms, render: 215ms)
Error: Failed to find Server Action "x". This request might be from an older or newer deployment.
Read more: https://nextjs.org/docs/messages/failed-to-find-server-action
    at ignore-listed frames
 POST /_next/on-demand-entries-ping 404 in 265ms (compile: 2ms, render: 263ms)
Error: Failed to find Server Action "x". This request might be from an older or newer deployment.
Read more: https://nextjs.org/docs/messages/failed-to-find-server-action
    at ignore-listed frames
 POST /_next/rsc 404 in 217ms (compile: 2ms, render: 214ms)
Error: Failed to find Server Action "x". This request might be from an older or newer deployment.
Read more: https://nextjs.org/docs/messages/failed-to-find-server-action
    at ignore-listed frames
 POST /_next/server-components 404 in 272ms (compile: 2ms, render: 270ms)
Error: Failed to find Server Action "x". This request might be from an older or newer deployment.
Read more: https://nextjs.org/docs/messages/failed-to-find-server-action
    at ignore-listed frames
 POST /_next/data 404 in 271ms (compile: 7ms, render: 264ms)
Error: Failed to find Server Action "x". This request might be from an older or newer deployment.
Read more: https://nextjs.org/docs/messages/failed-to-find-server-action
    at ignore-listed frames
 POST /_next/refresh 404 in 227ms (compile: 3ms, render: 225ms)
Error: Failed to find Server Action "x". This request might be from an older or newer deployment.
Read more: https://nextjs.org/docs/messages/failed-to-find-server-action
    at ignore-listed frames
 POST /_next/redirect 404 in 278ms (compile: 2ms, render: 276ms)
Error: Failed to find Server Action "x". This request might be from an older or newer deployment.
Read more: https://nextjs.org/docs/messages/failed-to-find-server-action
    at ignore-listed frames
 POST /_next/turbopack/flight 404 in 219ms (compile: 2ms, render: 216ms)
Error: Failed to find Server Action "x". This request might be from an older or newer deployment.
Read more: https://nextjs.org/docs/messages/failed-to-find-server-action
    at ignore-listed frames
 POST /_next/webpack-hmr 404 in 303ms (compile: 3ms, render: 299ms)
Error: Failed to find Server Action "x". This request might be from an older or newer deployment.
Read more: https://nextjs.org/docs/messages/failed-to-find-server-action
    at ignore-listed frames
 POST /_next/server-actions 404 in 233ms (compile: 3ms, render: 230ms)
Error: Failed to find Server Action "x". This request might be from an older or newer deployment.
Read more: https://nextjs.org/docs/messages/failed-to-find-server-action
    at ignore-listed frames
 POST /_react/flight 404 in 215ms (compile: 2ms, render: 212ms)
Error: Failed to find Server Action "x". This request might be from an older or newer deployment.
Read more: https://nextjs.org/docs/messages/failed-to-find-server-action
    at ignore-listed frames
 POST /_next/flight 404 in 275ms (compile: 2ms, render: 273ms)
Error: Failed to find Server Action "x". This request might be from an older or newer deployment.
Read more: https://nextjs.org/docs/messages/failed-to-find-server-action
    at ignore-listed frames
 POST /_next/static 404 in 226ms (compile: 3ms, render: 223ms)
Error: Failed to find Server Action "x". This request might be from an older or newer deployment.
Read more: https://nextjs.org/docs/messages/failed-to-find-server-action
    at ignore-listed frames
 POST /_next/server 404 in 264ms (compile: 2ms, render: 262ms)
Error: Failed to find Server Action "x". This request might be from an older or newer deployment.
Read more: https://nextjs.org/docs/messages/failed-to-find-server-action
    at ignore-listed frames
 POST /_next/server/pages 404 in 272ms (compile: 3ms, render: 269ms)
Error: Failed to find Server Action "x". This request might be from an older or newer deployment.
Read more: https://nextjs.org/docs/messages/failed-to-find-server-action
    at ignore-listed frames
 POST /_next/server/chunks 404 in 226ms (compile: 3ms, render: 223ms)
Error: Failed to find Server Action "x". This request might be from an older or newer deployment.
Read more: https://nextjs.org/docs/messages/failed-to-find-server-action
    at ignore-listed frames
 POST /_next/server/app 404 in 218ms (compile: 3ms, render: 216ms)
Error: Failed to find Server Action "x". This request might be from an older or newer deployment.
Read more: https://nextjs.org/docs/messages/failed-to-find-server-action
    at ignore-listed frames
 POST /_next/server/chunks/ssr 404 in 232ms (compile: 3ms, render: 229ms)
Error: Failed to find Server Action "x". This request might be from an older or newer deployment.
Read more: https://nextjs.org/docs/messages/failed-to-find-server-action
    at ignore-listed frames
 POST /_next/revalidate 404 in 304ms (compile: 3ms, render: 301ms)
Error: Failed to find Server Action "x". This request might be from an older or newer deployment.
Read more: https://nextjs.org/docs/messages/failed-to-find-server-action
    at ignore-listed frames
 POST /_rsc 404 in 239ms (compile: 4ms, render: 236ms)
Error: Failed to find Server Action "x". This request might be from an older or newer deployment.
Read more: https://nextjs.org/docs/messages/failed-to-find-server-action
    at ignore-listed frames
 POST /?_rsc=x 404 in 222ms (compile: 5ms, render: 218ms)
Error: Failed to find Server Action "x". This request might be from an older or newer deployment.
Read more: https://nextjs.org/docs/messages/failed-to-find-server-action
    at ignore-listed frames
 POST /?__flight__=1 404 in 282ms (compile: 3ms, render: 278ms)
Error: Failed to find Server Action "x". This request might be from an older or newer deployment.
Read more: https://nextjs.org/docs/messages/failed-to-find-server-action
    at ignore-listed frames
 POST /_react_server 404 in 250ms (compile: 2ms, render: 247ms)
Error: Failed to find Server Action "x". This request might be from an older or newer deployment.
Read more: https://nextjs.org/docs/messages/failed-to-find-server-action
    at ignore-listed frames
 POST /apps 404 in 250ms (compile: 3ms, render: 247ms)
Error: Failed to find Server Action "x". This request might be from an older or newer deployment.
Read more: https://nextjs.org/docs/messages/failed-to-find-server-action
    at ignore-listed frames
 POST /sigin 404 in 368ms (compile: 2ms, render: 365ms)
Error: Failed to find Server Action "x". This request might be from an older or newer deployment.
Read more: https://nextjs.org/docs/messages/failed-to-find-server-action
    at ignore-listed frames
 POST / 404 in 242ms (compile: 5ms, render: 237ms)
Error: Failed to find Server Action "x". This request might be from an older or newer deployment.
Read more: https://nextjs.org/docs/messages/failed-to-find-server-action
    at ignore-listed frames
 POST /_next/on-demand-entries-ping 404 in 424ms (compile: 5ms, render: 420ms)
Error: Failed to find Server Action "x". This request might be from an older or newer deployment.
Read more: https://nextjs.org/docs/messages/failed-to-find-server-action
    at ignore-listed frames
 POST /_next/rsc 404 in 231ms (compile: 3ms, render: 228ms)
Error: Failed to find Server Action "x". This request might be from an older or newer deployment.
Read more: https://nextjs.org/docs/messages/failed-to-find-server-action
    at ignore-listed frames
 POST /_next/server-components 404 in 311ms (compile: 3ms, render: 307ms)
Error: Failed to find Server Action "x". This request might be from an older or newer deployment.
Read more: https://nextjs.org/docs/messages/failed-to-find-server-action
    at ignore-listed frames
 POST /_next/data 404 in 267ms (compile: 4ms, render: 263ms)
Error: Failed to find Server Action "x". This request might be from an older or newer deployment.
Read more: https://nextjs.org/docs/messages/failed-to-find-server-action
    at ignore-listed frames
 POST /_next/refresh 404 in 256ms (compile: 2ms, render: 254ms)
Error: Failed to find Server Action "x". This request might be from an older or newer deployment.
Read more: https://nextjs.org/docs/messages/failed-to-find-server-action
    at ignore-listed frames
 POST /_next/redirect 404 in 287ms (compile: 3ms, render: 284ms)
Error: Failed to find Server Action "x". This request might be from an older or newer deployment.
Read more: https://nextjs.org/docs/messages/failed-to-find-server-action
    at ignore-listed frames
 POST /_next/turbopack/flight 404 in 233ms (compile: 3ms, render: 230ms)
Error: Failed to find Server Action "x". This request might be from an older or newer deployment.
Read more: https://nextjs.org/docs/messages/failed-to-find-server-action
    at ignore-listed frames
 POST /_next/webpack-hmr 404 in 256ms (compile: 4ms, render: 252ms)
Error: Failed to find Server Action "x". This request might be from an older or newer deployment.
Read more: https://nextjs.org/docs/messages/failed-to-find-server-action
    at ignore-listed frames
 POST /_next/server-actions 404 in 242ms (compile: 3ms, render: 239ms)
Error: Failed to find Server Action "x". This request might be from an older or newer deployment.
Read more: https://nextjs.org/docs/messages/failed-to-find-server-action
    at ignore-listed frames
 POST /_react/flight 404 in 232ms (compile: 3ms, render: 229ms)
Error: Failed to find Server Action "x". This request might be from an older or newer deployment.
Read more: https://nextjs.org/docs/messages/failed-to-find-server-action
    at ignore-listed frames
 POST /_next/flight 404 in 271ms (compile: 3ms, render: 268ms)
Error: Failed to find Server Action "x". This request might be from an older or newer deployment.
Read more: https://nextjs.org/docs/messages/failed-to-find-server-action
    at ignore-listed frames
 POST /_next/static 404 in 241ms (compile: 3ms, render: 238ms)
Error: Failed to find Server Action "x". This request might be from an older or newer deployment.
Read more: https://nextjs.org/docs/messages/failed-to-find-server-action
    at ignore-listed frames
 POST /_next/server 404 in 246ms (compile: 2ms, render: 243ms)
Error: Failed to find Server Action "x". This request might be from an older or newer deployment.
Read more: https://nextjs.org/docs/messages/failed-to-find-server-action
    at ignore-listed frames
 POST /_next/server/pages 404 in 238ms (compile: 3ms, render: 235ms)
Error: Failed to find Server Action "x". This request might be from an older or newer deployment.
Read more: https://nextjs.org/docs/messages/failed-to-find-server-action
    at ignore-listed frames
 POST /_next/server/chunks 404 in 232ms (compile: 2ms, render: 229ms)
Error: Failed to find Server Action "x". This request might be from an older or newer deployment.
Read more: https://nextjs.org/docs/messages/failed-to-find-server-action
    at ignore-listed frames
 POST /_next/server/app 404 in 295ms (compile: 3ms, render: 292ms)
Error: Failed to find Server Action "x". This request might be from an older or newer deployment.
Read more: https://nextjs.org/docs/messages/failed-to-find-server-action
    at ignore-listed frames
 POST /_next/server/chunks/ssr 404 in 238ms (compile: 2ms, render: 236ms)
Error: Failed to find Server Action "x". This request might be from an older or newer deployment.
Read more: https://nextjs.org/docs/messages/failed-to-find-server-action
    at ignore-listed frames
 POST /_next/revalidate 404 in 247ms (compile: 3ms, render: 244ms)
Error: Failed to find Server Action "x". This request might be from an older or newer deployment.
Read more: https://nextjs.org/docs/messages/failed-to-find-server-action
    at ignore-listed frames
 POST /_rsc 404 in 246ms (compile: 3ms, render: 243ms)
Error: Failed to find Server Action "x". This request might be from an older or newer deployment.
Read more: https://nextjs.org/docs/messages/failed-to-find-server-action
    at ignore-listed frames
 POST /?_rsc=x 404 in 233ms (compile: 3ms, render: 230ms)
Error: Failed to find Server Action "x". This request might be from an older or newer deployment.
Read more: https://nextjs.org/docs/messages/failed-to-find-server-action
    at ignore-listed frames
 POST /?__flight__=1 404 in 286ms (compile: 4ms, render: 283ms)
Error: Failed to find Server Action "x". This request might be from an older or newer deployment.
Read more: https://nextjs.org/docs/messages/failed-to-find-server-action
    at ignore-listed frames
 POST /_react_server 404 in 234ms (compile: 2ms, render: 231ms)
Error: Failed to find Server Action "x". This request might be from an older or newer deployment.
Read more: https://nextjs.org/docs/messages/failed-to-find-server-action
    at ignore-listed frames
 POST /apps 404 in 249ms (compile: 3ms, render: 246ms)
Error: Failed to find Server Action "x". This request might be from an older or newer deployment.
Read more: https://nextjs.org/docs/messages/failed-to-find-server-action
    at ignore-listed frames
 POST /sigin 404 in 333ms (compile: 4ms, render: 329ms)
Error: Failed to find Server Action "x". This request might be from an older or newer deployment.
Read more: https://nextjs.org/docs/messages/failed-to-find-server-action
    at ignore-listed frames
 POST / 404 in 233ms (compile: 4ms, render: 230ms)
Error: Failed to find Server Action "x". This request might be from an older or newer deployment.
Read more: https://nextjs.org/docs/messages/failed-to-find-server-action
    at ignore-listed frames
 POST /_next/on-demand-entries-ping 404 in 299ms (compile: 3ms, render: 296ms)
Error: Failed to find Server Action "x". This request might be from an older or newer deployment.
Read more: https://nextjs.org/docs/messages/failed-to-find-server-action
    at ignore-listed frames
 POST /_next/rsc 404 in 232ms (compile: 3ms, render: 230ms)
Error: Failed to find Server Action "x". This request might be from an older or newer deployment.
Read more: https://nextjs.org/docs/messages/failed-to-find-server-action
    at ignore-listed frames
 POST /_next/server-components 404 in 254ms (compile: 2ms, render: 252ms)
Error: Failed to find Server Action "x". This request might be from an older or newer deployment.
Read more: https://nextjs.org/docs/messages/failed-to-find-server-action
    at ignore-listed frames
 POST /_next/data 404 in 266ms (compile: 3ms, render: 263ms)
Error: Failed to find Server Action "x". This request might be from an older or newer deployment.
Read more: https://nextjs.org/docs/messages/failed-to-find-server-action
    at ignore-listed frames
 POST /_next/refresh 404 in 232ms (compile: 3ms, render: 229ms)
Error: Failed to find Server Action "x". This request might be from an older or newer deployment.
Read more: https://nextjs.org/docs/messages/failed-to-find-server-action
    at ignore-listed frames
 POST /_next/redirect 404 in 281ms (compile: 2ms, render: 279ms)
Error: Failed to find Server Action "x". This request might be from an older or newer deployment.
Read more: https://nextjs.org/docs/messages/failed-to-find-server-action
    at ignore-listed frames
 POST /_next/turbopack/flight 404 in 241ms (compile: 3ms, render: 238ms)
Error: Failed to find Server Action "x". This request might be from an older or newer deployment.
Read more: https://nextjs.org/docs/messages/failed-to-find-server-action
    at ignore-listed frames
 POST /_next/webpack-hmr 404 in 263ms (compile: 2ms, render: 260ms)
Error: Failed to find Server Action "x". This request might be from an older or newer deployment.
Read more: https://nextjs.org/docs/messages/failed-to-find-server-action
    at ignore-listed frames
 POST /_next/server-actions 404 in 241ms (compile: 3ms, render: 238ms)
Error: Failed to find Server Action "x". This request might be from an older or newer deployment.
Read more: https://nextjs.org/docs/messages/failed-to-find-server-action
    at ignore-listed frames
 POST /_react/flight 404 in 221ms (compile: 3ms, render: 218ms)
Error: Failed to find Server Action "x". This request might be from an older or newer deployment.
Read more: https://nextjs.org/docs/messages/failed-to-find-server-action
    at ignore-listed frames
 POST /_next/flight 404 in 272ms (compile: 3ms, render: 270ms)
Error: Failed to find Server Action "x". This request might be from an older or newer deployment.
Read more: https://nextjs.org/docs/messages/failed-to-find-server-action
    at ignore-listed frames
 POST /_next/static 404 in 224ms (compile: 3ms, render: 221ms)
Error: Failed to find Server Action "x". This request might be from an older or newer deployment.
Read more: https://nextjs.org/docs/messages/failed-to-find-server-action
    at ignore-listed frames
 POST /_next/server 404 in 315ms (compile: 3ms, render: 312ms)
Error: Failed to find Server Action "x". This request might be from an older or newer deployment.
Read more: https://nextjs.org/docs/messages/failed-to-find-server-action
    at ignore-listed frames
 POST /_next/server/pages 404 in 258ms (compile: 3ms, render: 256ms)
Error: Failed to find Server Action "x". This request might be from an older or newer deployment.
Read more: https://nextjs.org/docs/messages/failed-to-find-server-action
    at ignore-listed frames
 POST /_next/server/chunks 404 in 228ms (compile: 4ms, render: 224ms)
Error: Failed to find Server Action "x". This request might be from an older or newer deployment.
Read more: https://nextjs.org/docs/messages/failed-to-find-server-action
    at ignore-listed frames
 POST /_next/server/app 404 in 222ms (compile: 2ms, render: 220ms)
Error: Failed to find Server Action "x". This request might be from an older or newer deployment.
Read more: https://nextjs.org/docs/messages/failed-to-find-server-action
    at ignore-listed frames
 POST /_next/server/chunks/ssr 404 in 234ms (compile: 3ms, render: 232ms)
Error: Failed to find Server Action "x". This request might be from an older or newer deployment.
Read more: https://nextjs.org/docs/messages/failed-to-find-server-action
    at ignore-listed frames
 POST /_next/revalidate 404 in 274ms (compile: 2ms, render: 272ms)
Error: Failed to find Server Action "x". This request might be from an older or newer deployment.
Read more: https://nextjs.org/docs/messages/failed-to-find-server-action
    at ignore-listed frames
 POST /_rsc 404 in 235ms (compile: 3ms, render: 232ms)
Error: Failed to find Server Action "x". This request might be from an older or newer deployment.
Read more: https://nextjs.org/docs/messages/failed-to-find-server-action
    at ignore-listed frames
 POST /?_rsc=x 404 in 236ms (compile: 8ms, render: 229ms)
Error: Failed to find Server Action "x". This request might be from an older or newer deployment.
Read more: https://nextjs.org/docs/messages/failed-to-find-server-action
    at ignore-listed frames
 POST /?__flight__=1 404 in 282ms (compile: 3ms, render: 279ms)
Error: Failed to find Server Action "x". This request might be from an older or newer deployment.
Read more: https://nextjs.org/docs/messages/failed-to-find-server-action
    at ignore-listed frames
 POST /_react_server 404 in 221ms (compile: 2ms, render: 219ms)
Error: Failed to find Server Action "x". This request might be from an older or newer deployment.
Read more: https://nextjs.org/docs/messages/failed-to-find-server-action
    at ignore-listed frames
 POST /apps 404 in 243ms (compile: 3ms, render: 240ms)
Error: Failed to find Server Action "x". This request might be from an older or newer deployment.
Read more: https://nextjs.org/docs/messages/failed-to-find-server-action
    at ignore-listed frames
 POST /sigin 404 in 255ms (compile: 2ms, render: 253ms)
Error: Failed to find Server Action "x". This request might be from an older or newer deployment.
Read more: https://nextjs.org/docs/messages/failed-to-find-server-action
    at ignore-listed frames
 POST / 404 in 220ms (compile: 3ms, render: 217ms)
Error: Failed to find Server Action "x". This request might be from an older or newer deployment.
Read more: https://nextjs.org/docs/messages/failed-to-find-server-action
    at ignore-listed frames
 POST /_next/on-demand-entries-ping 404 in 457ms (compile: 44ms, render: 413ms)
Error: Failed to find Server Action "x". This request might be from an older or newer deployment.
Read more: https://nextjs.org/docs/messages/failed-to-find-server-action
    at ignore-listed frames
 POST /_next/rsc 404 in 247ms (compile: 3ms, render: 245ms)
Error: Failed to find Server Action "x". This request might be from an older or newer deployment.
Read more: https://nextjs.org/docs/messages/failed-to-find-server-action
    at ignore-listed frames
 POST /_next/server-components 404 in 270ms (compile: 5ms, render: 264ms)
Error: Failed to find Server Action "x". This request might be from an older or newer deployment.
Read more: https://nextjs.org/docs/messages/failed-to-find-server-action
    at ignore-listed frames
 POST /_next/data 404 in 250ms (compile: 3ms, render: 247ms)
Error: Failed to find Server Action "x". This request might be from an older or newer deployment.
Read more: https://nextjs.org/docs/messages/failed-to-find-server-action
    at ignore-listed frames
 POST /_next/refresh 404 in 245ms (compile: 3ms, render: 243ms)
Error: Failed to find Server Action "x". This request might be from an older or newer deployment.
Read more: https://nextjs.org/docs/messages/failed-to-find-server-action
    at ignore-listed frames
 POST /_next/redirect 404 in 320ms (compile: 3ms, render: 318ms)
Error: Failed to find Server Action "x". This request might be from an older or newer deployment.
Read more: https://nextjs.org/docs/messages/failed-to-find-server-action
    at ignore-listed frames
 POST /_next/turbopack/flight 404 in 239ms (compile: 2ms, render: 236ms)
Error: Failed to find Server Action "x". This request might be from an older or newer deployment.
Read more: https://nextjs.org/docs/messages/failed-to-find-server-action
    at ignore-listed frames
 POST /_next/webpack-hmr 404 in 312ms (compile: 3ms, render: 310ms)
Error: Failed to find Server Action "x". This request might be from an older or newer deployment.
Read more: https://nextjs.org/docs/messages/failed-to-find-server-action
    at ignore-listed frames
 POST /_next/server-actions 404 in 239ms (compile: 3ms, render: 237ms)
Error: Failed to find Server Action "x". This request might be from an older or newer deployment.
Read more: https://nextjs.org/docs/messages/failed-to-find-server-action
    at ignore-listed frames
 POST /_react/flight 404 in 223ms (compile: 2ms, render: 221ms)
Error: Failed to find Server Action "x". This request might be from an older or newer deployment.
Read more: https://nextjs.org/docs/messages/failed-to-find-server-action
    at ignore-listed frames
 POST /_next/flight 404 in 288ms (compile: 3ms, render: 285ms)
Error: Failed to find Server Action "x". This request might be from an older or newer deployment.
Read more: https://nextjs.org/docs/messages/failed-to-find-server-action
    at ignore-listed frames
 POST /_next/static 404 in 229ms (compile: 2ms, render: 226ms)
Error: Failed to find Server Action "x". This request might be from an older or newer deployment.
Read more: https://nextjs.org/docs/messages/failed-to-find-server-action
    at ignore-listed frames
 POST /_next/server 404 in 257ms (compile: 2ms, render: 254ms)
Error: Failed to find Server Action "x". This request might be from an older or newer deployment.
Read more: https://nextjs.org/docs/messages/failed-to-find-server-action
    at ignore-listed frames
 POST /_next/server/pages 404 in 234ms (compile: 3ms, render: 232ms)
Error: Failed to find Server Action "x". This request might be from an older or newer deployment.
Read more: https://nextjs.org/docs/messages/failed-to-find-server-action
    at ignore-listed frames
 POST /_next/server/chunks 404 in 220ms (compile: 2ms, render: 218ms)
Error: Failed to find Server Action "x". This request might be from an older or newer deployment.
Read more: https://nextjs.org/docs/messages/failed-to-find-server-action
    at ignore-listed frames
 POST /_next/server/app 404 in 271ms (compile: 3ms, render: 268ms)
Error: Failed to find Server Action "x". This request might be from an older or newer deployment.
Read more: https://nextjs.org/docs/messages/failed-to-find-server-action
    at ignore-listed frames
 POST /_next/server/chunks/ssr 404 in 294ms (compile: 3ms, render: 291ms)
Error: Failed to find Server Action "x". This request might be from an older or newer deployment.
Read more: https://nextjs.org/docs/messages/failed-to-find-server-action
    at ignore-listed frames
 POST /_next/revalidate 404 in 243ms (compile: 2ms, render: 241ms)
Error: Failed to find Server Action "x". This request might be from an older or newer deployment.
Read more: https://nextjs.org/docs/messages/failed-to-find-server-action
    at ignore-listed frames
 POST /_rsc 404 in 248ms (compile: 3ms, render: 245ms)
Error: Failed to find Server Action "x". This request might be from an older or newer deployment.
Read more: https://nextjs.org/docs/messages/failed-to-find-server-action
    at ignore-listed frames
 POST /?_rsc=x 404 in 251ms (compile: 3ms, render: 247ms)
Error: Failed to find Server Action "x". This request might be from an older or newer deployment.
Read more: https://nextjs.org/docs/messages/failed-to-find-server-action
    at ignore-listed frames
 POST /?__flight__=1 404 in 279ms (compile: 4ms, render: 275ms)
Error: Failed to find Server Action "x". This request might be from an older or newer deployment.
Read more: https://nextjs.org/docs/messages/failed-to-find-server-action
    at ignore-listed frames
 POST /_react_server 404 in 262ms (compile: 2ms, render: 260ms)
Error: Failed to find Server Action "x". This request might be from an older or newer deployment.
Read more: https://nextjs.org/docs/messages/failed-to-find-server-action
    at ignore-listed frames
 POST /apps 404 in 250ms (compile: 3ms, render: 248ms)
Error: Failed to find Server Action "x". This request might be from an older or newer deployment.
Read more: https://nextjs.org/docs/messages/failed-to-find-server-action
    at ignore-listed frames
 POST /sigin 404 in 264ms (compile: 3ms, render: 261ms)
Error: Failed to find Server Action "x". This request might be from an older or newer deployment.
Read more: https://nextjs.org/docs/messages/failed-to-find-server-action
    at ignore-listed frames
 POST / 404 in 240ms (compile: 5ms, render: 236ms)
Error: Failed to find Server Action "x". This request might be from an older or newer deployment.
Read more: https://nextjs.org/docs/messages/failed-to-find-server-action
    at ignore-listed frames
 POST /_next/on-demand-entries-ping 404 in 341ms (compile: 3ms, render: 339ms)
Error: Failed to find Server Action "x". This request might be from an older or newer deployment.
Read more: https://nextjs.org/docs/messages/failed-to-find-server-action
    at ignore-listed frames
 POST /_next/rsc 404 in 255ms (compile: 2ms, render: 253ms)
Error: Failed to find Server Action "x". This request might be from an older or newer deployment.
Read more: https://nextjs.org/docs/messages/failed-to-find-server-action
    at ignore-listed frames
 POST /_next/server-components 404 in 264ms (compile: 2ms, render: 262ms)
Error: Failed to find Server Action "x". This request might be from an older or newer deployment.
Read more: https://nextjs.org/docs/messages/failed-to-find-server-action
    at ignore-listed frames
 POST /_next/data 404 in 255ms (compile: 3ms, render: 252ms)
Error: Failed to find Server Action "x". This request might be from an older or newer deployment.
Read more: https://nextjs.org/docs/messages/failed-to-find-server-action
    at ignore-listed frames
 POST /_next/refresh 404 in 230ms (compile: 3ms, render: 228ms)
Error: Failed to find Server Action "x". This request might be from an older or newer deployment.
Read more: https://nextjs.org/docs/messages/failed-to-find-server-action
    at ignore-listed frames
 POST /_next/redirect 404 in 280ms (compile: 2ms, render: 278ms)
Error: Failed to find Server Action "x". This request might be from an older or newer deployment.
Read more: https://nextjs.org/docs/messages/failed-to-find-server-action
    at ignore-listed frames
 POST /_next/turbopack/flight 404 in 244ms (compile: 2ms, render: 241ms)
Error: Failed to find Server Action "x". This request might be from an older or newer deployment.
Read more: https://nextjs.org/docs/messages/failed-to-find-server-action
    at ignore-listed frames
 POST /_next/webpack-hmr 404 in 248ms (compile: 3ms, render: 245ms)
Error: Failed to find Server Action "x". This request might be from an older or newer deployment.
Read more: https://nextjs.org/docs/messages/failed-to-find-server-action
    at ignore-listed frames
 POST /_next/server-actions 404 in 252ms (compile: 3ms, render: 249ms)
Error: Failed to find Server Action "x". This request might be from an older or newer deployment.
Read more: https://nextjs.org/docs/messages/failed-to-find-server-action
    at ignore-listed frames
 POST /_react/flight 404 in 240ms (compile: 2ms, render: 237ms)
Error: Failed to find Server Action "x". This request might be from an older or newer deployment.
Read more: https://nextjs.org/docs/messages/failed-to-find-server-action
    at ignore-listed frames
 POST /_next/flight 404 in 288ms (compile: 3ms, render: 285ms)
Error: Failed to find Server Action "x". This request might be from an older or newer deployment.
Read more: https://nextjs.org/docs/messages/failed-to-find-server-action
    at ignore-listed frames
 POST /_next/static 404 in 233ms (compile: 2ms, render: 230ms)
Error: Failed to find Server Action "x". This request might be from an older or newer deployment.
Read more: https://nextjs.org/docs/messages/failed-to-find-server-action
    at ignore-listed frames
 POST /_next/server 404 in 245ms (compile: 2ms, render: 242ms)
Error: Failed to find Server Action "x". This request might be from an older or newer deployment.
Read more: https://nextjs.org/docs/messages/failed-to-find-server-action
    at ignore-listed frames
 POST /_next/server/pages 404 in 256ms (compile: 3ms, render: 254ms)
Error: Failed to find Server Action "x". This request might be from an older or newer deployment.
Read more: https://nextjs.org/docs/messages/failed-to-find-server-action
    at ignore-listed frames
 POST /_next/server/chunks 404 in 233ms (compile: 3ms, render: 231ms)
Error: Failed to find Server Action "x". This request might be from an older or newer deployment.
Read more: https://nextjs.org/docs/messages/failed-to-find-server-action
    at ignore-listed frames
 POST /_next/server/app 404 in 235ms (compile: 3ms, render: 233ms)
Error: Failed to find Server Action "x". This request might be from an older or newer deployment.
Read more: https://nextjs.org/docs/messages/failed-to-find-server-action
    at ignore-listed frames
 POST /_next/server/chunks/ssr 404 in 226ms (compile: 2ms, render: 223ms)
Error: Failed to find Server Action "x". This request might be from an older or newer deployment.
Read more: https://nextjs.org/docs/messages/failed-to-find-server-action
    at ignore-listed frames
 POST /_next/revalidate 404 in 278ms (compile: 18ms, render: 261ms)
Error: Failed to find Server Action "x". This request might be from an older or newer deployment.
Read more: https://nextjs.org/docs/messages/failed-to-find-server-action
    at ignore-listed frames
 POST /_rsc 404 in 241ms (compile: 3ms, render: 238ms)
Error: Failed to find Server Action "x". This request might be from an older or newer deployment.
Read more: https://nextjs.org/docs/messages/failed-to-find-server-action
    at ignore-listed frames
 POST /?_rsc=x 404 in 248ms (compile: 6ms, render: 242ms)
Error: Failed to find Server Action "x". This request might be from an older or newer deployment.
Read more: https://nextjs.org/docs/messages/failed-to-find-server-action
    at ignore-listed frames
 POST /?__flight__=1 404 in 289ms (compile: 4ms, render: 285ms)
Error: Failed to find Server Action "x". This request might be from an older or newer deployment.
Read more: https://nextjs.org/docs/messages/failed-to-find-server-action
    at ignore-listed frames
 POST /_react_server 404 in 254ms (compile: 4ms, render: 250ms)
Error: Failed to find Server Action "x". This request might be from an older or newer deployment.
Read more: https://nextjs.org/docs/messages/failed-to-find-server-action
    at ignore-listed frames
 POST /apps 404 in 255ms (compile: 2ms, render: 252ms)
Error: Failed to find Server Action "x". This request might be from an older or newer deployment.
Read more: https://nextjs.org/docs/messages/failed-to-find-server-action
    at ignore-listed frames
 POST /sigin 404 in 253ms (compile: 3ms, render: 251ms)
Error: Failed to find Server Action "x". This request might be from an older or newer deployment.
Read more: https://nextjs.org/docs/messages/failed-to-find-server-action
    at ignore-listed frames
 POST / 404 in 230ms (compile: 3ms, render: 227ms)
 GET / 200 in 79ms (compile: 13ms, render: 66ms)
Error: Failed to find Server Action "x". This request might be from an older or newer deployment.
Read more: https://nextjs.org/docs/messages/failed-to-find-server-action
    at ignore-listed frames
 POST /_next/on-demand-entries-ping 404 in 451ms (compile: 10ms, render: 440ms)
Error: Failed to find Server Action "x". This request might be from an older or newer deployment.
Read more: https://nextjs.org/docs/messages/failed-to-find-server-action
    at ignore-listed frames
 POST /_next/on-demand-entries-ping 404 in 247ms (compile: 3ms, render: 243ms)
Error: Failed to find Server Action "x". This request might be from an older or newer deployment.
Read more: https://nextjs.org/docs/messages/failed-to-find-server-action
    at ignore-listed frames
 POST /_next/rsc 404 in 255ms (compile: 4ms, render: 251ms)
Error: Failed to find Server Action "x". This request might be from an older or newer deployment.
Read more: https://nextjs.org/docs/messages/failed-to-find-server-action
    at ignore-listed frames
 POST /_next/rsc 404 in 272ms (compile: 3ms, render: 269ms)
Error: Failed to find Server Action "x". This request might be from an older or newer deployment.
Read more: https://nextjs.org/docs/messages/failed-to-find-server-action
    at ignore-listed frames
 POST /_next/server-components 404 in 283ms (compile: 3ms, render: 280ms)
Error: Failed to find Server Action "x". This request might be from an older or newer deployment.
Read more: https://nextjs.org/docs/messages/failed-to-find-server-action
    at ignore-listed frames
 POST /_next/server-components 404 in 233ms (compile: 3ms, render: 230ms)
Error: Failed to find Server Action "x". This request might be from an older or newer deployment.
Read more: https://nextjs.org/docs/messages/failed-to-find-server-action
    at ignore-listed frames
 POST /_next/data 404 in 229ms (compile: 3ms, render: 227ms)
Error: Failed to find Server Action "x". This request might be from an older or newer deployment.
Read more: https://nextjs.org/docs/messages/failed-to-find-server-action
    at ignore-listed frames
 POST /_next/data 404 in 230ms (compile: 3ms, render: 227ms)
Error: Failed to find Server Action "x". This request might be from an older or newer deployment.
Read more: https://nextjs.org/docs/messages/failed-to-find-server-action
    at ignore-listed frames
 POST /_next/refresh 404 in 318ms (compile: 3ms, render: 315ms)
Error: Failed to find Server Action "x". This request might be from an older or newer deployment.
Read more: https://nextjs.org/docs/messages/failed-to-find-server-action
    at ignore-listed frames
 POST /_next/refresh 404 in 274ms (compile: 2ms, render: 271ms)
Error: Failed to find Server Action "x". This request might be from an older or newer deployment.
Read more: https://nextjs.org/docs/messages/failed-to-find-server-action
    at ignore-listed frames
 POST /_next/redirect 404 in 240ms (compile: 3ms, render: 237ms)
Error: Failed to find Server Action "x". This request might be from an older or newer deployment.
Read more: https://nextjs.org/docs/messages/failed-to-find-server-action
    at ignore-listed frames
 POST /_next/redirect 404 in 229ms (compile: 3ms, render: 226ms)
Error: Failed to find Server Action "x". This request might be from an older or newer deployment.
Read more: https://nextjs.org/docs/messages/failed-to-find-server-action
    at ignore-listed frames
 POST /_next/turbopack/flight 404 in 280ms (compile: 3ms, render: 277ms)
Error: Failed to find Server Action "x". This request might be from an older or newer deployment.
Read more: https://nextjs.org/docs/messages/failed-to-find-server-action
    at ignore-listed frames
 POST /_next/turbopack/flight 404 in 234ms (compile: 3ms, render: 232ms)
Error: Failed to find Server Action "x". This request might be from an older or newer deployment.
Read more: https://nextjs.org/docs/messages/failed-to-find-server-action
    at ignore-listed frames
 POST /_next/webpack-hmr 404 in 248ms (compile: 4ms, render: 244ms)
Error: Failed to find Server Action "x". This request might be from an older or newer deployment.
Read more: https://nextjs.org/docs/messages/failed-to-find-server-action
    at ignore-listed frames
 POST /_next/webpack-hmr 404 in 252ms (compile: 3ms, render: 249ms)
Error: Failed to find Server Action "x". This request might be from an older or newer deployment.
Read more: https://nextjs.org/docs/messages/failed-to-find-server-action
    at ignore-listed frames
 POST /_next/server-actions 404 in 227ms (compile: 4ms, render: 222ms)
Error: Failed to find Server Action "x". This request might be from an older or newer deployment.
Read more: https://nextjs.org/docs/messages/failed-to-find-server-action
    at ignore-listed frames
 POST /_next/server-actions 404 in 219ms (compile: 2ms, render: 217ms)
Error: Failed to find Server Action "x". This request might be from an older or newer deployment.
Read more: https://nextjs.org/docs/messages/failed-to-find-server-action
    at ignore-listed frames
 POST /_react/flight 404 in 237ms (compile: 3ms, render: 234ms)
Error: Failed to find Server Action "x". This request might be from an older or newer deployment.
Read more: https://nextjs.org/docs/messages/failed-to-find-server-action
    at ignore-listed frames
 POST /_react/flight 404 in 247ms (compile: 2ms, render: 244ms)
Error: Failed to find Server Action "x". This request might be from an older or newer deployment.
Read more: https://nextjs.org/docs/messages/failed-to-find-server-action
    at ignore-listed frames
 POST /_next/flight 404 in 264ms (compile: 3ms, render: 261ms)
Error: Failed to find Server Action "x". This request might be from an older or newer deployment.
Read more: https://nextjs.org/docs/messages/failed-to-find-server-action
    at ignore-listed frames
 POST /_next/flight 404 in 243ms (compile: 3ms, render: 241ms)
Error: Failed to find Server Action "x". This request might be from an older or newer deployment.
Read more: https://nextjs.org/docs/messages/failed-to-find-server-action
    at ignore-listed frames
 POST /_next/static 404 in 284ms (compile: 3ms, render: 282ms)
Error: Failed to find Server Action "x". This request might be from an older or newer deployment.
Read more: https://nextjs.org/docs/messages/failed-to-find-server-action
    at ignore-listed frames
 POST /_next/static 404 in 232ms (compile: 3ms, render: 229ms)
Error: Failed to find Server Action "x". This request might be from an older or newer deployment.
Read more: https://nextjs.org/docs/messages/failed-to-find-server-action
    at ignore-listed frames
 POST /_next/server 404 in 259ms (compile: 3ms, render: 256ms)
Error: Failed to find Server Action "x". This request might be from an older or newer deployment.
Read more: https://nextjs.org/docs/messages/failed-to-find-server-action
    at ignore-listed frames
 POST /_next/server 404 in 258ms (compile: 3ms, render: 255ms)
Error: Failed to find Server Action "x". This request might be from an older or newer deployment.
Read more: https://nextjs.org/docs/messages/failed-to-find-server-action
    at ignore-listed frames
 POST /_next/server/pages 404 in 273ms (compile: 3ms, render: 270ms)
Error: Failed to find Server Action "x". This request might be from an older or newer deployment.
Read more: https://nextjs.org/docs/messages/failed-to-find-server-action
    at ignore-listed frames
 POST /_next/server/pages 404 in 231ms (compile: 3ms, render: 229ms)
Error: Failed to find Server Action "x". This request might be from an older or newer deployment.
Read more: https://nextjs.org/docs/messages/failed-to-find-server-action
    at ignore-listed frames
 POST /_next/server/chunks 404 in 233ms (compile: 3ms, render: 229ms)
Error: Failed to find Server Action "x". This request might be from an older or newer deployment.
Read more: https://nextjs.org/docs/messages/failed-to-find-server-action
    at ignore-listed frames
 POST /_next/server/chunks 404 in 271ms (compile: 3ms, render: 268ms)
Error: Failed to find Server Action "x". This request might be from an older or newer deployment.
Read more: https://nextjs.org/docs/messages/failed-to-find-server-action
    at ignore-listed frames
 POST /_next/server/app 404 in 349ms (compile: 3ms, render: 346ms)
Error: Failed to find Server Action "x". This request might be from an older or newer deployment.
Read more: https://nextjs.org/docs/messages/failed-to-find-server-action
    at ignore-listed frames
 POST /_next/server/app 404 in 239ms (compile: 3ms, render: 236ms)
Error: Failed to find Server Action "x". This request might be from an older or newer deployment.
Read more: https://nextjs.org/docs/messages/failed-to-find-server-action
    at ignore-listed frames
 POST /_next/server/chunks/ssr 404 in 309ms (compile: 3ms, render: 306ms)
Error: Failed to find Server Action "x". This request might be from an older or newer deployment.
Read more: https://nextjs.org/docs/messages/failed-to-find-server-action
    at ignore-listed frames
 POST /_next/server/chunks/ssr 404 in 257ms (compile: 3ms, render: 254ms)
Error: Failed to find Server Action "x". This request might be from an older or newer deployment.
Read more: https://nextjs.org/docs/messages/failed-to-find-server-action
    at ignore-listed frames
 POST /_next/revalidate 404 in 362ms (compile: 3ms, render: 360ms)
Error: Failed to find Server Action "x". This request might be from an older or newer deployment.
Read more: https://nextjs.org/docs/messages/failed-to-find-server-action
    at ignore-listed frames
 POST /_next/revalidate 404 in 259ms (compile: 3ms, render: 256ms)
Error: Failed to find Server Action "x". This request might be from an older or newer deployment.
Read more: https://nextjs.org/docs/messages/failed-to-find-server-action
    at ignore-listed frames
 POST /_rsc 404 in 246ms (compile: 3ms, render: 243ms)
Error: Failed to find Server Action "x". This request might be from an older or newer deployment.
Read more: https://nextjs.org/docs/messages/failed-to-find-server-action
    at ignore-listed frames
 POST /_rsc 404 in 249ms (compile: 3ms, render: 246ms)
Error: Failed to find Server Action "x". This request might be from an older or newer deployment.
Read more: https://nextjs.org/docs/messages/failed-to-find-server-action
    at ignore-listed frames
 POST /_react_server 404 in 237ms (compile: 2ms, render: 235ms)
Error: Failed to find Server Action "x". This request might be from an older or newer deployment.
Read more: https://nextjs.org/docs/messages/failed-to-find-server-action
    at ignore-listed frames
 POST /_react_server 404 in 371ms (compile: 3ms, render: 367ms)
Error: Failed to find Server Action "x". This request might be from an older or newer deployment.
Read more: https://nextjs.org/docs/messages/failed-to-find-server-action
    at ignore-listed frames
 POST /apps 404 in 272ms (compile: 3ms, render: 269ms)
Error: Failed to find Server Action "x". This request might be from an older or newer deployment.
Read more: https://nextjs.org/docs/messages/failed-to-find-server-action
    at ignore-listed frames
 POST /apps 404 in 242ms (compile: 3ms, render: 239ms)
Error: Failed to find Server Action "x". This request might be from an older or newer deployment.
Read more: https://nextjs.org/docs/messages/failed-to-find-server-action
    at ignore-listed frames
 POST /sigin 404 in 294ms (compile: 3ms, render: 291ms)
Error: Failed to find Server Action "x". This request might be from an older or newer deployment.
Read more: https://nextjs.org/docs/messages/failed-to-find-server-action
    at ignore-listed frames
 POST /sigin 404 in 238ms (compile: 2ms, render: 235ms)
Error: Failed to find Server Action "x". This request might be from an older or newer deployment.
Read more: https://nextjs.org/docs/messages/failed-to-find-server-action
    at ignore-listed frames
 POST / 404 in 251ms (compile: 4ms, render: 247ms)
Error: Failed to find Server Action "x". This request might be from an older or newer deployment.
Read more: https://nextjs.org/docs/messages/failed-to-find-server-action
    at ignore-listed frames
 POST / 404 in 274ms (compile: 5ms, render: 268ms)
Error: Failed to find Server Action "x". This request might be from an older or newer deployment.
Read more: https://nextjs.org/docs/messages/failed-to-find-server-action
    at ignore-listed frames
 POST /_next/on-demand-entries-ping 404 in 236ms (compile: 3ms, render: 234ms)
Error: Failed to find Server Action "x". This request might be from an older or newer deployment.
Read more: https://nextjs.org/docs/messages/failed-to-find-server-action
    at ignore-listed frames
 POST /_next/rsc 404 in 236ms (compile: 3ms, render: 233ms)
Error: Failed to find Server Action "x". This request might be from an older or newer deployment.
Read more: https://nextjs.org/docs/messages/failed-to-find-server-action
    at ignore-listed frames
 POST /_next/server-components 404 in 238ms (compile: 3ms, render: 236ms)
Error: Failed to find Server Action "x". This request might be from an older or newer deployment.
Read more: https://nextjs.org/docs/messages/failed-to-find-server-action
    at ignore-listed frames
 POST /_next/data 404 in 261ms (compile: 3ms, render: 258ms)
Error: Failed to find Server Action "x". This request might be from an older or newer deployment.
Read more: https://nextjs.org/docs/messages/failed-to-find-server-action
    at ignore-listed frames
 POST /_next/refresh 404 in 238ms (compile: 3ms, render: 235ms)
Error: Failed to find Server Action "x". This request might be from an older or newer deployment.
Read more: https://nextjs.org/docs/messages/failed-to-find-server-action
    at ignore-listed frames
 POST /_next/redirect 404 in 214ms (compile: 2ms, render: 211ms)
Error: Failed to find Server Action "x". This request might be from an older or newer deployment.
Read more: https://nextjs.org/docs/messages/failed-to-find-server-action
    at ignore-listed frames
 POST /_next/turbopack/flight 404 in 268ms (compile: 2ms, render: 265ms)
Error: Failed to find Server Action "x". This request might be from an older or newer deployment.
Read more: https://nextjs.org/docs/messages/failed-to-find-server-action
    at ignore-listed frames
 POST /_next/webpack-hmr 404 in 259ms (compile: 3ms, render: 256ms)
Error: Failed to find Server Action "x". This request might be from an older or newer deployment.
Read more: https://nextjs.org/docs/messages/failed-to-find-server-action
    at ignore-listed frames
 POST /_next/server-actions 404 in 262ms (compile: 3ms, render: 259ms)
Error: Failed to find Server Action "x". This request might be from an older or newer deployment.
Read more: https://nextjs.org/docs/messages/failed-to-find-server-action
    at ignore-listed frames
 POST /_react/flight 404 in 288ms (compile: 3ms, render: 285ms)
Error: Failed to find Server Action "x". This request might be from an older or newer deployment.
Read more: https://nextjs.org/docs/messages/failed-to-find-server-action
    at ignore-listed frames
 POST /_next/flight 404 in 235ms (compile: 3ms, render: 232ms)
Error: Failed to find Server Action "x". This request might be from an older or newer deployment.
Read more: https://nextjs.org/docs/messages/failed-to-find-server-action
    at ignore-listed frames
 POST /_next/static 404 in 219ms (compile: 2ms, render: 216ms)
Error: Failed to find Server Action "x". This request might be from an older or newer deployment.
Read more: https://nextjs.org/docs/messages/failed-to-find-server-action
    at ignore-listed frames
 POST /_next/server 404 in 221ms (compile: 3ms, render: 218ms)
Error: Failed to find Server Action "x". This request might be from an older or newer deployment.
Read more: https://nextjs.org/docs/messages/failed-to-find-server-action
    at ignore-listed frames
 POST /_next/server/pages 404 in 247ms (compile: 3ms, render: 244ms)
Error: Failed to find Server Action "x". This request might be from an older or newer deployment.
Read more: https://nextjs.org/docs/messages/failed-to-find-server-action
    at ignore-listed frames
 POST /_next/server/chunks 404 in 252ms (compile: 3ms, render: 249ms)
Error: Failed to find Server Action "x". This request might be from an older or newer deployment.
Read more: https://nextjs.org/docs/messages/failed-to-find-server-action
    at ignore-listed frames
 POST /_next/server/app 404 in 242ms (compile: 3ms, render: 239ms)
Error: Failed to find Server Action "x". This request might be from an older or newer deployment.
Read more: https://nextjs.org/docs/messages/failed-to-find-server-action
    at ignore-listed frames
 POST /_next/server/chunks/ssr 404 in 283ms (compile: 3ms, render: 280ms)
Error: Failed to find Server Action "x". This request might be from an older or newer deployment.
Read more: https://nextjs.org/docs/messages/failed-to-find-server-action
    at ignore-listed frames
 POST /_next/revalidate 404 in 234ms (compile: 3ms, render: 232ms)
Error: Failed to find Server Action "x". This request might be from an older or newer deployment.
Read more: https://nextjs.org/docs/messages/failed-to-find-server-action
    at ignore-listed frames
 POST /_rsc 404 in 276ms (compile: 3ms, render: 273ms)
Error: Failed to find Server Action "x". This request might be from an older or newer deployment.
Read more: https://nextjs.org/docs/messages/failed-to-find-server-action
    at ignore-listed frames
 POST /?_rsc=x 404 in 335ms (compile: 4ms, render: 331ms)
Error: Failed to find Server Action "x". This request might be from an older or newer deployment.
Read more: https://nextjs.org/docs/messages/failed-to-find-server-action
    at ignore-listed frames
 POST /?__flight__=1 404 in 226ms (compile: 4ms, render: 222ms)
Error: Failed to find Server Action "x". This request might be from an older or newer deployment.
Read more: https://nextjs.org/docs/messages/failed-to-find-server-action
    at ignore-listed frames
 POST /_react_server 404 in 230ms (compile: 3ms, render: 227ms)
Error: Failed to find Server Action "x". This request might be from an older or newer deployment.
Read more: https://nextjs.org/docs/messages/failed-to-find-server-action
    at ignore-listed frames
 POST /apps 404 in 246ms (compile: 3ms, render: 243ms)
Error: Failed to find Server Action "x". This request might be from an older or newer deployment.
Read more: https://nextjs.org/docs/messages/failed-to-find-server-action
    at ignore-listed frames
 POST /sigin 404 in 286ms (compile: 3ms, render: 283ms)
Error: Failed to find Server Action "x". This request might be from an older or newer deployment.
Read more: https://nextjs.org/docs/messages/failed-to-find-server-action
    at ignore-listed frames
 POST / 404 in 241ms (compile: 6ms, render: 234ms)
Error: Failed to find Server Action "x". This request might be from an older or newer deployment.
Read more: https://nextjs.org/docs/messages/failed-to-find-server-action
    at ignore-listed frames
 POST /_next/on-demand-entries-ping 404 in 412ms (compile: 8ms, render: 404ms)
Error: Failed to find Server Action "x". This request might be from an older or newer deployment.
Read more: https://nextjs.org/docs/messages/failed-to-find-server-action
    at ignore-listed frames
 POST /_next/on-demand-entries-ping 404 in 243ms (compile: 3ms, render: 240ms)
Error: Failed to find Server Action "x". This request might be from an older or newer deployment.
Read more: https://nextjs.org/docs/messages/failed-to-find-server-action
    at ignore-listed frames
 POST /_next/rsc 404 in 239ms (compile: 3ms, render: 236ms)
Error: Failed to find Server Action "x". This request might be from an older or newer deployment.
Read more: https://nextjs.org/docs/messages/failed-to-find-server-action
    at ignore-listed frames
 POST /_next/rsc 404 in 292ms (compile: 3ms, render: 289ms)
Error: Failed to find Server Action "x". This request might be from an older or newer deployment.
Read more: https://nextjs.org/docs/messages/failed-to-find-server-action
    at ignore-listed frames
 POST /_next/server-components 404 in 239ms (compile: 3ms, render: 236ms)
Error: Failed to find Server Action "x". This request might be from an older or newer deployment.
Read more: https://nextjs.org/docs/messages/failed-to-find-server-action
    at ignore-listed frames
 POST /_next/server-components 404 in 268ms (compile: 4ms, render: 264ms)
Error: Failed to find Server Action "x". This request might be from an older or newer deployment.
Read more: https://nextjs.org/docs/messages/failed-to-find-server-action
    at ignore-listed frames
 POST /_next/data 404 in 314ms (compile: 3ms, render: 310ms)
Error: Failed to find Server Action "x". This request might be from an older or newer deployment.
Read more: https://nextjs.org/docs/messages/failed-to-find-server-action
    at ignore-listed frames
 POST /_next/data 404 in 245ms (compile: 3ms, render: 242ms)
Error: Failed to find Server Action "x". This request might be from an older or newer deployment.
Read more: https://nextjs.org/docs/messages/failed-to-find-server-action
    at ignore-listed frames
 POST /_next/refresh 404 in 262ms (compile: 3ms, render: 259ms)
Error: Failed to find Server Action "x". This request might be from an older or newer deployment.
Read more: https://nextjs.org/docs/messages/failed-to-find-server-action
    at ignore-listed frames
 POST /_next/refresh 404 in 244ms (compile: 3ms, render: 241ms)
Error: Failed to find Server Action "x". This request might be from an older or newer deployment.
Read more: https://nextjs.org/docs/messages/failed-to-find-server-action
    at ignore-listed frames
 POST /_next/redirect 404 in 241ms (compile: 3ms, render: 238ms)
Error: Failed to find Server Action "x". This request might be from an older or newer deployment.
Read more: https://nextjs.org/docs/messages/failed-to-find-server-action
    at ignore-listed frames
 POST /_next/redirect 404 in 293ms (compile: 3ms, render: 290ms)
Error: Failed to find Server Action "x". This request might be from an older or newer deployment.
Read more: https://nextjs.org/docs/messages/failed-to-find-server-action
    at ignore-listed frames
 POST /_next/turbopack/flight 404 in 245ms (compile: 3ms, render: 242ms)
Error: Failed to find Server Action "x". This request might be from an older or newer deployment.
Read more: https://nextjs.org/docs/messages/failed-to-find-server-action
    at ignore-listed frames
 POST /_next/turbopack/flight 404 in 259ms (compile: 3ms, render: 256ms)
Error: Failed to find Server Action "x". This request might be from an older or newer deployment.
Read more: https://nextjs.org/docs/messages/failed-to-find-server-action
    at ignore-listed frames
 POST /_next/webpack-hmr 404 in 243ms (compile: 3ms, render: 240ms)
Error: Failed to find Server Action "x". This request might be from an older or newer deployment.
Read more: https://nextjs.org/docs/messages/failed-to-find-server-action
    at ignore-listed frames
 POST /_next/webpack-hmr 404 in 220ms (compile: 3ms, render: 217ms)
Error: Failed to find Server Action "x". This request might be from an older or newer deployment.
Read more: https://nextjs.org/docs/messages/failed-to-find-server-action
    at ignore-listed frames
 POST /_next/server-actions 404 in 274ms (compile: 3ms, render: 272ms)
Error: Failed to find Server Action "x". This request might be from an older or newer deployment.
Read more: https://nextjs.org/docs/messages/failed-to-find-server-action
    at ignore-listed frames
 POST /_next/server-actions 404 in 297ms (compile: 3ms, render: 294ms)
Error: Failed to find Server Action "x". This request might be from an older or newer deployment.
Read more: https://nextjs.org/docs/messages/failed-to-find-server-action
    at ignore-listed frames
 POST /_react/flight 404 in 308ms (compile: 3ms, render: 305ms)
Error: Failed to find Server Action "x". This request might be from an older or newer deployment.
Read more: https://nextjs.org/docs/messages/failed-to-find-server-action
    at ignore-listed frames
 POST /_react/flight 404 in 359ms (compile: 4ms, render: 355ms)
Error: Failed to find Server Action "x". This request might be from an older or newer deployment.
Read more: https://nextjs.org/docs/messages/failed-to-find-server-action
    at ignore-listed frames
 POST /_next/flight 404 in 242ms (compile: 4ms, render: 238ms)
Error: Failed to find Server Action "x". This request might be from an older or newer deployment.
Read more: https://nextjs.org/docs/messages/failed-to-find-server-action
    at ignore-listed frames
 POST /_next/flight 404 in 304ms (compile: 3ms, render: 301ms)
Error: Failed to find Server Action "x". This request might be from an older or newer deployment.
Read more: https://nextjs.org/docs/messages/failed-to-find-server-action
    at ignore-listed frames
 POST /_next/static 404 in 230ms (compile: 3ms, render: 228ms)
Error: Failed to find Server Action "x". This request might be from an older or newer deployment.
Read more: https://nextjs.org/docs/messages/failed-to-find-server-action
    at ignore-listed frames
 POST /_next/static 404 in 241ms (compile: 3ms, render: 239ms)
Error: Failed to find Server Action "x". This request might be from an older or newer deployment.
Read more: https://nextjs.org/docs/messages/failed-to-find-server-action
    at ignore-listed frames
 POST /_next/server 404 in 236ms (compile: 3ms, render: 232ms)
Error: Failed to find Server Action "x". This request might be from an older or newer deployment.
Read more: https://nextjs.org/docs/messages/failed-to-find-server-action
    at ignore-listed frames
 POST /_next/server 404 in 260ms (compile: 3ms, render: 257ms)
Error: Failed to find Server Action "x". This request might be from an older or newer deployment.
Read more: https://nextjs.org/docs/messages/failed-to-find-server-action
    at ignore-listed frames
 POST /_next/server/pages 404 in 318ms (compile: 3ms, render: 315ms)
Error: Failed to find Server Action "x". This request might be from an older or newer deployment.
Read more: https://nextjs.org/docs/messages/failed-to-find-server-action
    at ignore-listed frames
 POST /_next/server/pages 404 in 229ms (compile: 2ms, render: 227ms)
Error: Failed to find Server Action "x". This request might be from an older or newer deployment.
Read more: https://nextjs.org/docs/messages/failed-to-find-server-action
    at ignore-listed frames
 POST /_next/server/chunks 404 in 243ms (compile: 3ms, render: 240ms)
Error: Failed to find Server Action "x". This request might be from an older or newer deployment.
Read more: https://nextjs.org/docs/messages/failed-to-find-server-action
    at ignore-listed frames
 POST /_next/server/chunks 404 in 246ms (compile: 3ms, render: 243ms)
Error: Failed to find Server Action "x". This request might be from an older or newer deployment.
Read more: https://nextjs.org/docs/messages/failed-to-find-server-action
    at ignore-listed frames
 POST /_next/server/app 404 in 224ms (compile: 3ms, render: 221ms)
Error: Failed to find Server Action "x". This request might be from an older or newer deployment.
Read more: https://nextjs.org/docs/messages/failed-to-find-server-action
    at ignore-listed frames
 POST /_next/server/app 404 in 271ms (compile: 2ms, render: 268ms)
Error: Failed to find Server Action "x". This request might be from an older or newer deployment.
Read more: https://nextjs.org/docs/messages/failed-to-find-server-action
    at ignore-listed frames
 POST /_next/server/chunks/ssr 404 in 228ms (compile: 3ms, render: 225ms)
Error: Failed to find Server Action "x". This request might be from an older or newer deployment.
Read more: https://nextjs.org/docs/messages/failed-to-find-server-action
    at ignore-listed frames
 POST /_next/server/chunks/ssr 404 in 248ms (compile: 3ms, render: 245ms)
Error: Failed to find Server Action "x". This request might be from an older or newer deployment.
Read more: https://nextjs.org/docs/messages/failed-to-find-server-action
    at ignore-listed frames
 POST /_next/revalidate 404 in 237ms (compile: 3ms, render: 234ms)
Error: Failed to find Server Action "x". This request might be from an older or newer deployment.
Read more: https://nextjs.org/docs/messages/failed-to-find-server-action
    at ignore-listed frames
 POST /_next/revalidate 404 in 227ms (compile: 2ms, render: 225ms)
Error: Failed to find Server Action "x". This request might be from an older or newer deployment.
Read more: https://nextjs.org/docs/messages/failed-to-find-server-action
    at ignore-listed frames
 POST /_rsc 404 in 288ms (compile: 3ms, render: 285ms)
Error: Failed to find Server Action "x". This request might be from an older or newer deployment.
Read more: https://nextjs.org/docs/messages/failed-to-find-server-action
    at ignore-listed frames
 POST /_rsc 404 in 249ms (compile: 3ms, render: 246ms)
Error: Failed to find Server Action "x". This request might be from an older or newer deployment.
Read more: https://nextjs.org/docs/messages/failed-to-find-server-action
    at ignore-listed frames
 POST /_react_server 404 in 247ms (compile: 3ms, render: 244ms)
Error: Failed to find Server Action "x". This request might be from an older or newer deployment.
Read more: https://nextjs.org/docs/messages/failed-to-find-server-action
    at ignore-listed frames
 POST /_react_server 404 in 268ms (compile: 3ms, render: 265ms)
Error: Failed to find Server Action "x". This request might be from an older or newer deployment.
Read more: https://nextjs.org/docs/messages/failed-to-find-server-action
    at ignore-listed frames
 POST /apps 404 in 220ms (compile: 3ms, render: 217ms)
Error: Failed to find Server Action "x". This request might be from an older or newer deployment.
Read more: https://nextjs.org/docs/messages/failed-to-find-server-action
    at ignore-listed frames
 POST /apps 404 in 224ms (compile: 3ms, render: 221ms)
Error: Failed to find Server Action "x". This request might be from an older or newer deployment.
Read more: https://nextjs.org/docs/messages/failed-to-find-server-action
    at ignore-listed frames
 POST /sigin 404 in 211ms (compile: 3ms, render: 208ms)
Error: Failed to find Server Action "x". This request might be from an older or newer deployment.
Read more: https://nextjs.org/docs/messages/failed-to-find-server-action
    at ignore-listed frames
 POST /sigin 404 in 248ms (compile: 2ms, render: 246ms)
Error: Failed to find Server Action "x". This request might be from an older or newer deployment.
Read more: https://nextjs.org/docs/messages/failed-to-find-server-action
    at ignore-listed frames
 POST / 404 in 254ms (compile: 7ms, render: 247ms)
Error: Failed to find Server Action "x". This request might be from an older or newer deployment.
Read more: https://nextjs.org/docs/messages/failed-to-find-server-action
    at ignore-listed frames
 POST / 404 in 220ms (compile: 3ms, render: 217ms)
Error: Failed to find Server Action "x". This request might be from an older or newer deployment.
Read more: https://nextjs.org/docs/messages/failed-to-find-server-action
    at ignore-listed frames
 POST /_next/on-demand-entries-ping 404 in 274ms (compile: 3ms, render: 271ms)
Error: Failed to find Server Action "x". This request might be from an older or newer deployment.
Read more: https://nextjs.org/docs/messages/failed-to-find-server-action
    at ignore-listed frames
 POST /_next/rsc 404 in 255ms (compile: 3ms, render: 252ms)
Error: Failed to find Server Action "x". This request might be from an older or newer deployment.
Read more: https://nextjs.org/docs/messages/failed-to-find-server-action
    at ignore-listed frames
 POST /_next/server-components 404 in 244ms (compile: 3ms, render: 242ms)
Error: Failed to find Server Action "x". This request might be from an older or newer deployment.
Read more: https://nextjs.org/docs/messages/failed-to-find-server-action
    at ignore-listed frames
 POST /_next/data 404 in 239ms (compile: 3ms, render: 236ms)
Error: Failed to find Server Action "x". This request might be from an older or newer deployment.
Read more: https://nextjs.org/docs/messages/failed-to-find-server-action
    at ignore-listed frames
 POST /_next/refresh 404 in 215ms (compile: 2ms, render: 212ms)
Error: Failed to find Server Action "x". This request might be from an older or newer deployment.
Read more: https://nextjs.org/docs/messages/failed-to-find-server-action
    at ignore-listed frames
 POST /_next/redirect 404 in 219ms (compile: 3ms, render: 217ms)
Error: Failed to find Server Action "x". This request might be from an older or newer deployment.
Read more: https://nextjs.org/docs/messages/failed-to-find-server-action
    at ignore-listed frames
 POST /_next/turbopack/flight 404 in 213ms (compile: 2ms, render: 211ms)
Error: Failed to find Server Action "x". This request might be from an older or newer deployment.
Read more: https://nextjs.org/docs/messages/failed-to-find-server-action
    at ignore-listed frames
 POST /_next/webpack-hmr 404 in 244ms (compile: 2ms, render: 242ms)
Error: Failed to find Server Action "x". This request might be from an older or newer deployment.
Read more: https://nextjs.org/docs/messages/failed-to-find-server-action
    at ignore-listed frames
 POST /_next/server-actions 404 in 245ms (compile: 3ms, render: 243ms)
Error: Failed to find Server Action "x". This request might be from an older or newer deployment.
Read more: https://nextjs.org/docs/messages/failed-to-find-server-action
    at ignore-listed frames
 POST /_react/flight 404 in 220ms (compile: 2ms, render: 217ms)
Error: Failed to find Server Action "x". This request might be from an older or newer deployment.
Read more: https://nextjs.org/docs/messages/failed-to-find-server-action
    at ignore-listed frames
 POST /_next/flight 404 in 267ms (compile: 3ms, render: 264ms)
Error: Failed to find Server Action "x". This request might be from an older or newer deployment.
Read more: https://nextjs.org/docs/messages/failed-to-find-server-action
    at ignore-listed frames
 POST /_next/static 404 in 224ms (compile: 3ms, render: 222ms)
Error: Failed to find Server Action "x". This request might be from an older or newer deployment.
Read more: https://nextjs.org/docs/messages/failed-to-find-server-action
    at ignore-listed frames
 POST /_next/server 404 in 247ms (compile: 3ms, render: 245ms)
Error: Failed to find Server Action "x". This request might be from an older or newer deployment.
Read more: https://nextjs.org/docs/messages/failed-to-find-server-action
    at ignore-listed frames
 POST /_next/server/pages 404 in 253ms (compile: 3ms, render: 250ms)
Error: Failed to find Server Action "x". This request might be from an older or newer deployment.
Read more: https://nextjs.org/docs/messages/failed-to-find-server-action
    at ignore-listed frames
 POST /_next/server/chunks 404 in 227ms (compile: 3ms, render: 224ms)
Error: Failed to find Server Action "x". This request might be from an older or newer deployment.
Read more: https://nextjs.org/docs/messages/failed-to-find-server-action
    at ignore-listed frames
 POST /_next/server/app 404 in 214ms (compile: 3ms, render: 212ms)
Error: Failed to find Server Action "x". This request might be from an older or newer deployment.
Read more: https://nextjs.org/docs/messages/failed-to-find-server-action
    at ignore-listed frames
 POST /_next/server/chunks/ssr 404 in 211ms (compile: 2ms, render: 209ms)
Error: Failed to find Server Action "x". This request might be from an older or newer deployment.
Read more: https://nextjs.org/docs/messages/failed-to-find-server-action
    at ignore-listed frames
 POST /_next/revalidate 404 in 292ms (compile: 3ms, render: 289ms)
Error: Failed to find Server Action "x". This request might be from an older or newer deployment.
Read more: https://nextjs.org/docs/messages/failed-to-find-server-action
    at ignore-listed frames
 POST /_rsc 404 in 245ms (compile: 3ms, render: 242ms)
Error: Failed to find Server Action "x". This request might be from an older or newer deployment.
Read more: https://nextjs.org/docs/messages/failed-to-find-server-action
    at ignore-listed frames
 POST /?_rsc=x 404 in 222ms (compile: 3ms, render: 219ms)
Error: Failed to find Server Action "x". This request might be from an older or newer deployment.
Read more: https://nextjs.org/docs/messages/failed-to-find-server-action
    at ignore-listed frames
 POST /?__flight__=1 404 in 283ms (compile: 3ms, render: 279ms)
Error: Failed to find Server Action "x". This request might be from an older or newer deployment.
Read more: https://nextjs.org/docs/messages/failed-to-find-server-action
    at ignore-listed frames
 POST /_react_server 404 in 233ms (compile: 3ms, render: 230ms)
Error: Failed to find Server Action "x". This request might be from an older or newer deployment.
Read more: https://nextjs.org/docs/messages/failed-to-find-server-action
    at ignore-listed frames
 POST /apps 404 in 255ms (compile: 2ms, render: 253ms)
Error: Failed to find Server Action "x". This request might be from an older or newer deployment.
Read more: https://nextjs.org/docs/messages/failed-to-find-server-action
    at ignore-listed frames
 POST /sigin 404 in 247ms (compile: 2ms, render: 244ms)
Error: Failed to find Server Action "x". This request might be from an older or newer deployment.
Read more: https://nextjs.org/docs/messages/failed-to-find-server-action
    at ignore-listed frames
 POST / 404 in 221ms (compile: 4ms, render: 217ms)
Error: Failed to find Server Action "x". This request might be from an older or newer deployment.
Read more: https://nextjs.org/docs/messages/failed-to-find-server-action
    at ignore-listed frames
 POST /_next/on-demand-entries-ping 404 in 415ms (compile: 6ms, render: 409ms)
Error: Failed to find Server Action "x". This request might be from an older or newer deployment.
Read more: https://nextjs.org/docs/messages/failed-to-find-server-action
    at ignore-listed frames
 POST /_next/on-demand-entries-ping 404 in 228ms (compile: 3ms, render: 225ms)
Error: Failed to find Server Action "x". This request might be from an older or newer deployment.
Read more: https://nextjs.org/docs/messages/failed-to-find-server-action
    at ignore-listed frames
 POST /_next/rsc 404 in 239ms (compile: 2ms, render: 236ms)
Error: Failed to find Server Action "x". This request might be from an older or newer deployment.
Read more: https://nextjs.org/docs/messages/failed-to-find-server-action
    at ignore-listed frames
 POST /_next/rsc 404 in 275ms (compile: 3ms, render: 272ms)
Error: Failed to find Server Action "x". This request might be from an older or newer deployment.
Read more: https://nextjs.org/docs/messages/failed-to-find-server-action
    at ignore-listed frames
 POST /_next/server-components 404 in 235ms (compile: 3ms, render: 231ms)
Error: Failed to find Server Action "x". This request might be from an older or newer deployment.
Read more: https://nextjs.org/docs/messages/failed-to-find-server-action
    at ignore-listed frames
 POST /_next/server-components 404 in 223ms (compile: 3ms, render: 221ms)
Error: Failed to find Server Action "x". This request might be from an older or newer deployment.
Read more: https://nextjs.org/docs/messages/failed-to-find-server-action
    at ignore-listed frames
 POST /_next/data 404 in 383ms (compile: 2ms, render: 380ms)
Error: Failed to find Server Action "x". This request might be from an older or newer deployment.
Read more: https://nextjs.org/docs/messages/failed-to-find-server-action
    at ignore-listed frames
 POST /_next/data 404 in 223ms (compile: 3ms, render: 219ms)
Error: Failed to find Server Action "x". This request might be from an older or newer deployment.
Read more: https://nextjs.org/docs/messages/failed-to-find-server-action
    at ignore-listed frames
 POST /_next/refresh 404 in 255ms (compile: 3ms, render: 253ms)
Error: Failed to find Server Action "x". This request might be from an older or newer deployment.
Read more: https://nextjs.org/docs/messages/failed-to-find-server-action
    at ignore-listed frames
 POST /_next/refresh 404 in 237ms (compile: 3ms, render: 235ms)
Error: Failed to find Server Action "x". This request might be from an older or newer deployment.
Read more: https://nextjs.org/docs/messages/failed-to-find-server-action
    at ignore-listed frames
 POST /_next/redirect 404 in 204ms (compile: 3ms, render: 201ms)
Error: Failed to find Server Action "x". This request might be from an older or newer deployment.
Read more: https://nextjs.org/docs/messages/failed-to-find-server-action
    at ignore-listed frames
 POST /_next/redirect 404 in 319ms (compile: 2ms, render: 317ms)
Error: Failed to find Server Action "x". This request might be from an older or newer deployment.
Read more: https://nextjs.org/docs/messages/failed-to-find-server-action
    at ignore-listed frames
 POST /_next/turbopack/flight 404 in 221ms (compile: 3ms, render: 218ms)
Error: Failed to find Server Action "x". This request might be from an older or newer deployment.
Read more: https://nextjs.org/docs/messages/failed-to-find-server-action
    at ignore-listed frames
 POST /_next/turbopack/flight 404 in 233ms (compile: 3ms, render: 230ms)
Error: Failed to find Server Action "x". This request might be from an older or newer deployment.
Read more: https://nextjs.org/docs/messages/failed-to-find-server-action
    at ignore-listed frames
 POST /_next/webpack-hmr 404 in 234ms (compile: 3ms, render: 231ms)
Error: Failed to find Server Action "x". This request might be from an older or newer deployment.
Read more: https://nextjs.org/docs/messages/failed-to-find-server-action
    at ignore-listed frames
 POST /_next/webpack-hmr 404 in 225ms (compile: 2ms, render: 223ms)
Error: Failed to find Server Action "x". This request might be from an older or newer deployment.
Read more: https://nextjs.org/docs/messages/failed-to-find-server-action
    at ignore-listed frames
 POST /_next/server-actions 404 in 257ms (compile: 2ms, render: 255ms)
Error: Failed to find Server Action "x". This request might be from an older or newer deployment.
Read more: https://nextjs.org/docs/messages/failed-to-find-server-action
    at ignore-listed frames
 POST /_next/server-actions 404 in 229ms (compile: 3ms, render: 226ms)
Error: Failed to find Server Action "x". This request might be from an older or newer deployment.
Read more: https://nextjs.org/docs/messages/failed-to-find-server-action
    at ignore-listed frames
 POST /_react/flight 404 in 242ms (compile: 3ms, render: 240ms)
Error: Failed to find Server Action "x". This request might be from an older or newer deployment.
Read more: https://nextjs.org/docs/messages/failed-to-find-server-action
    at ignore-listed frames
 POST /_react/flight 404 in 229ms (compile: 3ms, render: 227ms)
Error: Failed to find Server Action "x". This request might be from an older or newer deployment.
Read more: https://nextjs.org/docs/messages/failed-to-find-server-action
    at ignore-listed frames
 POST /_next/flight 404 in 217ms (compile: 2ms, render: 214ms)
Error: Failed to find Server Action "x". This request might be from an older or newer deployment.
Read more: https://nextjs.org/docs/messages/failed-to-find-server-action
    at ignore-listed frames
 POST /_next/flight 404 in 272ms (compile: 4ms, render: 267ms)
Error: Failed to find Server Action "x". This request might be from an older or newer deployment.
Read more: https://nextjs.org/docs/messages/failed-to-find-server-action
    at ignore-listed frames
 POST /_next/static 404 in 228ms (compile: 3ms, render: 225ms)
Error: Failed to find Server Action "x". This request might be from an older or newer deployment.
Read more: https://nextjs.org/docs/messages/failed-to-find-server-action
    at ignore-listed frames
 POST /_next/static 404 in 256ms (compile: 3ms, render: 254ms)
Error: Failed to find Server Action "x". This request might be from an older or newer deployment.
Read more: https://nextjs.org/docs/messages/failed-to-find-server-action
    at ignore-listed frames
 POST /_next/server 404 in 230ms (compile: 3ms, render: 228ms)
Error: Failed to find Server Action "x". This request might be from an older or newer deployment.
Read more: https://nextjs.org/docs/messages/failed-to-find-server-action
    at ignore-listed frames
 POST /_next/server 404 in 211ms (compile: 2ms, render: 209ms)
Error: Failed to find Server Action "x". This request might be from an older or newer deployment.
Read more: https://nextjs.org/docs/messages/failed-to-find-server-action
    at ignore-listed frames
 POST /_next/server/pages 404 in 275ms (compile: 3ms, render: 272ms)
Error: Failed to find Server Action "x". This request might be from an older or newer deployment.
Read more: https://nextjs.org/docs/messages/failed-to-find-server-action
    at ignore-listed frames
 POST /_next/server/pages 404 in 226ms (compile: 3ms, render: 223ms)
Error: Failed to find Server Action "x". This request might be from an older or newer deployment.
Read more: https://nextjs.org/docs/messages/failed-to-find-server-action
    at ignore-listed frames
 POST /_next/server/chunks 404 in 239ms (compile: 3ms, render: 236ms)
Error: Failed to find Server Action "x". This request might be from an older or newer deployment.
Read more: https://nextjs.org/docs/messages/failed-to-find-server-action
    at ignore-listed frames
 POST /_next/server/chunks 404 in 234ms (compile: 4ms, render: 230ms)
Error: Failed to find Server Action "x". This request might be from an older or newer deployment.
Read more: https://nextjs.org/docs/messages/failed-to-find-server-action
    at ignore-listed frames
 POST /_next/server/app 404 in 215ms (compile: 3ms, render: 213ms)
Error: Failed to find Server Action "x". This request might be from an older or newer deployment.
Read more: https://nextjs.org/docs/messages/failed-to-find-server-action
    at ignore-listed frames
 POST /_next/server/app 404 in 294ms (compile: 3ms, render: 292ms)
Error: Failed to find Server Action "x". This request might be from an older or newer deployment.
Read more: https://nextjs.org/docs/messages/failed-to-find-server-action
    at ignore-listed frames
 POST /_next/server/chunks/ssr 404 in 265ms (compile: 3ms, render: 262ms)
Error: Failed to find Server Action "x". This request might be from an older or newer deployment.
Read more: https://nextjs.org/docs/messages/failed-to-find-server-action
    at ignore-listed frames
 POST /_next/server/chunks/ssr 404 in 242ms (compile: 3ms, render: 239ms)
Error: Failed to find Server Action "x". This request might be from an older or newer deployment.
Read more: https://nextjs.org/docs/messages/failed-to-find-server-action
    at ignore-listed frames
 POST /_next/revalidate 404 in 268ms (compile: 3ms, render: 265ms)
Error: Failed to find Server Action "x". This request might be from an older or newer deployment.
Read more: https://nextjs.org/docs/messages/failed-to-find-server-action
    at ignore-listed frames
 POST /_next/revalidate 404 in 212ms (compile: 2ms, render: 210ms)
Error: Failed to find Server Action "x". This request might be from an older or newer deployment.
Read more: https://nextjs.org/docs/messages/failed-to-find-server-action
    at ignore-listed frames
 POST /_rsc 404 in 297ms (compile: 3ms, render: 295ms)
Error: Failed to find Server Action "x". This request might be from an older or newer deployment.
Read more: https://nextjs.org/docs/messages/failed-to-find-server-action
    at ignore-listed frames
 POST /_rsc 404 in 241ms (compile: 3ms, render: 238ms)
Error: Failed to find Server Action "x". This request might be from an older or newer deployment.
Read more: https://nextjs.org/docs/messages/failed-to-find-server-action
    at ignore-listed frames
 POST /_react_server 404 in 275ms (compile: 3ms, render: 272ms)
Error: Failed to find Server Action "x". This request might be from an older or newer deployment.
Read more: https://nextjs.org/docs/messages/failed-to-find-server-action
    at ignore-listed frames
 POST /_react_server 404 in 287ms (compile: 3ms, render: 283ms)
Error: Failed to find Server Action "x". This request might be from an older or newer deployment.
Read more: https://nextjs.org/docs/messages/failed-to-find-server-action
    at ignore-listed frames
 POST /apps 404 in 237ms (compile: 2ms, render: 235ms)
Error: Failed to find Server Action "x". This request might be from an older or newer deployment.
Read more: https://nextjs.org/docs/messages/failed-to-find-server-action
    at ignore-listed frames
 POST /apps 404 in 217ms (compile: 2ms, render: 214ms)
Error: Failed to find Server Action "x". This request might be from an older or newer deployment.
Read more: https://nextjs.org/docs/messages/failed-to-find-server-action
    at ignore-listed frames
 POST /sigin 404 in 212ms (compile: 3ms, render: 209ms)
Error: Failed to find Server Action "x". This request might be from an older or newer deployment.
Read more: https://nextjs.org/docs/messages/failed-to-find-server-action
    at ignore-listed frames
 POST /sigin 404 in 253ms (compile: 2ms, render: 251ms)
Error: Failed to find Server Action "x". This request might be from an older or newer deployment.
Read more: https://nextjs.org/docs/messages/failed-to-find-server-action
    at ignore-listed frames
 POST / 404 in 295ms (compile: 9ms, render: 286ms)
Error: Failed to find Server Action "x". This request might be from an older or newer deployment.
Read more: https://nextjs.org/docs/messages/failed-to-find-server-action
    at ignore-listed frames
 POST / 404 in 211ms (compile: 3ms, render: 207ms)
Error: Failed to find Server Action "x". This request might be from an older or newer deployment.
Read more: https://nextjs.org/docs/messages/failed-to-find-server-action
    at ignore-listed frames
 POST /_next/on-demand-entries-ping 404 in 300ms (compile: 3ms, render: 297ms)
Error: Failed to find Server Action "x". This request might be from an older or newer deployment.
Read more: https://nextjs.org/docs/messages/failed-to-find-server-action
    at ignore-listed frames
 POST /_next/rsc 404 in 237ms (compile: 3ms, render: 235ms)
Error: Failed to find Server Action "x". This request might be from an older or newer deployment.
Read more: https://nextjs.org/docs/messages/failed-to-find-server-action
    at ignore-listed frames
 POST /_next/server-components 404 in 243ms (compile: 3ms, render: 240ms)
Error: Failed to find Server Action "x". This request might be from an older or newer deployment.
Read more: https://nextjs.org/docs/messages/failed-to-find-server-action
    at ignore-listed frames
 POST /_next/data 404 in 258ms (compile: 3ms, render: 256ms)
Error: Failed to find Server Action "x". This request might be from an older or newer deployment.
Read more: https://nextjs.org/docs/messages/failed-to-find-server-action
    at ignore-listed frames
 POST /_next/refresh 404 in 218ms (compile: 2ms, render: 216ms)
Error: Failed to find Server Action "x". This request might be from an older or newer deployment.
Read more: https://nextjs.org/docs/messages/failed-to-find-server-action
    at ignore-listed frames
 POST /_next/redirect 404 in 211ms (compile: 2ms, render: 209ms)
Error: Failed to find Server Action "x". This request might be from an older or newer deployment.
Read more: https://nextjs.org/docs/messages/failed-to-find-server-action
    at ignore-listed frames
 POST /_next/turbopack/flight 404 in 207ms (compile: 2ms, render: 205ms)
Error: Failed to find Server Action "x". This request might be from an older or newer deployment.
Read more: https://nextjs.org/docs/messages/failed-to-find-server-action
    at ignore-listed frames
 POST /_next/webpack-hmr 404 in 243ms (compile: 3ms, render: 240ms)
Error: Failed to find Server Action "x". This request might be from an older or newer deployment.
Read more: https://nextjs.org/docs/messages/failed-to-find-server-action
    at ignore-listed frames
 POST /_next/server-actions 404 in 273ms (compile: 3ms, render: 270ms)
Error: Failed to find Server Action "x". This request might be from an older or newer deployment.
Read more: https://nextjs.org/docs/messages/failed-to-find-server-action
    at ignore-listed frames
 POST /_react/flight 404 in 228ms (compile: 3ms, render: 225ms)
Error: Failed to find Server Action "x". This request might be from an older or newer deployment.
Read more: https://nextjs.org/docs/messages/failed-to-find-server-action
    at ignore-listed frames
 POST /_next/flight 404 in 289ms (compile: 2ms, render: 287ms)
Error: Failed to find Server Action "x". This request might be from an older or newer deployment.
Read more: https://nextjs.org/docs/messages/failed-to-find-server-action
    at ignore-listed frames
 POST /_next/static 404 in 224ms (compile: 2ms, render: 222ms)
Error: Failed to find Server Action "x". This request might be from an older or newer deployment.
Read more: https://nextjs.org/docs/messages/failed-to-find-server-action
    at ignore-listed frames
 POST /_next/server 404 in 250ms (compile: 2ms, render: 248ms)
Error: Failed to find Server Action "x". This request might be from an older or newer deployment.
Read more: https://nextjs.org/docs/messages/failed-to-find-server-action
    at ignore-listed frames
 POST /_next/server/pages 404 in 237ms (compile: 3ms, render: 234ms)
Error: Failed to find Server Action "x". This request might be from an older or newer deployment.
Read more: https://nextjs.org/docs/messages/failed-to-find-server-action
    at ignore-listed frames
 POST /_next/server/chunks 404 in 217ms (compile: 2ms, render: 214ms)
Error: Failed to find Server Action "x". This request might be from an older or newer deployment.
Read more: https://nextjs.org/docs/messages/failed-to-find-server-action
    at ignore-listed frames
 POST /_next/server/app 404 in 237ms (compile: 6ms, render: 231ms)
Error: Failed to find Server Action "x". This request might be from an older or newer deployment.
Read more: https://nextjs.org/docs/messages/failed-to-find-server-action
    at ignore-listed frames
 POST /_next/server/chunks/ssr 404 in 220ms (compile: 3ms, render: 217ms)
Error: Failed to find Server Action "x". This request might be from an older or newer deployment.
Read more: https://nextjs.org/docs/messages/failed-to-find-server-action
    at ignore-listed frames
 POST /_next/revalidate 404 in 250ms (compile: 3ms, render: 248ms)
Error: Failed to find Server Action "x". This request might be from an older or newer deployment.
Read more: https://nextjs.org/docs/messages/failed-to-find-server-action
    at ignore-listed frames
 POST /_rsc 404 in 240ms (compile: 3ms, render: 238ms)
Error: Failed to find Server Action "x". This request might be from an older or newer deployment.
Read more: https://nextjs.org/docs/messages/failed-to-find-server-action
    at ignore-listed frames
 POST /?_rsc=x 404 in 235ms (compile: 4ms, render: 232ms)
Error: Failed to find Server Action "x". This request might be from an older or newer deployment.
Read more: https://nextjs.org/docs/messages/failed-to-find-server-action
    at ignore-listed frames
 POST /?__flight__=1 404 in 277ms (compile: 3ms, render: 273ms)
Error: Failed to find Server Action "x". This request might be from an older or newer deployment.
Read more: https://nextjs.org/docs/messages/failed-to-find-server-action
    at ignore-listed frames
 POST /_react_server 404 in 214ms (compile: 2ms, render: 211ms)
Error: Failed to find Server Action "x". This request might be from an older or newer deployment.
Read more: https://nextjs.org/docs/messages/failed-to-find-server-action
    at ignore-listed frames
 POST /apps 404 in 271ms (compile: 2ms, render: 268ms)
Error: Failed to find Server Action "x". This request might be from an older or newer deployment.
Read more: https://nextjs.org/docs/messages/failed-to-find-server-action
    at ignore-listed frames
 POST /sigin 404 in 252ms (compile: 3ms, render: 249ms)
Error: Failed to find Server Action "x". This request might be from an older or newer deployment.
Read more: https://nextjs.org/docs/messages/failed-to-find-server-action
    at ignore-listed frames
 POST / 404 in 219ms (compile: 4ms, render: 216ms)
 GET / 200 in 99ms (compile: 7ms, render: 92ms)
 GET / 200 in 43ms (compile: 6ms, render: 37ms)
 POST /sdk 404 in 62ms (compile: 8ms, render: 53ms)
 GET /nmaplowercheck1769190277 404 in 59ms (compile: 29ms, render: 30ms)
 GET /HNAP1 404 in 29ms (compile: 3ms, render: 27ms)
 GET /evox/about 404 in 29ms (compile: 3ms, render: 26ms)
 GET / 200 in 34ms (compile: 5ms, render: 29ms)
 GET / 200 in 33ms (compile: 4ms, render: 29ms)
Error: Failed to find Server Action "x". This request might be from an older or newer deployment.
Read more: https://nextjs.org/docs/messages/failed-to-find-server-action
    at ignore-listed frames
 POST /_next/on-demand-entries-ping 404 in 349ms (compile: 3ms, render: 347ms)
Error: Failed to find Server Action "x". This request might be from an older or newer deployment.
Read more: https://nextjs.org/docs/messages/failed-to-find-server-action
    at ignore-listed frames
 POST /_next/on-demand-entries-ping 404 in 228ms (compile: 5ms, render: 224ms)
Error: Failed to find Server Action "x". This request might be from an older or newer deployment.
Read more: https://nextjs.org/docs/messages/failed-to-find-server-action
    at ignore-listed frames
 POST /_next/rsc 404 in 252ms (compile: 3ms, render: 250ms)
Error: Failed to find Server Action "x". This request might be from an older or newer deployment.
Read more: https://nextjs.org/docs/messages/failed-to-find-server-action
    at ignore-listed frames
 POST /_next/rsc 404 in 238ms (compile: 4ms, render: 234ms)
Error: Failed to find Server Action "x". This request might be from an older or newer deployment.
Read more: https://nextjs.org/docs/messages/failed-to-find-server-action
    at ignore-listed frames
 POST /_next/server-components 404 in 224ms (compile: 3ms, render: 221ms)
Error: Failed to find Server Action "x". This request might be from an older or newer deployment.
Read more: https://nextjs.org/docs/messages/failed-to-find-server-action
    at ignore-listed frames
 POST /_next/server-components 404 in 223ms (compile: 3ms, render: 220ms)
Error: Failed to find Server Action "x". This request might be from an older or newer deployment.
Read more: https://nextjs.org/docs/messages/failed-to-find-server-action
    at ignore-listed frames
 POST /_next/data 404 in 237ms (compile: 2ms, render: 235ms)
Error: Failed to find Server Action "x". This request might be from an older or newer deployment.
Read more: https://nextjs.org/docs/messages/failed-to-find-server-action
    at ignore-listed frames
 POST /_next/data 404 in 261ms (compile: 3ms, render: 259ms)
Error: Failed to find Server Action "x". This request might be from an older or newer deployment.
Read more: https://nextjs.org/docs/messages/failed-to-find-server-action
    at ignore-listed frames
 POST /_next/refresh 404 in 213ms (compile: 3ms, render: 211ms)
Error: Failed to find Server Action "x". This request might be from an older or newer deployment.
Read more: https://nextjs.org/docs/messages/failed-to-find-server-action
    at ignore-listed frames
 POST /_next/refresh 404 in 218ms (compile: 2ms, render: 216ms)
Error: Failed to find Server Action "x". This request might be from an older or newer deployment.
Read more: https://nextjs.org/docs/messages/failed-to-find-server-action
    at ignore-listed frames
 POST /_next/redirect 404 in 329ms (compile: 11ms, render: 318ms)
Error: Failed to find Server Action "x". This request might be from an older or newer deployment.
Read more: https://nextjs.org/docs/messages/failed-to-find-server-action
    at ignore-listed frames
 POST /_next/redirect 404 in 230ms (compile: 3ms, render: 227ms)
Error: Failed to find Server Action "x". This request might be from an older or newer deployment.
Read more: https://nextjs.org/docs/messages/failed-to-find-server-action
    at ignore-listed frames
 POST /_next/turbopack/flight 404 in 215ms (compile: 3ms, render: 213ms)
Error: Failed to find Server Action "x". This request might be from an older or newer deployment.
Read more: https://nextjs.org/docs/messages/failed-to-find-server-action
    at ignore-listed frames
 POST /_next/turbopack/flight 404 in 303ms (compile: 2ms, render: 300ms)
Error: Failed to find Server Action "x". This request might be from an older or newer deployment.
Read more: https://nextjs.org/docs/messages/failed-to-find-server-action
    at ignore-listed frames
 POST /_next/webpack-hmr 404 in 238ms (compile: 3ms, render: 235ms)
Error: Failed to find Server Action "x". This request might be from an older or newer deployment.
Read more: https://nextjs.org/docs/messages/failed-to-find-server-action
    at ignore-listed frames
 POST /_next/webpack-hmr 404 in 256ms (compile: 4ms, render: 252ms)
Error: Failed to find Server Action "x". This request might be from an older or newer deployment.
Read more: https://nextjs.org/docs/messages/failed-to-find-server-action
    at ignore-listed frames
 POST /_next/server-actions 404 in 260ms (compile: 3ms, render: 258ms)
Error: Failed to find Server Action "x". This request might be from an older or newer deployment.
Read more: https://nextjs.org/docs/messages/failed-to-find-server-action
    at ignore-listed frames
 POST /_next/server-actions 404 in 219ms (compile: 3ms, render: 217ms)
Error: Failed to find Server Action "x". This request might be from an older or newer deployment.
Read more: https://nextjs.org/docs/messages/failed-to-find-server-action
    at ignore-listed frames
 POST /_react/flight 404 in 212ms (compile: 2ms, render: 210ms)
Error: Failed to find Server Action "x". This request might be from an older or newer deployment.
Read more: https://nextjs.org/docs/messages/failed-to-find-server-action
    at ignore-listed frames
 POST /_react/flight 404 in 222ms (compile: 2ms, render: 219ms)
Error: Failed to find Server Action "x". This request might be from an older or newer deployment.
Read more: https://nextjs.org/docs/messages/failed-to-find-server-action
    at ignore-listed frames
 POST /_next/flight 404 in 258ms (compile: 2ms, render: 255ms)
Error: Failed to find Server Action "x". This request might be from an older or newer deployment.
Read more: https://nextjs.org/docs/messages/failed-to-find-server-action
    at ignore-listed frames
 POST /_next/flight 404 in 265ms (compile: 3ms, render: 262ms)
Error: Failed to find Server Action "x". This request might be from an older or newer deployment.
Read more: https://nextjs.org/docs/messages/failed-to-find-server-action
    at ignore-listed frames
 POST /_next/static 404 in 246ms (compile: 4ms, render: 242ms)
Error: Failed to find Server Action "x". This request might be from an older or newer deployment.
Read more: https://nextjs.org/docs/messages/failed-to-find-server-action
    at ignore-listed frames
 POST /_next/static 404 in 229ms (compile: 3ms, render: 226ms)
Error: Failed to find Server Action "x". This request might be from an older or newer deployment.
Read more: https://nextjs.org/docs/messages/failed-to-find-server-action
    at ignore-listed frames
 POST /_next/server 404 in 273ms (compile: 3ms, render: 271ms)
Error: Failed to find Server Action "x". This request might be from an older or newer deployment.
Read more: https://nextjs.org/docs/messages/failed-to-find-server-action
    at ignore-listed frames
 POST /_next/server 404 in 228ms (compile: 2ms, render: 225ms)
Error: Failed to find Server Action "x". This request might be from an older or newer deployment.
Read more: https://nextjs.org/docs/messages/failed-to-find-server-action
    at ignore-listed frames
 POST /_next/server/pages 404 in 249ms (compile: 2ms, render: 247ms)
Error: Failed to find Server Action "x". This request might be from an older or newer deployment.
Read more: https://nextjs.org/docs/messages/failed-to-find-server-action
    at ignore-listed frames
 POST /_next/server/pages 404 in 253ms (compile: 3ms, render: 251ms)
Error: Failed to find Server Action "x". This request might be from an older or newer deployment.
Read more: https://nextjs.org/docs/messages/failed-to-find-server-action
    at ignore-listed frames
 POST /_next/server/chunks 404 in 256ms (compile: 2ms, render: 254ms)
Error: Failed to find Server Action "x". This request might be from an older or newer deployment.
Read more: https://nextjs.org/docs/messages/failed-to-find-server-action
    at ignore-listed frames
 POST /_next/server/chunks 404 in 259ms (compile: 3ms, render: 257ms)
Error: Failed to find Server Action "x". This request might be from an older or newer deployment.
Read more: https://nextjs.org/docs/messages/failed-to-find-server-action
    at ignore-listed frames
 POST /_next/server/app 404 in 227ms (compile: 3ms, render: 224ms)
Error: Failed to find Server Action "x". This request might be from an older or newer deployment.
Read more: https://nextjs.org/docs/messages/failed-to-find-server-action
    at ignore-listed frames
 POST /_next/server/app 404 in 264ms (compile: 3ms, render: 261ms)
Error: Failed to find Server Action "x". This request might be from an older or newer deployment.
Read more: https://nextjs.org/docs/messages/failed-to-find-server-action
    at ignore-listed frames
 POST /_next/server/chunks/ssr 404 in 254ms (compile: 3ms, render: 252ms)
Error: Failed to find Server Action "x". This request might be from an older or newer deployment.
Read more: https://nextjs.org/docs/messages/failed-to-find-server-action
    at ignore-listed frames
 POST /_next/server/chunks/ssr 404 in 227ms (compile: 3ms, render: 224ms)
Error: Failed to find Server Action "x". This request might be from an older or newer deployment.
Read more: https://nextjs.org/docs/messages/failed-to-find-server-action
    at ignore-listed frames
 POST /_next/revalidate 404 in 329ms (compile: 2ms, render: 327ms)
Error: Failed to find Server Action "x". This request might be from an older or newer deployment.
Read more: https://nextjs.org/docs/messages/failed-to-find-server-action
    at ignore-listed frames
 POST /_next/revalidate 404 in 235ms (compile: 3ms, render: 232ms)
Error: Failed to find Server Action "x". This request might be from an older or newer deployment.
Read more: https://nextjs.org/docs/messages/failed-to-find-server-action
    at ignore-listed frames
 POST /_rsc 404 in 252ms (compile: 2ms, render: 250ms)
Error: Failed to find Server Action "x". This request might be from an older or newer deployment.
Read more: https://nextjs.org/docs/messages/failed-to-find-server-action
    at ignore-listed frames
 POST /_rsc 404 in 247ms (compile: 3ms, render: 245ms)
Error: Failed to find Server Action "x". This request might be from an older or newer deployment.
Read more: https://nextjs.org/docs/messages/failed-to-find-server-action
    at ignore-listed frames
 POST /_react_server 404 in 235ms (compile: 3ms, render: 233ms)
Error: Failed to find Server Action "x". This request might be from an older or newer deployment.
Read more: https://nextjs.org/docs/messages/failed-to-find-server-action
    at ignore-listed frames
 POST /_react_server 404 in 248ms (compile: 3ms, render: 245ms)
Error: Failed to find Server Action "x". This request might be from an older or newer deployment.
Read more: https://nextjs.org/docs/messages/failed-to-find-server-action
    at ignore-listed frames
 POST /apps 404 in 236ms (compile: 3ms, render: 233ms)
Error: Failed to find Server Action "x". This request might be from an older or newer deployment.
Read more: https://nextjs.org/docs/messages/failed-to-find-server-action
    at ignore-listed frames
 POST /apps 404 in 256ms (compile: 3ms, render: 253ms)
Error: Failed to find Server Action "x". This request might be from an older or newer deployment.
Read more: https://nextjs.org/docs/messages/failed-to-find-server-action
    at ignore-listed frames
 POST /sigin 404 in 273ms (compile: 3ms, render: 270ms)
Error: Failed to find Server Action "x". This request might be from an older or newer deployment.
Read more: https://nextjs.org/docs/messages/failed-to-find-server-action
    at ignore-listed frames
 POST /sigin 404 in 225ms (compile: 2ms, render: 223ms)
Error: Failed to find Server Action "x". This request might be from an older or newer deployment.
Read more: https://nextjs.org/docs/messages/failed-to-find-server-action
    at ignore-listed frames
 POST / 404 in 306ms (compile: 5ms, render: 300ms)
Error: Failed to find Server Action "x". This request might be from an older or newer deployment.
Read more: https://nextjs.org/docs/messages/failed-to-find-server-action
    at ignore-listed frames
 POST / 404 in 255ms (compile: 5ms, render: 251ms)
Error: Failed to find Server Action "x". This request might be from an older or newer deployment.
Read more: https://nextjs.org/docs/messages/failed-to-find-server-action
    at ignore-listed frames
 POST /_next/on-demand-entries-ping 404 in 253ms (compile: 3ms, render: 251ms)
Error: Failed to find Server Action "x". This request might be from an older or newer deployment.
Read more: https://nextjs.org/docs/messages/failed-to-find-server-action
    at ignore-listed frames
 POST /_next/rsc 404 in 247ms (compile: 2ms, render: 245ms)
Error: Failed to find Server Action "x". This request might be from an older or newer deployment.
Read more: https://nextjs.org/docs/messages/failed-to-find-server-action
    at ignore-listed frames
 POST /_next/server-components 404 in 263ms (compile: 2ms, render: 261ms)
Error: Failed to find Server Action "x". This request might be from an older or newer deployment.
Read more: https://nextjs.org/docs/messages/failed-to-find-server-action
    at ignore-listed frames
 POST /_next/data 404 in 262ms (compile: 3ms, render: 259ms)
Error: Failed to find Server Action "x". This request might be from an older or newer deployment.
Read more: https://nextjs.org/docs/messages/failed-to-find-server-action
    at ignore-listed frames
 POST /_next/refresh 404 in 236ms (compile: 2ms, render: 234ms)
Error: Failed to find Server Action "x". This request might be from an older or newer deployment.
Read more: https://nextjs.org/docs/messages/failed-to-find-server-action
    at ignore-listed frames
 POST /_next/redirect 404 in 236ms (compile: 3ms, render: 233ms)
Error: Failed to find Server Action "x". This request might be from an older or newer deployment.
Read more: https://nextjs.org/docs/messages/failed-to-find-server-action
    at ignore-listed frames
 POST /_next/turbopack/flight 404 in 222ms (compile: 2ms, render: 220ms)
Error: Failed to find Server Action "x". This request might be from an older or newer deployment.
Read more: https://nextjs.org/docs/messages/failed-to-find-server-action
    at ignore-listed frames
 POST /_next/webpack-hmr 404 in 269ms (compile: 2ms, render: 267ms)
Error: Failed to find Server Action "x". This request might be from an older or newer deployment.
Read more: https://nextjs.org/docs/messages/failed-to-find-server-action
    at ignore-listed frames
 POST /_next/server-actions 404 in 229ms (compile: 3ms, render: 226ms)
Error: Failed to find Server Action "x". This request might be from an older or newer deployment.
Read more: https://nextjs.org/docs/messages/failed-to-find-server-action
    at ignore-listed frames
 POST /_react/flight 404 in 260ms (compile: 2ms, render: 257ms)
Error: Failed to find Server Action "x". This request might be from an older or newer deployment.
Read more: https://nextjs.org/docs/messages/failed-to-find-server-action
    at ignore-listed frames
 POST /_next/flight 404 in 319ms (compile: 3ms, render: 316ms)
Error: Failed to find Server Action "x". This request might be from an older or newer deployment.
Read more: https://nextjs.org/docs/messages/failed-to-find-server-action
    at ignore-listed frames
 POST /_next/static 404 in 214ms (compile: 2ms, render: 212ms)
Error: Failed to find Server Action "x". This request might be from an older or newer deployment.
Read more: https://nextjs.org/docs/messages/failed-to-find-server-action
    at ignore-listed frames
 POST /_next/server 404 in 213ms (compile: 2ms, render: 210ms)
Error: Failed to find Server Action "x". This request might be from an older or newer deployment.
Read more: https://nextjs.org/docs/messages/failed-to-find-server-action
    at ignore-listed frames
 POST /_next/server/pages 404 in 223ms (compile: 2ms, render: 221ms)
Error: Failed to find Server Action "x". This request might be from an older or newer deployment.
Read more: https://nextjs.org/docs/messages/failed-to-find-server-action
    at ignore-listed frames
 POST /_next/server/chunks 404 in 234ms (compile: 2ms, render: 232ms)
Error: Failed to find Server Action "x". This request might be from an older or newer deployment.
Read more: https://nextjs.org/docs/messages/failed-to-find-server-action
    at ignore-listed frames
 POST /_next/server/app 404 in 246ms (compile: 3ms, render: 243ms)
Error: Failed to find Server Action "x". This request might be from an older or newer deployment.
Read more: https://nextjs.org/docs/messages/failed-to-find-server-action
    at ignore-listed frames
 POST /_next/server/chunks/ssr 404 in 227ms (compile: 3ms, render: 224ms)
Error: Failed to find Server Action "x". This request might be from an older or newer deployment.
Read more: https://nextjs.org/docs/messages/failed-to-find-server-action
    at ignore-listed frames
 POST /_next/revalidate 404 in 305ms (compile: 3ms, render: 302ms)
Error: Failed to find Server Action "x". This request might be from an older or newer deployment.
Read more: https://nextjs.org/docs/messages/failed-to-find-server-action
    at ignore-listed frames
 POST /_rsc 404 in 222ms (compile: 3ms, render: 219ms)
Error: Failed to find Server Action "x". This request might be from an older or newer deployment.
Read more: https://nextjs.org/docs/messages/failed-to-find-server-action
    at ignore-listed frames
 POST /?_rsc=x 404 in 247ms (compile: 4ms, render: 243ms)
Error: Failed to find Server Action "x". This request might be from an older or newer deployment.
Read more: https://nextjs.org/docs/messages/failed-to-find-server-action
    at ignore-listed frames
 POST /?__flight__=1 404 in 251ms (compile: 3ms, render: 248ms)
Error: Failed to find Server Action "x". This request might be from an older or newer deployment.
Read more: https://nextjs.org/docs/messages/failed-to-find-server-action
    at ignore-listed frames
 POST /_react_server 404 in 245ms (compile: 3ms, render: 242ms)
Error: Failed to find Server Action "x". This request might be from an older or newer deployment.
Read more: https://nextjs.org/docs/messages/failed-to-find-server-action
    at ignore-listed frames
 POST /apps 404 in 214ms (compile: 3ms, render: 211ms)
Error: Failed to find Server Action "x". This request might be from an older or newer deployment.
Read more: https://nextjs.org/docs/messages/failed-to-find-server-action
    at ignore-listed frames
 POST /sigin 404 in 225ms (compile: 3ms, render: 221ms)
Error: Failed to find Server Action "x". This request might be from an older or newer deployment.
Read more: https://nextjs.org/docs/messages/failed-to-find-server-action
    at ignore-listed frames
 POST / 404 in 247ms (compile: 3ms, render: 243ms)
Error: Failed to find Server Action "x". This request might be from an older or newer deployment.
Read more: https://nextjs.org/docs/messages/failed-to-find-server-action
    at ignore-listed frames
 POST /_next/on-demand-entries-ping 404 in 450ms (compile: 14ms, render: 436ms)
Error: Failed to find Server Action "x". This request might be from an older or newer deployment.
Read more: https://nextjs.org/docs/messages/failed-to-find-server-action
    at ignore-listed frames
 POST /_next/on-demand-entries-ping 404 in 244ms (compile: 3ms, render: 241ms)
Error: Failed to find Server Action "x". This request might be from an older or newer deployment.
Read more: https://nextjs.org/docs/messages/failed-to-find-server-action
    at ignore-listed frames
 POST /_next/rsc 404 in 250ms (compile: 3ms, render: 247ms)
Error: Failed to find Server Action "x". This request might be from an older or newer deployment.
Read more: https://nextjs.org/docs/messages/failed-to-find-server-action
    at ignore-listed frames
 POST /_next/rsc 404 in 278ms (compile: 3ms, render: 276ms)
Error: Failed to find Server Action "x". This request might be from an older or newer deployment.
Read more: https://nextjs.org/docs/messages/failed-to-find-server-action
    at ignore-listed frames
 POST /_next/server-components 404 in 270ms (compile: 3ms, render: 267ms)
Error: Failed to find Server Action "x". This request might be from an older or newer deployment.
Read more: https://nextjs.org/docs/messages/failed-to-find-server-action
    at ignore-listed frames
 POST /_next/server-components 404 in 242ms (compile: 3ms, render: 239ms)
Error: Failed to find Server Action "x". This request might be from an older or newer deployment.
Read more: https://nextjs.org/docs/messages/failed-to-find-server-action
    at ignore-listed frames
 POST /_next/data 404 in 313ms (compile: 5ms, render: 308ms)
Error: Failed to find Server Action "x". This request might be from an older or newer deployment.
Read more: https://nextjs.org/docs/messages/failed-to-find-server-action
    at ignore-listed frames
 POST /_next/data 404 in 236ms (compile: 3ms, render: 233ms)
Error: Failed to find Server Action "x". This request might be from an older or newer deployment.
Read more: https://nextjs.org/docs/messages/failed-to-find-server-action
    at ignore-listed frames
 POST /_next/refresh 404 in 245ms (compile: 3ms, render: 242ms)
Error: Failed to find Server Action "x". This request might be from an older or newer deployment.
Read more: https://nextjs.org/docs/messages/failed-to-find-server-action
    at ignore-listed frames
 POST /_next/refresh 404 in 241ms (compile: 3ms, render: 238ms)
Error: Failed to find Server Action "x". This request might be from an older or newer deployment.
Read more: https://nextjs.org/docs/messages/failed-to-find-server-action
    at ignore-listed frames
 POST /_next/redirect 404 in 215ms (compile: 2ms, render: 213ms)
Error: Failed to find Server Action "x". This request might be from an older or newer deployment.
Read more: https://nextjs.org/docs/messages/failed-to-find-server-action
    at ignore-listed frames
 POST /_next/redirect 404 in 312ms (compile: 2ms, render: 310ms)
Error: Failed to find Server Action "x". This request might be from an older or newer deployment.
Read more: https://nextjs.org/docs/messages/failed-to-find-server-action
    at ignore-listed frames
 POST /_next/turbopack/flight 404 in 229ms (compile: 3ms, render: 226ms)
Error: Failed to find Server Action "x". This request might be from an older or newer deployment.
Read more: https://nextjs.org/docs/messages/failed-to-find-server-action
    at ignore-listed frames
 POST /_next/turbopack/flight 404 in 257ms (compile: 3ms, render: 255ms)
Error: Failed to find Server Action "x". This request might be from an older or newer deployment.
Read more: https://nextjs.org/docs/messages/failed-to-find-server-action
    at ignore-listed frames
 POST /_next/webpack-hmr 404 in 238ms (compile: 6ms, render: 232ms)
Error: Failed to find Server Action "x". This request might be from an older or newer deployment.
Read more: https://nextjs.org/docs/messages/failed-to-find-server-action
    at ignore-listed frames
 POST /_next/webpack-hmr 404 in 215ms (compile: 2ms, render: 212ms)
Error: Failed to find Server Action "x". This request might be from an older or newer deployment.
Read more: https://nextjs.org/docs/messages/failed-to-find-server-action
    at ignore-listed frames
 POST /_next/server-actions 404 in 287ms (compile: 2ms, render: 284ms)
Error: Failed to find Server Action "x". This request might be from an older or newer deployment.
Read more: https://nextjs.org/docs/messages/failed-to-find-server-action
    at ignore-listed frames
 POST /_next/server-actions 404 in 249ms (compile: 4ms, render: 245ms)
Error: Failed to find Server Action "x". This request might be from an older or newer deployment.
Read more: https://nextjs.org/docs/messages/failed-to-find-server-action
    at ignore-listed frames
 POST /_react/flight 404 in 247ms (compile: 3ms, render: 245ms)
Error: Failed to find Server Action "x". This request might be from an older or newer deployment.
Read more: https://nextjs.org/docs/messages/failed-to-find-server-action
    at ignore-listed frames
 POST /_react/flight 404 in 233ms (compile: 2ms, render: 230ms)
Error: Failed to find Server Action "x". This request might be from an older or newer deployment.
Read more: https://nextjs.org/docs/messages/failed-to-find-server-action
    at ignore-listed frames
 POST /_next/flight 404 in 233ms (compile: 2ms, render: 231ms)
Error: Failed to find Server Action "x". This request might be from an older or newer deployment.
Read more: https://nextjs.org/docs/messages/failed-to-find-server-action
    at ignore-listed frames
 POST /_next/flight 404 in 329ms (compile: 2ms, render: 327ms)
Error: Failed to find Server Action "x". This request might be from an older or newer deployment.
Read more: https://nextjs.org/docs/messages/failed-to-find-server-action
    at ignore-listed frames
 POST /_next/static 404 in 221ms (compile: 3ms, render: 218ms)
Error: Failed to find Server Action "x". This request might be from an older or newer deployment.
Read more: https://nextjs.org/docs/messages/failed-to-find-server-action
    at ignore-listed frames
 POST /_next/static 404 in 247ms (compile: 2ms, render: 245ms)
Error: Failed to find Server Action "x". This request might be from an older or newer deployment.
Read more: https://nextjs.org/docs/messages/failed-to-find-server-action
    at ignore-listed frames
 POST /_next/server 404 in 242ms (compile: 3ms, render: 240ms)
Error: Failed to find Server Action "x". This request might be from an older or newer deployment.
Read more: https://nextjs.org/docs/messages/failed-to-find-server-action
    at ignore-listed frames
 POST /_next/server 404 in 222ms (compile: 2ms, render: 220ms)
Error: Failed to find Server Action "x". This request might be from an older or newer deployment.
Read more: https://nextjs.org/docs/messages/failed-to-find-server-action
    at ignore-listed frames
 POST /_next/server/pages 404 in 287ms (compile: 3ms, render: 284ms)
Error: Failed to find Server Action "x". This request might be from an older or newer deployment.
Read more: https://nextjs.org/docs/messages/failed-to-find-server-action
    at ignore-listed frames
 POST /_next/server/pages 404 in 229ms (compile: 2ms, render: 226ms)
Error: Failed to find Server Action "x". This request might be from an older or newer deployment.
Read more: https://nextjs.org/docs/messages/failed-to-find-server-action
    at ignore-listed frames
 POST /_next/server/chunks 404 in 244ms (compile: 3ms, render: 241ms)
Error: Failed to find Server Action "x". This request might be from an older or newer deployment.
Read more: https://nextjs.org/docs/messages/failed-to-find-server-action
    at ignore-listed frames
 POST /_next/server/chunks 404 in 240ms (compile: 3ms, render: 237ms)
Error: Failed to find Server Action "x". This request might be from an older or newer deployment.
Read more: https://nextjs.org/docs/messages/failed-to-find-server-action
    at ignore-listed frames
 POST /_next/server/app 404 in 216ms (compile: 2ms, render: 213ms)
Error: Failed to find Server Action "x". This request might be from an older or newer deployment.
Read more: https://nextjs.org/docs/messages/failed-to-find-server-action
    at ignore-listed frames
 POST /_next/server/app 404 in 278ms (compile: 3ms, render: 275ms)
Error: Failed to find Server Action "x". This request might be from an older or newer deployment.
Read more: https://nextjs.org/docs/messages/failed-to-find-server-action
    at ignore-listed frames
 POST /_next/server/chunks/ssr 404 in 252ms (compile: 3ms, render: 249ms)
Error: Failed to find Server Action "x". This request might be from an older or newer deployment.
Read more: https://nextjs.org/docs/messages/failed-to-find-server-action
    at ignore-listed frames
 POST /_next/server/chunks/ssr 404 in 294ms (compile: 3ms, render: 291ms)
Error: Failed to find Server Action "x". This request might be from an older or newer deployment.
Read more: https://nextjs.org/docs/messages/failed-to-find-server-action
    at ignore-listed frames
 POST /_next/revalidate 404 in 292ms (compile: 4ms, render: 289ms)
Error: Failed to find Server Action "x". This request might be from an older or newer deployment.
Read more: https://nextjs.org/docs/messages/failed-to-find-server-action
    at ignore-listed frames
 POST /_next/revalidate 404 in 212ms (compile: 3ms, render: 209ms)
Error: Failed to find Server Action "x". This request might be from an older or newer deployment.
Read more: https://nextjs.org/docs/messages/failed-to-find-server-action
    at ignore-listed frames
 POST /_rsc 404 in 266ms (compile: 2ms, render: 264ms)
Error: Failed to find Server Action "x". This request might be from an older or newer deployment.
Read more: https://nextjs.org/docs/messages/failed-to-find-server-action
    at ignore-listed frames
 POST /_rsc 404 in 231ms (compile: 2ms, render: 229ms)
Error: Failed to find Server Action "x". This request might be from an older or newer deployment.
Read more: https://nextjs.org/docs/messages/failed-to-find-server-action
    at ignore-listed frames
 POST /_react_server 404 in 272ms (compile: 3ms, render: 269ms)
Error: Failed to find Server Action "x". This request might be from an older or newer deployment.
Read more: https://nextjs.org/docs/messages/failed-to-find-server-action
    at ignore-listed frames
 POST /_react_server 404 in 272ms (compile: 3ms, render: 269ms)
Error: Failed to find Server Action "x". This request might be from an older or newer deployment.
Read more: https://nextjs.org/docs/messages/failed-to-find-server-action
    at ignore-listed frames
 POST /apps 404 in 226ms (compile: 3ms, render: 224ms)
Error: Failed to find Server Action "x". This request might be from an older or newer deployment.
Read more: https://nextjs.org/docs/messages/failed-to-find-server-action
    at ignore-listed frames
 POST /apps 404 in 219ms (compile: 3ms, render: 216ms)
Error: Failed to find Server Action "x". This request might be from an older or newer deployment.
Read more: https://nextjs.org/docs/messages/failed-to-find-server-action
    at ignore-listed frames
 POST /sigin 404 in 243ms (compile: 3ms, render: 241ms)
Error: Failed to find Server Action "x". This request might be from an older or newer deployment.
Read more: https://nextjs.org/docs/messages/failed-to-find-server-action
    at ignore-listed frames
 POST /sigin 404 in 244ms (compile: 2ms, render: 242ms)
Error: Failed to find Server Action "x". This request might be from an older or newer deployment.
Read more: https://nextjs.org/docs/messages/failed-to-find-server-action
    at ignore-listed frames
 POST / 404 in 249ms (compile: 7ms, render: 243ms)
Error: Failed to find Server Action "x". This request might be from an older or newer deployment.
Read more: https://nextjs.org/docs/messages/failed-to-find-server-action
    at ignore-listed frames
 POST / 404 in 223ms (compile: 3ms, render: 220ms)
Error: Failed to find Server Action "x". This request might be from an older or newer deployment.
Read more: https://nextjs.org/docs/messages/failed-to-find-server-action
    at ignore-listed frames
 POST /_next/on-demand-entries-ping 404 in 276ms (compile: 2ms, render: 273ms)
Error: Failed to find Server Action "x". This request might be from an older or newer deployment.
Read more: https://nextjs.org/docs/messages/failed-to-find-server-action
    at ignore-listed frames
 POST /_next/rsc 404 in 235ms (compile: 3ms, render: 232ms)
Error: Failed to find Server Action "x". This request might be from an older or newer deployment.
Read more: https://nextjs.org/docs/messages/failed-to-find-server-action
    at ignore-listed frames
 POST /_next/server-components 404 in 244ms (compile: 3ms, render: 242ms)
Error: Failed to find Server Action "x". This request might be from an older or newer deployment.
Read more: https://nextjs.org/docs/messages/failed-to-find-server-action
    at ignore-listed frames
 POST /_next/data 404 in 233ms (compile: 2ms, render: 231ms)
Error: Failed to find Server Action "x". This request might be from an older or newer deployment.
Read more: https://nextjs.org/docs/messages/failed-to-find-server-action
    at ignore-listed frames
 POST /_next/refresh 404 in 217ms (compile: 2ms, render: 215ms)
Error: Failed to find Server Action "x". This request might be from an older or newer deployment.
Read more: https://nextjs.org/docs/messages/failed-to-find-server-action
    at ignore-listed frames
 POST /_next/redirect 404 in 222ms (compile: 2ms, render: 220ms)
Error: Failed to find Server Action "x". This request might be from an older or newer deployment.
Read more: https://nextjs.org/docs/messages/failed-to-find-server-action
    at ignore-listed frames
 POST /_next/turbopack/flight 404 in 253ms (compile: 3ms, render: 250ms)
Error: Failed to find Server Action "x". This request might be from an older or newer deployment.
Read more: https://nextjs.org/docs/messages/failed-to-find-server-action
    at ignore-listed frames
 POST /_next/webpack-hmr 404 in 246ms (compile: 3ms, render: 244ms)
Error: Failed to find Server Action "x". This request might be from an older or newer deployment.
Read more: https://nextjs.org/docs/messages/failed-to-find-server-action
    at ignore-listed frames
 POST /_next/server-actions 404 in 236ms (compile: 3ms, render: 234ms)
Error: Failed to find Server Action "x". This request might be from an older or newer deployment.
Read more: https://nextjs.org/docs/messages/failed-to-find-server-action
    at ignore-listed frames
 POST /_react/flight 404 in 216ms (compile: 2ms, render: 214ms)
Error: Failed to find Server Action "x". This request might be from an older or newer deployment.
Read more: https://nextjs.org/docs/messages/failed-to-find-server-action
    at ignore-listed frames
 POST /_next/flight 404 in 265ms (compile: 2ms, render: 262ms)
Error: Failed to find Server Action "x". This request might be from an older or newer deployment.
Read more: https://nextjs.org/docs/messages/failed-to-find-server-action
    at ignore-listed frames
 POST /_next/static 404 in 231ms (compile: 2ms, render: 229ms)
Error: Failed to find Server Action "x". This request might be from an older or newer deployment.
Read more: https://nextjs.org/docs/messages/failed-to-find-server-action
    at ignore-listed frames
 POST /_next/server 404 in 244ms (compile: 3ms, render: 242ms)
Error: Failed to find Server Action "x". This request might be from an older or newer deployment.
Read more: https://nextjs.org/docs/messages/failed-to-find-server-action
    at ignore-listed frames
 POST /_next/server/pages 404 in 239ms (compile: 2ms, render: 236ms)
Error: Failed to find Server Action "x". This request might be from an older or newer deployment.
Read more: https://nextjs.org/docs/messages/failed-to-find-server-action
    at ignore-listed frames
 POST /_next/server/chunks 404 in 223ms (compile: 2ms, render: 220ms)
Error: Failed to find Server Action "x". This request might be from an older or newer deployment.
Read more: https://nextjs.org/docs/messages/failed-to-find-server-action
    at ignore-listed frames
 POST /_next/server/app 404 in 241ms (compile: 2ms, render: 238ms)
Error: Failed to find Server Action "x". This request might be from an older or newer deployment.
Read more: https://nextjs.org/docs/messages/failed-to-find-server-action
    at ignore-listed frames
 POST /_next/server/chunks/ssr 404 in 245ms (compile: 3ms, render: 242ms)
Error: Failed to find Server Action "x". This request might be from an older or newer deployment.
Read more: https://nextjs.org/docs/messages/failed-to-find-server-action
    at ignore-listed frames
 POST /_next/revalidate 404 in 255ms (compile: 2ms, render: 253ms)
Error: Failed to find Server Action "x". This request might be from an older or newer deployment.
Read more: https://nextjs.org/docs/messages/failed-to-find-server-action
    at ignore-listed frames
 POST /_rsc 404 in 247ms (compile: 3ms, render: 244ms)
Error: Failed to find Server Action "x". This request might be from an older or newer deployment.
Read more: https://nextjs.org/docs/messages/failed-to-find-server-action
    at ignore-listed frames
 POST /__rsc 404 in 219ms (compile: 3ms, render: 215ms)
Error: Failed to find Server Action "x". This request might be from an older or newer deployment.
Read more: https://nextjs.org/docs/messages/failed-to-find-server-action
    at ignore-listed frames
 POST /?_rsc=x 404 in 281ms (compile: 4ms, render: 277ms)
Error: Failed to find Server Action "x". This request might be from an older or newer deployment.
Read more: https://nextjs.org/docs/messages/failed-to-find-server-action
    at ignore-listed frames
 POST /?__flight__=1 404 in 220ms (compile: 4ms, render: 216ms)
Error: Failed to find Server Action "x". This request might be from an older or newer deployment.
Read more: https://nextjs.org/docs/messages/failed-to-find-server-action
    at ignore-listed frames
 POST /_react_server 404 in 232ms (compile: 3ms, render: 229ms)
Error: Failed to find Server Action "x". This request might be from an older or newer deployment.
Read more: https://nextjs.org/docs/messages/failed-to-find-server-action
    at ignore-listed frames
 POST /apps 404 in 242ms (compile: 2ms, render: 240ms)
Error: Failed to find Server Action "x". This request might be from an older or newer deployment.
Read more: https://nextjs.org/docs/messages/failed-to-find-server-action
    at ignore-listed frames
 POST /sigin 404 in 252ms (compile: 3ms, render: 249ms)
Error: Failed to find Server Action "x". This request might be from an older or newer deployment.
Read more: https://nextjs.org/docs/messages/failed-to-find-server-action
    at ignore-listed frames
 POST / 404 in 218ms (compile: 3ms, render: 214ms)
Error: Failed to find Server Action "x". This request might be from an older or newer deployment.
Read more: https://nextjs.org/docs/messages/failed-to-find-server-action
    at ignore-listed frames
 POST /_next/on-demand-entries-ping 404 in 413ms (compile: 4ms, render: 409ms)
Error: Failed to find Server Action "x". This request might be from an older or newer deployment.
Read more: https://nextjs.org/docs/messages/failed-to-find-server-action
    at ignore-listed frames
 POST /_next/on-demand-entries-ping 404 in 232ms (compile: 6ms, render: 226ms)
Error: Failed to find Server Action "x". This request might be from an older or newer deployment.
Read more: https://nextjs.org/docs/messages/failed-to-find-server-action
    at ignore-listed frames
 POST /_next/rsc 404 in 237ms (compile: 3ms, render: 234ms)
Error: Failed to find Server Action "x". This request might be from an older or newer deployment.
Read more: https://nextjs.org/docs/messages/failed-to-find-server-action
    at ignore-listed frames
 POST /_next/rsc 404 in 251ms (compile: 2ms, render: 249ms)
Error: Failed to find Server Action "x". This request might be from an older or newer deployment.
Read more: https://nextjs.org/docs/messages/failed-to-find-server-action
    at ignore-listed frames
 POST /_next/server-components 404 in 240ms (compile: 3ms, render: 238ms)
Error: Failed to find Server Action "x". This request might be from an older or newer deployment.
Read more: https://nextjs.org/docs/messages/failed-to-find-server-action
    at ignore-listed frames
 POST /_next/server-components 404 in 237ms (compile: 3ms, render: 234ms)
Error: Failed to find Server Action "x". This request might be from an older or newer deployment.
Read more: https://nextjs.org/docs/messages/failed-to-find-server-action
    at ignore-listed frames
 POST /_next/data 404 in 286ms (compile: 2ms, render: 283ms)
Error: Failed to find Server Action "x". This request might be from an older or newer deployment.
Read more: https://nextjs.org/docs/messages/failed-to-find-server-action
    at ignore-listed frames
 POST /_next/data 404 in 214ms (compile: 2ms, render: 212ms)
Error: Failed to find Server Action "x". This request might be from an older or newer deployment.
Read more: https://nextjs.org/docs/messages/failed-to-find-server-action
    at ignore-listed frames
 POST /_next/refresh 404 in 269ms (compile: 3ms, render: 266ms)
Error: Failed to find Server Action "x". This request might be from an older or newer deployment.
Read more: https://nextjs.org/docs/messages/failed-to-find-server-action
    at ignore-listed frames
 POST /_next/refresh 404 in 234ms (compile: 3ms, render: 231ms)
Error: Failed to find Server Action "x". This request might be from an older or newer deployment.
Read more: https://nextjs.org/docs/messages/failed-to-find-server-action
    at ignore-listed frames
 POST /_next/redirect 404 in 207ms (compile: 2ms, render: 204ms)
Error: Failed to find Server Action "x". This request might be from an older or newer deployment.
Read more: https://nextjs.org/docs/messages/failed-to-find-server-action
    at ignore-listed frames
 POST /_next/redirect 404 in 294ms (compile: 3ms, render: 291ms)
Error: Failed to find Server Action "x". This request might be from an older or newer deployment.
Read more: https://nextjs.org/docs/messages/failed-to-find-server-action
    at ignore-listed frames
 POST /_next/turbopack/flight 404 in 222ms (compile: 3ms, render: 220ms)
Error: Failed to find Server Action "x". This request might be from an older or newer deployment.
Read more: https://nextjs.org/docs/messages/failed-to-find-server-action
    at ignore-listed frames
 POST /_next/turbopack/flight 404 in 260ms (compile: 3ms, render: 258ms)
Error: Failed to find Server Action "x". This request might be from an older or newer deployment.
Read more: https://nextjs.org/docs/messages/failed-to-find-server-action
    at ignore-listed frames
 POST /_next/webpack-hmr 404 in 238ms (compile: 3ms, render: 236ms)
Error: Failed to find Server Action "x". This request might be from an older or newer deployment.
Read more: https://nextjs.org/docs/messages/failed-to-find-server-action
    at ignore-listed frames
 POST /_next/webpack-hmr 404 in 215ms (compile: 2ms, render: 213ms)
Error: Failed to find Server Action "x". This request might be from an older or newer deployment.
Read more: https://nextjs.org/docs/messages/failed-to-find-server-action
    at ignore-listed frames
 POST /_next/server-actions 404 in 302ms (compile: 3ms, render: 298ms)
Error: Failed to find Server Action "x". This request might be from an older or newer deployment.
Read more: https://nextjs.org/docs/messages/failed-to-find-server-action
    at ignore-listed frames
 POST /_next/server-actions 404 in 227ms (compile: 3ms, render: 224ms)
Error: Failed to find Server Action "x". This request might be from an older or newer deployment.
Read more: https://nextjs.org/docs/messages/failed-to-find-server-action
    at ignore-listed frames
 POST /_react/flight 404 in 242ms (compile: 2ms, render: 240ms)
Error: Failed to find Server Action "x". This request might be from an older or newer deployment.
Read more: https://nextjs.org/docs/messages/failed-to-find-server-action
    at ignore-listed frames
 POST /_react/flight 404 in 241ms (compile: 3ms, render: 238ms)
Error: Failed to find Server Action "x". This request might be from an older or newer deployment.
Read more: https://nextjs.org/docs/messages/failed-to-find-server-action
    at ignore-listed frames
 POST /_next/flight 404 in 219ms (compile: 2ms, render: 216ms)
Error: Failed to find Server Action "x". This request might be from an older or newer deployment.
Read more: https://nextjs.org/docs/messages/failed-to-find-server-action
    at ignore-listed frames
 POST /_next/flight 404 in 277ms (compile: 2ms, render: 275ms)
Error: Failed to find Server Action "x". This request might be from an older or newer deployment.
Read more: https://nextjs.org/docs/messages/failed-to-find-server-action
    at ignore-listed frames
 POST /_next/static 404 in 230ms (compile: 2ms, render: 228ms)
Error: Failed to find Server Action "x". This request might be from an older or newer deployment.
Read more: https://nextjs.org/docs/messages/failed-to-find-server-action
    at ignore-listed frames
 POST /_next/static 404 in 362ms (compile: 2ms, render: 360ms)
Error: Failed to find Server Action "x". This request might be from an older or newer deployment.
Read more: https://nextjs.org/docs/messages/failed-to-find-server-action
    at ignore-listed frames
 POST /_next/server 404 in 254ms (compile: 3ms, render: 251ms)
Error: Failed to find Server Action "x". This request might be from an older or newer deployment.
Read more: https://nextjs.org/docs/messages/failed-to-find-server-action
    at ignore-listed frames
 POST /_next/server 404 in 242ms (compile: 3ms, render: 239ms)
Error: Failed to find Server Action "x". This request might be from an older or newer deployment.
Read more: https://nextjs.org/docs/messages/failed-to-find-server-action
    at ignore-listed frames
 POST /_next/server/pages 404 in 301ms (compile: 3ms, render: 298ms)
Error: Failed to find Server Action "x". This request might be from an older or newer deployment.
Read more: https://nextjs.org/docs/messages/failed-to-find-server-action
    at ignore-listed frames
 POST /_next/server/pages 404 in 256ms (compile: 4ms, render: 252ms)
Error: Failed to find Server Action "x". This request might be from an older or newer deployment.
Read more: https://nextjs.org/docs/messages/failed-to-find-server-action
    at ignore-listed frames
 POST /_next/server/chunks 404 in 266ms (compile: 3ms, render: 263ms)
Error: Failed to find Server Action "x". This request might be from an older or newer deployment.
Read more: https://nextjs.org/docs/messages/failed-to-find-server-action
    at ignore-listed frames
 POST /_next/server/chunks 404 in 326ms (compile: 3ms, render: 323ms)
Error: Failed to find Server Action "x". This request might be from an older or newer deployment.
Read more: https://nextjs.org/docs/messages/failed-to-find-server-action
    at ignore-listed frames
 POST /_next/server/app 404 in 249ms (compile: 3ms, render: 246ms)
Error: Failed to find Server Action "x". This request might be from an older or newer deployment.
Read more: https://nextjs.org/docs/messages/failed-to-find-server-action
    at ignore-listed frames
 POST /_next/server/app 404 in 297ms (compile: 3ms, render: 294ms)
Error: Failed to find Server Action "x". This request might be from an older or newer deployment.
Read more: https://nextjs.org/docs/messages/failed-to-find-server-action
    at ignore-listed frames
 POST /_next/server/chunks/ssr 404 in 301ms (compile: 4ms, render: 297ms)
Error: Failed to find Server Action "x". This request might be from an older or newer deployment.
Read more: https://nextjs.org/docs/messages/failed-to-find-server-action
    at ignore-listed frames
 POST /_next/server/chunks/ssr 404 in 248ms (compile: 3ms, render: 245ms)
Error: Failed to find Server Action "x". This request might be from an older or newer deployment.
Read more: https://nextjs.org/docs/messages/failed-to-find-server-action
    at ignore-listed frames
 POST /_next/revalidate 404 in 269ms (compile: 3ms, render: 266ms)
Error: Failed to find Server Action "x". This request might be from an older or newer deployment.
Read more: https://nextjs.org/docs/messages/failed-to-find-server-action
    at ignore-listed frames
 POST /_next/revalidate 404 in 240ms (compile: 3ms, render: 237ms)
Error: Failed to find Server Action "x". This request might be from an older or newer deployment.
Read more: https://nextjs.org/docs/messages/failed-to-find-server-action
    at ignore-listed frames
 POST /_rsc 404 in 295ms (compile: 3ms, render: 292ms)
Error: Failed to find Server Action "x". This request might be from an older or newer deployment.
Read more: https://nextjs.org/docs/messages/failed-to-find-server-action
    at ignore-listed frames
 POST /_rsc 404 in 250ms (compile: 3ms, render: 247ms)
Error: Failed to find Server Action "x". This request might be from an older or newer deployment.
Read more: https://nextjs.org/docs/messages/failed-to-find-server-action
    at ignore-listed frames
 POST /_react_server 404 in 250ms (compile: 3ms, render: 248ms)
Error: Failed to find Server Action "x". This request might be from an older or newer deployment.
Read more: https://nextjs.org/docs/messages/failed-to-find-server-action
    at ignore-listed frames
 POST /_react_server 404 in 281ms (compile: 3ms, render: 278ms)
Error: Failed to find Server Action "x". This request might be from an older or newer deployment.
Read more: https://nextjs.org/docs/messages/failed-to-find-server-action
    at ignore-listed frames
 POST /apps 404 in 270ms (compile: 3ms, render: 268ms)
Error: Failed to find Server Action "x". This request might be from an older or newer deployment.
Read more: https://nextjs.org/docs/messages/failed-to-find-server-action
    at ignore-listed frames
 POST /apps 404 in 230ms (compile: 4ms, render: 226ms)
Error: Failed to find Server Action "x". This request might be from an older or newer deployment.
Read more: https://nextjs.org/docs/messages/failed-to-find-server-action
    at ignore-listed frames
 POST /sigin 404 in 235ms (compile: 4ms, render: 231ms)
Error: Failed to find Server Action "x". This request might be from an older or newer deployment.
Read more: https://nextjs.org/docs/messages/failed-to-find-server-action
    at ignore-listed frames
 POST /sigin 404 in 246ms (compile: 3ms, render: 242ms)
Error: Failed to find Server Action "x". This request might be from an older or newer deployment.
Read more: https://nextjs.org/docs/messages/failed-to-find-server-action
    at ignore-listed frames
 POST / 404 in 242ms (compile: 7ms, render: 235ms)
Error: Failed to find Server Action "x". This request might be from an older or newer deployment.
Read more: https://nextjs.org/docs/messages/failed-to-find-server-action
    at ignore-listed frames
 POST / 404 in 224ms (compile: 4ms, render: 221ms)
Error: Failed to find Server Action "x". This request might be from an older or newer deployment.
Read more: https://nextjs.org/docs/messages/failed-to-find-server-action
    at ignore-listed frames
 POST /_next/on-demand-entries-ping 404 in 277ms (compile: 4ms, render: 274ms)
Error: Failed to find Server Action "x". This request might be from an older or newer deployment.
Read more: https://nextjs.org/docs/messages/failed-to-find-server-action
    at ignore-listed frames
 POST /_next/rsc 404 in 244ms (compile: 4ms, render: 240ms)
Error: Failed to find Server Action "x". This request might be from an older or newer deployment.
Read more: https://nextjs.org/docs/messages/failed-to-find-server-action
    at ignore-listed frames
 POST /_next/server-components 404 in 242ms (compile: 2ms, render: 239ms)
Error: Failed to find Server Action "x". This request might be from an older or newer deployment.
Read more: https://nextjs.org/docs/messages/failed-to-find-server-action
    at ignore-listed frames
 POST /_next/data 404 in 257ms (compile: 3ms, render: 255ms)
Error: Failed to find Server Action "x". This request might be from an older or newer deployment.
Read more: https://nextjs.org/docs/messages/failed-to-find-server-action
    at ignore-listed frames
 POST /_next/refresh 404 in 271ms (compile: 3ms, render: 268ms)
Error: Failed to find Server Action "x". This request might be from an older or newer deployment.
Read more: https://nextjs.org/docs/messages/failed-to-find-server-action
    at ignore-listed frames
 POST /_next/redirect 404 in 234ms (compile: 3ms, render: 231ms)
Error: Failed to find Server Action "x". This request might be from an older or newer deployment.
Read more: https://nextjs.org/docs/messages/failed-to-find-server-action
    at ignore-listed frames
 POST /_next/turbopack/flight 404 in 233ms (compile: 3ms, render: 230ms)
Error: Failed to find Server Action "x". This request might be from an older or newer deployment.
Read more: https://nextjs.org/docs/messages/failed-to-find-server-action
    at ignore-listed frames
 POST /_next/webpack-hmr 404 in 252ms (compile: 3ms, render: 249ms)
Error: Failed to find Server Action "x". This request might be from an older or newer deployment.
Read more: https://nextjs.org/docs/messages/failed-to-find-server-action
    at ignore-listed frames
 POST /_next/server-actions 404 in 273ms (compile: 3ms, render: 270ms)
Error: Failed to find Server Action "x". This request might be from an older or newer deployment.
Read more: https://nextjs.org/docs/messages/failed-to-find-server-action
    at ignore-listed frames
 POST /_react/flight 404 in 232ms (compile: 3ms, render: 230ms)
Error: Failed to find Server Action "x". This request might be from an older or newer deployment.
Read more: https://nextjs.org/docs/messages/failed-to-find-server-action
    at ignore-listed frames
 POST /_next/flight 404 in 281ms (compile: 3ms, render: 278ms)
Error: Failed to find Server Action "x". This request might be from an older or newer deployment.
Read more: https://nextjs.org/docs/messages/failed-to-find-server-action
    at ignore-listed frames
 POST /_next/static 404 in 268ms (compile: 3ms, render: 265ms)
Error: Failed to find Server Action "x". This request might be from an older or newer deployment.
Read more: https://nextjs.org/docs/messages/failed-to-find-server-action
    at ignore-listed frames
 POST /_next/server 404 in 257ms (compile: 3ms, render: 254ms)
Error: Failed to find Server Action "x". This request might be from an older or newer deployment.
Read more: https://nextjs.org/docs/messages/failed-to-find-server-action
    at ignore-listed frames
 POST /_next/server/pages 404 in 244ms (compile: 3ms, render: 241ms)
Error: Failed to find Server Action "x". This request might be from an older or newer deployment.
Read more: https://nextjs.org/docs/messages/failed-to-find-server-action
    at ignore-listed frames
 POST /_next/server/chunks 404 in 219ms (compile: 3ms, render: 216ms)
Error: Failed to find Server Action "x". This request might be from an older or newer deployment.
Read more: https://nextjs.org/docs/messages/failed-to-find-server-action
    at ignore-listed frames
 POST /_next/server/app 404 in 226ms (compile: 2ms, render: 223ms)
Error: Failed to find Server Action "x". This request might be from an older or newer deployment.
Read more: https://nextjs.org/docs/messages/failed-to-find-server-action
    at ignore-listed frames
 POST /_next/server/chunks/ssr 404 in 215ms (compile: 3ms, render: 213ms)
Error: Failed to find Server Action "x". This request might be from an older or newer deployment.
Read more: https://nextjs.org/docs/messages/failed-to-find-server-action
    at ignore-listed frames
 POST /_next/revalidate 404 in 246ms (compile: 3ms, render: 244ms)
Error: Failed to find Server Action "x". This request might be from an older or newer deployment.
Read more: https://nextjs.org/docs/messages/failed-to-find-server-action
    at ignore-listed frames
 POST /_rsc 404 in 246ms (compile: 3ms, render: 243ms)
Error: Failed to find Server Action "x". This request might be from an older or newer deployment.
Read more: https://nextjs.org/docs/messages/failed-to-find-server-action
    at ignore-listed frames
 POST /__rsc 404 in 215ms (compile: 2ms, render: 212ms)
Error: Failed to find Server Action "x". This request might be from an older or newer deployment.
Read more: https://nextjs.org/docs/messages/failed-to-find-server-action
    at ignore-listed frames
 POST /?_rsc=x 404 in 330ms (compile: 5ms, render: 325ms)
Error: Failed to find Server Action "x". This request might be from an older or newer deployment.
Read more: https://nextjs.org/docs/messages/failed-to-find-server-action
    at ignore-listed frames
 POST /?__flight__=1 404 in 234ms (compile: 4ms, render: 230ms)
Error: Failed to find Server Action "x". This request might be from an older or newer deployment.
Read more: https://nextjs.org/docs/messages/failed-to-find-server-action
    at ignore-listed frames
 POST /_react_server 404 in 254ms (compile: 3ms, render: 251ms)
Error: Failed to find Server Action "x". This request might be from an older or newer deployment.
Read more: https://nextjs.org/docs/messages/failed-to-find-server-action
    at ignore-listed frames
 POST /apps 404 in 264ms (compile: 3ms, render: 261ms)
Error: Failed to find Server Action "x". This request might be from an older or newer deployment.
Read more: https://nextjs.org/docs/messages/failed-to-find-server-action
    at ignore-listed frames
 POST /sigin 404 in 264ms (compile: 3ms, render: 261ms)
Error: Failed to find Server Action "x". This request might be from an older or newer deployment.
Read more: https://nextjs.org/docs/messages/failed-to-find-server-action
    at ignore-listed frames
 POST / 404 in 236ms (compile: 4ms, render: 232ms)
Error: Failed to find Server Action "x". This request might be from an older or newer deployment.
Read more: https://nextjs.org/docs/messages/failed-to-find-server-action
    at ignore-listed frames
 POST / 404 in 412ms (compile: 20ms, render: 392ms)
Error: Failed to find Server Action "x". This request might be from an older or newer deployment.
Read more: https://nextjs.org/docs/messages/failed-to-find-server-action
    at ignore-listed frames
 POST /_next 404 in 244ms (compile: 3ms, render: 240ms)
Error: Failed to find Server Action "x". This request might be from an older or newer deployment.
Read more: https://nextjs.org/docs/messages/failed-to-find-server-action
    at ignore-listed frames
 POST /api 404 in 260ms (compile: 3ms, render: 257ms)
Error: Failed to find Server Action "x". This request might be from an older or newer deployment.
Read more: https://nextjs.org/docs/messages/failed-to-find-server-action
    at ignore-listed frames
 POST /_next/server 404 in 246ms (compile: 3ms, render: 243ms)
Error: Failed to find Server Action "x". This request might be from an older or newer deployment.
Read more: https://nextjs.org/docs/messages/failed-to-find-server-action
    at ignore-listed frames
 POST /app 404 in 284ms (compile: 4ms, render: 280ms)
Error: Failed to find Server Action "x". This request might be from an older or newer deployment.
Read more: https://nextjs.org/docs/messages/failed-to-find-server-action
    at ignore-listed frames
 POST /api/route 404 in 306ms (compile: 4ms, render: 303ms)
Error: Failed to find Server Action "x". This request might be from an older or newer deployment.
Read more: https://nextjs.org/docs/messages/failed-to-find-server-action
    at ignore-listed frames
 POST /_next/on-demand-entries-ping 404 in 259ms (compile: 4ms, render: 255ms)
Error: Failed to find Server Action "x". This request might be from an older or newer deployment.
Read more: https://nextjs.org/docs/messages/failed-to-find-server-action
    at ignore-listed frames
 POST /_next/on-demand-entries-ping 404 in 231ms (compile: 3ms, render: 228ms)
Error: Failed to find Server Action "x". This request might be from an older or newer deployment.
Read more: https://nextjs.org/docs/messages/failed-to-find-server-action
    at ignore-listed frames
 POST /_next/rsc 404 in 302ms (compile: 3ms, render: 299ms)
Error: Failed to find Server Action "x". This request might be from an older or newer deployment.
Read more: https://nextjs.org/docs/messages/failed-to-find-server-action
    at ignore-listed frames
 POST /_next/rsc 404 in 235ms (compile: 3ms, render: 233ms)
Error: Failed to find Server Action "x". This request might be from an older or newer deployment.
Read more: https://nextjs.org/docs/messages/failed-to-find-server-action
    at ignore-listed frames
 POST /_next/server-components 404 in 223ms (compile: 3ms, render: 220ms)
Error: Failed to find Server Action "x". This request might be from an older or newer deployment.
Read more: https://nextjs.org/docs/messages/failed-to-find-server-action
    at ignore-listed frames
 POST /_next/server-components 404 in 288ms (compile: 2ms, render: 285ms)
Error: Failed to find Server Action "x". This request might be from an older or newer deployment.
Read more: https://nextjs.org/docs/messages/failed-to-find-server-action
    at ignore-listed frames
 POST /_next/data 404 in 241ms (compile: 2ms, render: 238ms)
Error: Failed to find Server Action "x". This request might be from an older or newer deployment.
Read more: https://nextjs.org/docs/messages/failed-to-find-server-action
    at ignore-listed frames
 POST /_next/data 404 in 256ms (compile: 3ms, render: 253ms)
Error: Failed to find Server Action "x". This request might be from an older or newer deployment.
Read more: https://nextjs.org/docs/messages/failed-to-find-server-action
    at ignore-listed frames
 POST /_next/refresh 404 in 266ms (compile: 3ms, render: 264ms)
Error: Failed to find Server Action "x". This request might be from an older or newer deployment.
Read more: https://nextjs.org/docs/messages/failed-to-find-server-action
    at ignore-listed frames
 POST /_next/refresh 404 in 262ms (compile: 3ms, render: 259ms)
Error: Failed to find Server Action "x". This request might be from an older or newer deployment.
Read more: https://nextjs.org/docs/messages/failed-to-find-server-action
    at ignore-listed frames
 POST /_next/redirect 404 in 296ms (compile: 3ms, render: 294ms)
Error: Failed to find Server Action "x". This request might be from an older or newer deployment.
Read more: https://nextjs.org/docs/messages/failed-to-find-server-action
    at ignore-listed frames
 POST /_next/redirect 404 in 232ms (compile: 3ms, render: 229ms)
Error: Failed to find Server Action "x". This request might be from an older or newer deployment.
Read more: https://nextjs.org/docs/messages/failed-to-find-server-action
    at ignore-listed frames
 POST /_next/turbopack/flight 404 in 247ms (compile: 3ms, render: 245ms)
Error: Failed to find Server Action "x". This request might be from an older or newer deployment.
Read more: https://nextjs.org/docs/messages/failed-to-find-server-action
    at ignore-listed frames
 POST /_next/turbopack/flight 404 in 246ms (compile: 3ms, render: 243ms)
Error: Failed to find Server Action "x". This request might be from an older or newer deployment.
Read more: https://nextjs.org/docs/messages/failed-to-find-server-action
    at ignore-listed frames
 POST /_next/webpack-hmr 404 in 236ms (compile: 3ms, render: 233ms)
Error: Failed to find Server Action "x". This request might be from an older or newer deployment.
Read more: https://nextjs.org/docs/messages/failed-to-find-server-action
    at ignore-listed frames
 POST /_next/webpack-hmr 404 in 304ms (compile: 5ms, render: 299ms)
Error: Failed to find Server Action "x". This request might be from an older or newer deployment.
Read more: https://nextjs.org/docs/messages/failed-to-find-server-action
    at ignore-listed frames
 POST /_next/server-actions 404 in 225ms (compile: 2ms, render: 223ms)
Error: Failed to find Server Action "x". This request might be from an older or newer deployment.
Read more: https://nextjs.org/docs/messages/failed-to-find-server-action
    at ignore-listed frames
 POST /_next/server-actions 404 in 257ms (compile: 3ms, render: 254ms)
Error: Failed to find Server Action "x". This request might be from an older or newer deployment.
Read more: https://nextjs.org/docs/messages/failed-to-find-server-action
    at ignore-listed frames
 POST /_react/flight 404 in 279ms (compile: 3ms, render: 277ms)
Error: Failed to find Server Action "x". This request might be from an older or newer deployment.
Read more: https://nextjs.org/docs/messages/failed-to-find-server-action
    at ignore-listed frames
 POST /_react/flight 404 in 229ms (compile: 3ms, render: 226ms)
Error: Failed to find Server Action "x". This request might be from an older or newer deployment.
Read more: https://nextjs.org/docs/messages/failed-to-find-server-action
    at ignore-listed frames
 POST /_next/flight 404 in 294ms (compile: 3ms, render: 291ms)
Error: Failed to find Server Action "x". This request might be from an older or newer deployment.
Read more: https://nextjs.org/docs/messages/failed-to-find-server-action
    at ignore-listed frames
 POST /_next/flight 404 in 234ms (compile: 2ms, render: 232ms)
Error: Failed to find Server Action "x". This request might be from an older or newer deployment.
Read more: https://nextjs.org/docs/messages/failed-to-find-server-action
    at ignore-listed frames
 POST /_next/static 404 in 253ms (compile: 3ms, render: 250ms)
Error: Failed to find Server Action "x". This request might be from an older or newer deployment.
Read more: https://nextjs.org/docs/messages/failed-to-find-server-action
    at ignore-listed frames
 POST /_next/static 404 in 255ms (compile: 3ms, render: 252ms)
Error: Failed to find Server Action "x". This request might be from an older or newer deployment.
Read more: https://nextjs.org/docs/messages/failed-to-find-server-action
    at ignore-listed frames
 POST /_next/server 404 in 224ms (compile: 3ms, render: 222ms)
Error: Failed to find Server Action "x". This request might be from an older or newer deployment.
Read more: https://nextjs.org/docs/messages/failed-to-find-server-action
    at ignore-listed frames
 POST /_next/server 404 in 281ms (compile: 3ms, render: 278ms)
Error: Failed to find Server Action "x". This request might be from an older or newer deployment.
Read more: https://nextjs.org/docs/messages/failed-to-find-server-action
    at ignore-listed frames
 POST /_next/server/pages 404 in 226ms (compile: 2ms, render: 223ms)
Error: Failed to find Server Action "x". This request might be from an older or newer deployment.
Read more: https://nextjs.org/docs/messages/failed-to-find-server-action
    at ignore-listed frames
 POST /_next/server/pages 404 in 257ms (compile: 3ms, render: 254ms)
Error: Failed to find Server Action "x". This request might be from an older or newer deployment.
Read more: https://nextjs.org/docs/messages/failed-to-find-server-action
    at ignore-listed frames
 POST /_next/server/chunks 404 in 302ms (compile: 3ms, render: 299ms)
Error: Failed to find Server Action "x". This request might be from an older or newer deployment.
Read more: https://nextjs.org/docs/messages/failed-to-find-server-action
    at ignore-listed frames
 POST /_next/server/chunks 404 in 244ms (compile: 3ms, render: 242ms)
Error: Failed to find Server Action "x". This request might be from an older or newer deployment.
Read more: https://nextjs.org/docs/messages/failed-to-find-server-action
    at ignore-listed frames
 POST /_next/server/app 404 in 267ms (compile: 2ms, render: 265ms)
Error: Failed to find Server Action "x". This request might be from an older or newer deployment.
Read more: https://nextjs.org/docs/messages/failed-to-find-server-action
    at ignore-listed frames
 POST /_next/server/app 404 in 232ms (compile: 2ms, render: 229ms)
Error: Failed to find Server Action "x". This request might be from an older or newer deployment.
Read more: https://nextjs.org/docs/messages/failed-to-find-server-action
    at ignore-listed frames
 POST /_next/server/chunks/ssr 404 in 248ms (compile: 3ms, render: 246ms)
Error: Failed to find Server Action "x". This request might be from an older or newer deployment.
Read more: https://nextjs.org/docs/messages/failed-to-find-server-action
    at ignore-listed frames
 POST /_next/server/chunks/ssr 404 in 261ms (compile: 2ms, render: 258ms)
Error: Failed to find Server Action "x". This request might be from an older or newer deployment.
Read more: https://nextjs.org/docs/messages/failed-to-find-server-action
    at ignore-listed frames
 POST /_next/revalidate 404 in 222ms (compile: 2ms, render: 220ms)
Error: Failed to find Server Action "x". This request might be from an older or newer deployment.
Read more: https://nextjs.org/docs/messages/failed-to-find-server-action
    at ignore-listed frames
 POST /_next/revalidate 404 in 231ms (compile: 3ms, render: 228ms)
Error: Failed to find Server Action "x". This request might be from an older or newer deployment.
Read more: https://nextjs.org/docs/messages/failed-to-find-server-action
    at ignore-listed frames
 POST /_rsc 404 in 226ms (compile: 3ms, render: 223ms)
Error: Failed to find Server Action "x". This request might be from an older or newer deployment.
Read more: https://nextjs.org/docs/messages/failed-to-find-server-action
    at ignore-listed frames
 POST /_rsc 404 in 284ms (compile: 3ms, render: 281ms)
Error: Failed to find Server Action "x". This request might be from an older or newer deployment.
Read more: https://nextjs.org/docs/messages/failed-to-find-server-action
    at ignore-listed frames
 POST /_react_server 404 in 242ms (compile: 3ms, render: 239ms)
Error: Failed to find Server Action "x". This request might be from an older or newer deployment.
Read more: https://nextjs.org/docs/messages/failed-to-find-server-action
    at ignore-listed frames
 POST /_react_server 404 in 249ms (compile: 4ms, render: 245ms)
Error: Failed to find Server Action "x". This request might be from an older or newer deployment.
Read more: https://nextjs.org/docs/messages/failed-to-find-server-action
    at ignore-listed frames
 POST /apps 404 in 284ms (compile: 3ms, render: 281ms)
Error: Failed to find Server Action "x". This request might be from an older or newer deployment.
Read more: https://nextjs.org/docs/messages/failed-to-find-server-action
    at ignore-listed frames
 POST /apps 404 in 233ms (compile: 3ms, render: 231ms)
Error: Failed to find Server Action "x". This request might be from an older or newer deployment.
Read more: https://nextjs.org/docs/messages/failed-to-find-server-action
    at ignore-listed frames
 POST /sigin 404 in 249ms (compile: 3ms, render: 246ms)
Error: Failed to find Server Action "x". This request might be from an older or newer deployment.
Read more: https://nextjs.org/docs/messages/failed-to-find-server-action
    at ignore-listed frames
 POST /sigin 404 in 259ms (compile: 3ms, render: 256ms)
Error: Failed to find Server Action "x". This request might be from an older or newer deployment.
Read more: https://nextjs.org/docs/messages/failed-to-find-server-action
    at ignore-listed frames
 POST / 404 in 239ms (compile: 3ms, render: 236ms)
Error: Failed to find Server Action "x". This request might be from an older or newer deployment.
Read more: https://nextjs.org/docs/messages/failed-to-find-server-action
    at ignore-listed frames
 POST / 404 in 227ms (compile: 3ms, render: 224ms)
Error: Failed to find Server Action "x". This request might be from an older or newer deployment.
Read more: https://nextjs.org/docs/messages/failed-to-find-server-action
    at ignore-listed frames
 POST /_next/on-demand-entries-ping 404 in 234ms (compile: 3ms, render: 231ms)
Error: Failed to find Server Action "x". This request might be from an older or newer deployment.
Read more: https://nextjs.org/docs/messages/failed-to-find-server-action
    at ignore-listed frames
 POST /_next/rsc 404 in 245ms (compile: 2ms, render: 242ms)
Error: Failed to find Server Action "x". This request might be from an older or newer deployment.
Read more: https://nextjs.org/docs/messages/failed-to-find-server-action
    at ignore-listed frames
 POST /_next/server-components 404 in 250ms (compile: 3ms, render: 247ms)
Error: Failed to find Server Action "x". This request might be from an older or newer deployment.
Read more: https://nextjs.org/docs/messages/failed-to-find-server-action
    at ignore-listed frames
 POST /_next/data 404 in 238ms (compile: 3ms, render: 234ms)
Error: Failed to find Server Action "x". This request might be from an older or newer deployment.
Read more: https://nextjs.org/docs/messages/failed-to-find-server-action
    at ignore-listed frames
 POST /_next/refresh 404 in 274ms (compile: 3ms, render: 272ms)
Error: Failed to find Server Action "x". This request might be from an older or newer deployment.
Read more: https://nextjs.org/docs/messages/failed-to-find-server-action
    at ignore-listed frames
 POST /_next/redirect 404 in 257ms (compile: 3ms, render: 255ms)
Error: Failed to find Server Action "x". This request might be from an older or newer deployment.
Read more: https://nextjs.org/docs/messages/failed-to-find-server-action
    at ignore-listed frames
 POST /_next/turbopack/flight 404 in 254ms (compile: 3ms, render: 251ms)
Error: Failed to find Server Action "x". This request might be from an older or newer deployment.
Read more: https://nextjs.org/docs/messages/failed-to-find-server-action
    at ignore-listed frames
 POST /_next/webpack-hmr 404 in 279ms (compile: 7ms, render: 273ms)
Error: Failed to find Server Action "x". This request might be from an older or newer deployment.
Read more: https://nextjs.org/docs/messages/failed-to-find-server-action
    at ignore-listed frames
 POST /_next/server-actions 404 in 229ms (compile: 3ms, render: 226ms)
Error: Failed to find Server Action "x". This request might be from an older or newer deployment.
Read more: https://nextjs.org/docs/messages/failed-to-find-server-action
    at ignore-listed frames
 POST /_react/flight 404 in 233ms (compile: 2ms, render: 230ms)
Error: Failed to find Server Action "x". This request might be from an older or newer deployment.
Read more: https://nextjs.org/docs/messages/failed-to-find-server-action
    at ignore-listed frames
 POST /_next/flight 404 in 217ms (compile: 2ms, render: 215ms)
Error: Failed to find Server Action "x". This request might be from an older or newer deployment.
Read more: https://nextjs.org/docs/messages/failed-to-find-server-action
    at ignore-listed frames
 POST /_next/static 404 in 249ms (compile: 2ms, render: 246ms)
Error: Failed to find Server Action "x". This request might be from an older or newer deployment.
Read more: https://nextjs.org/docs/messages/failed-to-find-server-action
    at ignore-listed frames
 POST /_next/server 404 in 242ms (compile: 3ms, render: 239ms)
Error: Failed to find Server Action "x". This request might be from an older or newer deployment.
Read more: https://nextjs.org/docs/messages/failed-to-find-server-action
    at ignore-listed frames
 POST /_next/server/pages 404 in 250ms (compile: 3ms, render: 248ms)
Error: Failed to find Server Action "x". This request might be from an older or newer deployment.
Read more: https://nextjs.org/docs/messages/failed-to-find-server-action
    at ignore-listed frames
 POST /_next/server/chunks 404 in 280ms (compile: 3ms, render: 277ms)
Error: Failed to find Server Action "x". This request might be from an older or newer deployment.
Read more: https://nextjs.org/docs/messages/failed-to-find-server-action
    at ignore-listed frames
 POST /_next/server/app 404 in 224ms (compile: 2ms, render: 222ms)
Error: Failed to find Server Action "x". This request might be from an older or newer deployment.
Read more: https://nextjs.org/docs/messages/failed-to-find-server-action
    at ignore-listed frames
 POST /_next/server/chunks/ssr 404 in 253ms (compile: 3ms, render: 250ms)
Error: Failed to find Server Action "x". This request might be from an older or newer deployment.
Read more: https://nextjs.org/docs/messages/failed-to-find-server-action
    at ignore-listed frames
 POST /_next/revalidate 404 in 250ms (compile: 3ms, render: 247ms)
Error: Failed to find Server Action "x". This request might be from an older or newer deployment.
Read more: https://nextjs.org/docs/messages/failed-to-find-server-action
    at ignore-listed frames
 POST /_rsc 404 in 220ms (compile: 3ms, render: 217ms)
Error: Failed to find Server Action "x". This request might be from an older or newer deployment.
Read more: https://nextjs.org/docs/messages/failed-to-find-server-action
    at ignore-listed frames
 POST /__rsc 404 in 239ms (compile: 3ms, render: 237ms)
Error: Failed to find Server Action "x". This request might be from an older or newer deployment.
Read more: https://nextjs.org/docs/messages/failed-to-find-server-action
    at ignore-listed frames
 POST /?_rsc=x 404 in 236ms (compile: 4ms, render: 232ms)
Error: Failed to find Server Action "x". This request might be from an older or newer deployment.
Read more: https://nextjs.org/docs/messages/failed-to-find-server-action
    at ignore-listed frames
 POST /?__flight__=1 404 in 245ms (compile: 3ms, render: 241ms)
Error: Failed to find Server Action "x". This request might be from an older or newer deployment.
Read more: https://nextjs.org/docs/messages/failed-to-find-server-action
    at ignore-listed frames
 POST /_react_server 404 in 259ms (compile: 3ms, render: 256ms)
Error: Failed to find Server Action "x". This request might be from an older or newer deployment.
Read more: https://nextjs.org/docs/messages/failed-to-find-server-action
    at ignore-listed frames
 POST /apps 404 in 223ms (compile: 2ms, render: 220ms)
Error: Failed to find Server Action "x". This request might be from an older or newer deployment.
Read more: https://nextjs.org/docs/messages/failed-to-find-server-action
    at ignore-listed frames
 POST /sigin 404 in 284ms (compile: 3ms, render: 282ms)
Error: Failed to find Server Action "x". This request might be from an older or newer deployment.
Read more: https://nextjs.org/docs/messages/failed-to-find-server-action
    at ignore-listed frames
 POST / 404 in 216ms (compile: 3ms, render: 213ms)
Error: Failed to find Server Action "x". This request might be from an older or newer deployment.
Read more: https://nextjs.org/docs/messages/failed-to-find-server-action
    at ignore-listed frames
 POST /_next/on-demand-entries-ping 404 in 394ms (compile: 6ms, render: 388ms)
Error: Failed to find Server Action "x". This request might be from an older or newer deployment.
Read more: https://nextjs.org/docs/messages/failed-to-find-server-action
    at ignore-listed frames
 POST /_next/on-demand-entries-ping 404 in 240ms (compile: 3ms, render: 236ms)
Error: Failed to find Server Action "x". This request might be from an older or newer deployment.
Read more: https://nextjs.org/docs/messages/failed-to-find-server-action
    at ignore-listed frames
 POST /_next/rsc 404 in 241ms (compile: 3ms, render: 238ms)
Error: Failed to find Server Action "x". This request might be from an older or newer deployment.
Read more: https://nextjs.org/docs/messages/failed-to-find-server-action
    at ignore-listed frames
 POST /_next/rsc 404 in 277ms (compile: 3ms, render: 273ms)
Error: Failed to find Server Action "x". This request might be from an older or newer deployment.
Read more: https://nextjs.org/docs/messages/failed-to-find-server-action
    at ignore-listed frames
 POST /_next/server-components 404 in 247ms (compile: 3ms, render: 244ms)
Error: Failed to find Server Action "x". This request might be from an older or newer deployment.
Read more: https://nextjs.org/docs/messages/failed-to-find-server-action
    at ignore-listed frames
 POST /_next/server-components 404 in 241ms (compile: 3ms, render: 238ms)
Error: Failed to find Server Action "x". This request might be from an older or newer deployment.
Read more: https://nextjs.org/docs/messages/failed-to-find-server-action
    at ignore-listed frames
 POST /_next/data 404 in 291ms (compile: 2ms, render: 289ms)
Error: Failed to find Server Action "x". This request might be from an older or newer deployment.
Read more: https://nextjs.org/docs/messages/failed-to-find-server-action
    at ignore-listed frames
 POST /_next/data 404 in 238ms (compile: 3ms, render: 235ms)
Error: Failed to find Server Action "x". This request might be from an older or newer deployment.
Read more: https://nextjs.org/docs/messages/failed-to-find-server-action
    at ignore-listed frames
 POST /_next/refresh 404 in 254ms (compile: 3ms, render: 251ms)
Error: Failed to find Server Action "x". This request might be from an older or newer deployment.
Read more: https://nextjs.org/docs/messages/failed-to-find-server-action
    at ignore-listed frames
 POST /_next/refresh 404 in 246ms (compile: 3ms, render: 243ms)
Error: Failed to find Server Action "x". This request might be from an older or newer deployment.
Read more: https://nextjs.org/docs/messages/failed-to-find-server-action
    at ignore-listed frames
 POST /_next/redirect 404 in 233ms (compile: 3ms, render: 230ms)
Error: Failed to find Server Action "x". This request might be from an older or newer deployment.
Read more: https://nextjs.org/docs/messages/failed-to-find-server-action
    at ignore-listed frames
 POST /_next/redirect 404 in 290ms (compile: 3ms, render: 288ms)
Error: Failed to find Server Action "x". This request might be from an older or newer deployment.
Read more: https://nextjs.org/docs/messages/failed-to-find-server-action
    at ignore-listed frames
 POST /_next/turbopack/flight 404 in 236ms (compile: 2ms, render: 233ms)
Error: Failed to find Server Action "x". This request might be from an older or newer deployment.
Read more: https://nextjs.org/docs/messages/failed-to-find-server-action
    at ignore-listed frames
 POST /_next/turbopack/flight 404 in 261ms (compile: 3ms, render: 258ms)
Error: Failed to find Server Action "x". This request might be from an older or newer deployment.
Read more: https://nextjs.org/docs/messages/failed-to-find-server-action
    at ignore-listed frames
 POST /_next/webpack-hmr 404 in 268ms (compile: 3ms, render: 265ms)
Error: Failed to find Server Action "x". This request might be from an older or newer deployment.
Read more: https://nextjs.org/docs/messages/failed-to-find-server-action
    at ignore-listed frames
 POST /_next/webpack-hmr 404 in 236ms (compile: 3ms, render: 233ms)
Error: Failed to find Server Action "x". This request might be from an older or newer deployment.
Read more: https://nextjs.org/docs/messages/failed-to-find-server-action
    at ignore-listed frames
 POST /_next/server-actions 404 in 284ms (compile: 3ms, render: 282ms)
Error: Failed to find Server Action "x". This request might be from an older or newer deployment.
Read more: https://nextjs.org/docs/messages/failed-to-find-server-action
    at ignore-listed frames
 POST /_next/server-actions 404 in 234ms (compile: 2ms, render: 232ms)
Error: Failed to find Server Action "x". This request might be from an older or newer deployment.
Read more: https://nextjs.org/docs/messages/failed-to-find-server-action
    at ignore-listed frames
 POST /_react/flight 404 in 247ms (compile: 2ms, render: 244ms)
Error: Failed to find Server Action "x". This request might be from an older or newer deployment.
Read more: https://nextjs.org/docs/messages/failed-to-find-server-action
    at ignore-listed frames
 POST /_react/flight 404 in 254ms (compile: 3ms, render: 251ms)
Error: Failed to find Server Action "x". This request might be from an older or newer deployment.
Read more: https://nextjs.org/docs/messages/failed-to-find-server-action
    at ignore-listed frames
 POST /_next/flight 404 in 232ms (compile: 3ms, render: 229ms)
Error: Failed to find Server Action "x". This request might be from an older or newer deployment.
Read more: https://nextjs.org/docs/messages/failed-to-find-server-action
    at ignore-listed frames
 POST /_next/flight 404 in 285ms (compile: 3ms, render: 283ms)
Error: Failed to find Server Action "x". This request might be from an older or newer deployment.
Read more: https://nextjs.org/docs/messages/failed-to-find-server-action
    at ignore-listed frames
 POST /_next/static 404 in 234ms (compile: 3ms, render: 231ms)
Error: Failed to find Server Action "x". This request might be from an older or newer deployment.
Read more: https://nextjs.org/docs/messages/failed-to-find-server-action
    at ignore-listed frames
 POST /_next/static 404 in 246ms (compile: 2ms, render: 244ms)
Error: Failed to find Server Action "x". This request might be from an older or newer deployment.
Read more: https://nextjs.org/docs/messages/failed-to-find-server-action
    at ignore-listed frames
 POST /_next/server 404 in 246ms (compile: 3ms, render: 243ms)
Error: Failed to find Server Action "x". This request might be from an older or newer deployment.
Read more: https://nextjs.org/docs/messages/failed-to-find-server-action
    at ignore-listed frames
 POST /_next/server 404 in 236ms (compile: 3ms, render: 233ms)
Error: Failed to find Server Action "x". This request might be from an older or newer deployment.
Read more: https://nextjs.org/docs/messages/failed-to-find-server-action
    at ignore-listed frames
 POST /_next/server/pages 404 in 355ms (compile: 3ms, render: 352ms)
Error: Failed to find Server Action "x". This request might be from an older or newer deployment.
Read more: https://nextjs.org/docs/messages/failed-to-find-server-action
    at ignore-listed frames
 POST /_next/server/pages 404 in 230ms (compile: 3ms, render: 228ms)
Error: Failed to find Server Action "x". This request might be from an older or newer deployment.
Read more: https://nextjs.org/docs/messages/failed-to-find-server-action
    at ignore-listed frames
 POST /_next/server/chunks 404 in 252ms (compile: 3ms, render: 249ms)
Error: Failed to find Server Action "x". This request might be from an older or newer deployment.
Read more: https://nextjs.org/docs/messages/failed-to-find-server-action
    at ignore-listed frames
 POST /_next/server/chunks 404 in 240ms (compile: 3ms, render: 237ms)
Error: Failed to find Server Action "x". This request might be from an older or newer deployment.
Read more: https://nextjs.org/docs/messages/failed-to-find-server-action
    at ignore-listed frames
 POST /_next/server/app 404 in 236ms (compile: 3ms, render: 233ms)
Error: Failed to find Server Action "x". This request might be from an older or newer deployment.
Read more: https://nextjs.org/docs/messages/failed-to-find-server-action
    at ignore-listed frames
 POST /_next/server/app 404 in 278ms (compile: 2ms, render: 276ms)
Error: Failed to find Server Action "x". This request might be from an older or newer deployment.
Read more: https://nextjs.org/docs/messages/failed-to-find-server-action
    at ignore-listed frames
 POST /_next/server/chunks/ssr 404 in 237ms (compile: 3ms, render: 235ms)
Error: Failed to find Server Action "x". This request might be from an older or newer deployment.
Read more: https://nextjs.org/docs/messages/failed-to-find-server-action
    at ignore-listed frames
 POST /_next/server/chunks/ssr 404 in 254ms (compile: 3ms, render: 251ms)
Error: Failed to find Server Action "x". This request might be from an older or newer deployment.
Read more: https://nextjs.org/docs/messages/failed-to-find-server-action
    at ignore-listed frames
 POST /_next/revalidate 404 in 261ms (compile: 3ms, render: 258ms)
Error: Failed to find Server Action "x". This request might be from an older or newer deployment.
Read more: https://nextjs.org/docs/messages/failed-to-find-server-action
    at ignore-listed frames
 POST /_next/revalidate 404 in 229ms (compile: 3ms, render: 226ms)
Error: Failed to find Server Action "x". This request might be from an older or newer deployment.
Read more: https://nextjs.org/docs/messages/failed-to-find-server-action
    at ignore-listed frames
 POST /_rsc 404 in 290ms (compile: 3ms, render: 288ms)
Error: Failed to find Server Action "x". This request might be from an older or newer deployment.
Read more: https://nextjs.org/docs/messages/failed-to-find-server-action
    at ignore-listed frames
 POST /_rsc 404 in 250ms (compile: 3ms, render: 248ms)
Error: Failed to find Server Action "x". This request might be from an older or newer deployment.
Read more: https://nextjs.org/docs/messages/failed-to-find-server-action
    at ignore-listed frames
 POST /_react_server 404 in 261ms (compile: 3ms, render: 258ms)
Error: Failed to find Server Action "x". This request might be from an older or newer deployment.
Read more: https://nextjs.org/docs/messages/failed-to-find-server-action
    at ignore-listed frames
 POST /_react_server 404 in 266ms (compile: 3ms, render: 263ms)
Error: Failed to find Server Action "x". This request might be from an older or newer deployment.
Read more: https://nextjs.org/docs/messages/failed-to-find-server-action
    at ignore-listed frames
 POST /apps 404 in 237ms (compile: 3ms, render: 234ms)
Error: Failed to find Server Action "x". This request might be from an older or newer deployment.
Read more: https://nextjs.org/docs/messages/failed-to-find-server-action
    at ignore-listed frames
 POST /apps 404 in 216ms (compile: 3ms, render: 214ms)
Error: Failed to find Server Action "x". This request might be from an older or newer deployment.
Read more: https://nextjs.org/docs/messages/failed-to-find-server-action
    at ignore-listed frames
 POST /sigin 404 in 232ms (compile: 3ms, render: 229ms)
Error: Failed to find Server Action "x". This request might be from an older or newer deployment.
Read more: https://nextjs.org/docs/messages/failed-to-find-server-action
    at ignore-listed frames
 POST /sigin 404 in 290ms (compile: 3ms, render: 287ms)
Error: Failed to find Server Action "x". This request might be from an older or newer deployment.
Read more: https://nextjs.org/docs/messages/failed-to-find-server-action
    at ignore-listed frames
 POST / 404 in 249ms (compile: 8ms, render: 241ms)
Error: Failed to find Server Action "x". This request might be from an older or newer deployment.
Read more: https://nextjs.org/docs/messages/failed-to-find-server-action
    at ignore-listed frames
 POST / 404 in 227ms (compile: 4ms, render: 223ms)
Error: Failed to find Server Action "x". This request might be from an older or newer deployment.
Read more: https://nextjs.org/docs/messages/failed-to-find-server-action
    at ignore-listed frames
 POST /_next/on-demand-entries-ping 404 in 284ms (compile: 3ms, render: 281ms)
Error: Failed to find Server Action "x". This request might be from an older or newer deployment.
Read more: https://nextjs.org/docs/messages/failed-to-find-server-action
    at ignore-listed frames
 POST /_next/rsc 404 in 248ms (compile: 2ms, render: 246ms)
Error: Failed to find Server Action "x". This request might be from an older or newer deployment.
Read more: https://nextjs.org/docs/messages/failed-to-find-server-action
    at ignore-listed frames
 POST /_next/server-components 404 in 266ms (compile: 2ms, render: 264ms)
Error: Failed to find Server Action "x". This request might be from an older or newer deployment.
Read more: https://nextjs.org/docs/messages/failed-to-find-server-action
    at ignore-listed frames
 POST /_next/data 404 in 250ms (compile: 2ms, render: 247ms)
Error: Failed to find Server Action "x". This request might be from an older or newer deployment.
Read more: https://nextjs.org/docs/messages/failed-to-find-server-action
    at ignore-listed frames
 POST /_next/refresh 404 in 250ms (compile: 3ms, render: 247ms)
Error: Failed to find Server Action "x". This request might be from an older or newer deployment.
Read more: https://nextjs.org/docs/messages/failed-to-find-server-action
    at ignore-listed frames
 POST /_next/redirect 404 in 235ms (compile: 3ms, render: 232ms)
Error: Failed to find Server Action "x". This request might be from an older or newer deployment.
Read more: https://nextjs.org/docs/messages/failed-to-find-server-action
    at ignore-listed frames
 POST /_next/turbopack/flight 404 in 241ms (compile: 2ms, render: 239ms)
Error: Failed to find Server Action "x". This request might be from an older or newer deployment.
Read more: https://nextjs.org/docs/messages/failed-to-find-server-action
    at ignore-listed frames
 POST /_next/webpack-hmr 404 in 254ms (compile: 3ms, render: 251ms)
Error: Failed to find Server Action "x". This request might be from an older or newer deployment.
Read more: https://nextjs.org/docs/messages/failed-to-find-server-action
    at ignore-listed frames
 POST /_next/server-actions 404 in 254ms (compile: 3ms, render: 251ms)
Error: Failed to find Server Action "x". This request might be from an older or newer deployment.
Read more: https://nextjs.org/docs/messages/failed-to-find-server-action
    at ignore-listed frames
 POST /_react/flight 404 in 220ms (compile: 2ms, render: 218ms)
Error: Failed to find Server Action "x". This request might be from an older or newer deployment.
Read more: https://nextjs.org/docs/messages/failed-to-find-server-action
    at ignore-listed frames
 POST /_next/flight 404 in 300ms (compile: 3ms, render: 298ms)
Error: Failed to find Server Action "x". This request might be from an older or newer deployment.
Read more: https://nextjs.org/docs/messages/failed-to-find-server-action
    at ignore-listed frames
 POST /_next/static 404 in 247ms (compile: 3ms, render: 244ms)
Error: Failed to find Server Action "x". This request might be from an older or newer deployment.
Read more: https://nextjs.org/docs/messages/failed-to-find-server-action
    at ignore-listed frames
 POST /_next/server 404 in 247ms (compile: 2ms, render: 244ms)
Error: Failed to find Server Action "x". This request might be from an older or newer deployment.
Read more: https://nextjs.org/docs/messages/failed-to-find-server-action
    at ignore-listed frames
 POST /_next/server/pages 404 in 250ms (compile: 2ms, render: 248ms)
Error: Failed to find Server Action "x". This request might be from an older or newer deployment.
Read more: https://nextjs.org/docs/messages/failed-to-find-server-action
    at ignore-listed frames
 POST /_next/server/chunks 404 in 258ms (compile: 3ms, render: 254ms)
Error: Failed to find Server Action "x". This request might be from an older or newer deployment.
Read more: https://nextjs.org/docs/messages/failed-to-find-server-action
    at ignore-listed frames
 POST /_next/server/app 404 in 226ms (compile: 3ms, render: 223ms)
Error: Failed to find Server Action "x". This request might be from an older or newer deployment.
Read more: https://nextjs.org/docs/messages/failed-to-find-server-action
    at ignore-listed frames
 POST /_next/server/chunks/ssr 404 in 230ms (compile: 3ms, render: 228ms)
Error: Failed to find Server Action "x". This request might be from an older or newer deployment.
Read more: https://nextjs.org/docs/messages/failed-to-find-server-action
    at ignore-listed frames
 POST /_next/revalidate 404 in 236ms (compile: 3ms, render: 233ms)
Error: Failed to find Server Action "x". This request might be from an older or newer deployment.
Read more: https://nextjs.org/docs/messages/failed-to-find-server-action
    at ignore-listed frames
 POST /_rsc 404 in 242ms (compile: 3ms, render: 239ms)
Error: Failed to find Server Action "x". This request might be from an older or newer deployment.
Read more: https://nextjs.org/docs/messages/failed-to-find-server-action
    at ignore-listed frames
 POST /__rsc 404 in 229ms (compile: 3ms, render: 226ms)
Error: Failed to find Server Action "x". This request might be from an older or newer deployment.
Read more: https://nextjs.org/docs/messages/failed-to-find-server-action
    at ignore-listed frames
 POST /?_rsc=x 404 in 284ms (compile: 4ms, render: 280ms)
Error: Failed to find Server Action "x". This request might be from an older or newer deployment.
Read more: https://nextjs.org/docs/messages/failed-to-find-server-action
    at ignore-listed frames
 POST /?__flight__=1 404 in 226ms (compile: 3ms, render: 223ms)
Error: Failed to find Server Action "x". This request might be from an older or newer deployment.
Read more: https://nextjs.org/docs/messages/failed-to-find-server-action
    at ignore-listed frames
 POST /_react_server 404 in 234ms (compile: 3ms, render: 232ms)
Error: Failed to find Server Action "x". This request might be from an older or newer deployment.
Read more: https://nextjs.org/docs/messages/failed-to-find-server-action
    at ignore-listed frames
 POST /apps 404 in 262ms (compile: 3ms, render: 260ms)
Error: Failed to find Server Action "x". This request might be from an older or newer deployment.
Read more: https://nextjs.org/docs/messages/failed-to-find-server-action
    at ignore-listed frames
 POST /sigin 404 in 272ms (compile: 3ms, render: 270ms)
Error: Failed to find Server Action "x". This request might be from an older or newer deployment.
Read more: https://nextjs.org/docs/messages/failed-to-find-server-action
    at ignore-listed frames
 POST / 404 in 231ms (compile: 4ms, render: 227ms)
Error: Failed to find Server Action "x". This request might be from an older or newer deployment.
Read more: https://nextjs.org/docs/messages/failed-to-find-server-action
    at ignore-listed frames
 POST /_next/on-demand-entries-ping 404 in 413ms (compile: 5ms, render: 408ms)
Error: Failed to find Server Action "x". This request might be from an older or newer deployment.
Read more: https://nextjs.org/docs/messages/failed-to-find-server-action
    at ignore-listed frames
 POST /_next/on-demand-entries-ping 404 in 255ms (compile: 3ms, render: 252ms)
Error: Failed to find Server Action "x". This request might be from an older or newer deployment.
Read more: https://nextjs.org/docs/messages/failed-to-find-server-action
    at ignore-listed frames
 POST /_next/rsc 404 in 241ms (compile: 3ms, render: 238ms)
Error: Failed to find Server Action "x". This request might be from an older or newer deployment.
Read more: https://nextjs.org/docs/messages/failed-to-find-server-action
    at ignore-listed frames
 POST /_next/rsc 404 in 296ms (compile: 3ms, render: 293ms)
Error: Failed to find Server Action "x". This request might be from an older or newer deployment.
Read more: https://nextjs.org/docs/messages/failed-to-find-server-action
    at ignore-listed frames
 POST /_next/server-components 404 in 238ms (compile: 3ms, render: 235ms)
Error: Failed to find Server Action "x". This request might be from an older or newer deployment.
Read more: https://nextjs.org/docs/messages/failed-to-find-server-action
    at ignore-listed frames
 POST /_next/server-components 404 in 230ms (compile: 2ms, render: 228ms)
Error: Failed to find Server Action "x". This request might be from an older or newer deployment.
Read more: https://nextjs.org/docs/messages/failed-to-find-server-action
    at ignore-listed frames
 POST /_next/data 404 in 286ms (compile: 3ms, render: 283ms)
Error: Failed to find Server Action "x". This request might be from an older or newer deployment.
Read more: https://nextjs.org/docs/messages/failed-to-find-server-action
    at ignore-listed frames
 POST /_next/data 404 in 242ms (compile: 3ms, render: 240ms)
Error: Failed to find Server Action "x". This request might be from an older or newer deployment.
Read more: https://nextjs.org/docs/messages/failed-to-find-server-action
    at ignore-listed frames
 POST /_next/refresh 404 in 249ms (compile: 2ms, render: 246ms)
Error: Failed to find Server Action "x". This request might be from an older or newer deployment.
Read more: https://nextjs.org/docs/messages/failed-to-find-server-action
    at ignore-listed frames
 POST /_next/refresh 404 in 233ms (compile: 3ms, render: 230ms)
Error: Failed to find Server Action "x". This request might be from an older or newer deployment.
Read more: https://nextjs.org/docs/messages/failed-to-find-server-action
    at ignore-listed frames
 POST /_next/redirect 404 in 233ms (compile: 3ms, render: 231ms)
Error: Failed to find Server Action "x". This request might be from an older or newer deployment.
Read more: https://nextjs.org/docs/messages/failed-to-find-server-action
    at ignore-listed frames
 POST /_next/redirect 404 in 323ms (compile: 3ms, render: 320ms)
Error: Failed to find Server Action "x". This request might be from an older or newer deployment.
Read more: https://nextjs.org/docs/messages/failed-to-find-server-action
    at ignore-listed frames
 POST /_next/turbopack/flight 404 in 241ms (compile: 3ms, render: 238ms)
Error: Failed to find Server Action "x". This request might be from an older or newer deployment.
Read more: https://nextjs.org/docs/messages/failed-to-find-server-action
    at ignore-listed frames
 POST /_next/turbopack/flight 404 in 247ms (compile: 3ms, render: 244ms)
Error: Failed to find Server Action "x". This request might be from an older or newer deployment.
Read more: https://nextjs.org/docs/messages/failed-to-find-server-action
    at ignore-listed frames
 POST /_next/webpack-hmr 404 in 247ms (compile: 3ms, render: 244ms)
Error: Failed to find Server Action "x". This request might be from an older or newer deployment.
Read more: https://nextjs.org/docs/messages/failed-to-find-server-action
    at ignore-listed frames
 POST /_next/webpack-hmr 404 in 227ms (compile: 3ms, render: 224ms)
Error: Failed to find Server Action "x". This request might be from an older or newer deployment.
Read more: https://nextjs.org/docs/messages/failed-to-find-server-action
    at ignore-listed frames
 POST /_next/server-actions 404 in 283ms (compile: 2ms, render: 280ms)
Error: Failed to find Server Action "x". This request might be from an older or newer deployment.
Read more: https://nextjs.org/docs/messages/failed-to-find-server-action
    at ignore-listed frames
 POST /_next/server-actions 404 in 234ms (compile: 2ms, render: 231ms)
Error: Failed to find Server Action "x". This request might be from an older or newer deployment.
Read more: https://nextjs.org/docs/messages/failed-to-find-server-action
    at ignore-listed frames
 POST /_react/flight 404 in 240ms (compile: 3ms, render: 237ms)
Error: Failed to find Server Action "x". This request might be from an older or newer deployment.
Read more: https://nextjs.org/docs/messages/failed-to-find-server-action
    at ignore-listed frames
 POST /_react/flight 404 in 235ms (compile: 3ms, render: 233ms)
Error: Failed to find Server Action "x". This request might be from an older or newer deployment.
Read more: https://nextjs.org/docs/messages/failed-to-find-server-action
    at ignore-listed frames
 POST /_next/flight 404 in 230ms (compile: 3ms, render: 227ms)
Error: Failed to find Server Action "x". This request might be from an older or newer deployment.
Read more: https://nextjs.org/docs/messages/failed-to-find-server-action
    at ignore-listed frames
 POST /_next/flight 404 in 281ms (compile: 2ms, render: 278ms)
Error: Failed to find Server Action "x". This request might be from an older or newer deployment.
Read more: https://nextjs.org/docs/messages/failed-to-find-server-action
    at ignore-listed frames
 POST /_next/static 404 in 231ms (compile: 2ms, render: 229ms)
Error: Failed to find Server Action "x". This request might be from an older or newer deployment.
Read more: https://nextjs.org/docs/messages/failed-to-find-server-action
    at ignore-listed frames
 POST /_next/static 404 in 253ms (compile: 3ms, render: 250ms)
Error: Failed to find Server Action "x". This request might be from an older or newer deployment.
Read more: https://nextjs.org/docs/messages/failed-to-find-server-action
    at ignore-listed frames
 POST /_next/server 404 in 242ms (compile: 3ms, render: 239ms)
Error: Failed to find Server Action "x". This request might be from an older or newer deployment.
Read more: https://nextjs.org/docs/messages/failed-to-find-server-action
    at ignore-listed frames
 POST /_next/server 404 in 227ms (compile: 3ms, render: 224ms)
Error: Failed to find Server Action "x". This request might be from an older or newer deployment.
Read more: https://nextjs.org/docs/messages/failed-to-find-server-action
    at ignore-listed frames
 POST /_next/server/pages 404 in 285ms (compile: 3ms, render: 283ms)
Error: Failed to find Server Action "x". This request might be from an older or newer deployment.
Read more: https://nextjs.org/docs/messages/failed-to-find-server-action
    at ignore-listed frames
 POST /_next/server/pages 404 in 244ms (compile: 3ms, render: 242ms)
Error: Failed to find Server Action "x". This request might be from an older or newer deployment.
Read more: https://nextjs.org/docs/messages/failed-to-find-server-action
    at ignore-listed frames
 POST /_next/server/chunks 404 in 247ms (compile: 3ms, render: 244ms)
Error: Failed to find Server Action "x". This request might be from an older or newer deployment.
Read more: https://nextjs.org/docs/messages/failed-to-find-server-action
    at ignore-listed frames
 POST /_next/server/chunks 404 in 240ms (compile: 3ms, render: 237ms)
Error: Failed to find Server Action "x". This request might be from an older or newer deployment.
Read more: https://nextjs.org/docs/messages/failed-to-find-server-action
    at ignore-listed frames
 POST /_next/server/app 404 in 226ms (compile: 3ms, render: 223ms)
Error: Failed to find Server Action "x". This request might be from an older or newer deployment.
Read more: https://nextjs.org/docs/messages/failed-to-find-server-action
    at ignore-listed frames
 POST /_next/server/app 404 in 269ms (compile: 3ms, render: 266ms)
Error: Failed to find Server Action "x". This request might be from an older or newer deployment.
Read more: https://nextjs.org/docs/messages/failed-to-find-server-action
    at ignore-listed frames
 POST /_next/server/chunks/ssr 404 in 234ms (compile: 2ms, render: 231ms)
Error: Failed to find Server Action "x". This request might be from an older or newer deployment.
Read more: https://nextjs.org/docs/messages/failed-to-find-server-action
    at ignore-listed frames
 POST /_next/server/chunks/ssr 404 in 261ms (compile: 3ms, render: 258ms)
Error: Failed to find Server Action "x". This request might be from an older or newer deployment.
Read more: https://nextjs.org/docs/messages/failed-to-find-server-action
    at ignore-listed frames
 POST /_next/revalidate 404 in 244ms (compile: 3ms, render: 242ms)
Error: Failed to find Server Action "x". This request might be from an older or newer deployment.
Read more: https://nextjs.org/docs/messages/failed-to-find-server-action
    at ignore-listed frames
 POST /_next/revalidate 404 in 226ms (compile: 2ms, render: 223ms)
Error: Failed to find Server Action "x". This request might be from an older or newer deployment.
Read more: https://nextjs.org/docs/messages/failed-to-find-server-action
    at ignore-listed frames
 POST /_rsc 404 in 304ms (compile: 3ms, render: 301ms)
Error: Failed to find Server Action "x". This request might be from an older or newer deployment.
Read more: https://nextjs.org/docs/messages/failed-to-find-server-action
    at ignore-listed frames
 POST /_rsc 404 in 243ms (compile: 4ms, render: 240ms)
Error: Failed to find Server Action "x". This request might be from an older or newer deployment.
Read more: https://nextjs.org/docs/messages/failed-to-find-server-action
    at ignore-listed frames
 POST /_react_server 404 in 246ms (compile: 3ms, render: 243ms)
Error: Failed to find Server Action "x". This request might be from an older or newer deployment.
Read more: https://nextjs.org/docs/messages/failed-to-find-server-action
    at ignore-listed frames
 POST /_react_server 404 in 288ms (compile: 3ms, render: 285ms)
Error: Failed to find Server Action "x". This request might be from an older or newer deployment.
Read more: https://nextjs.org/docs/messages/failed-to-find-server-action
    at ignore-listed frames
 POST /apps 404 in 226ms (compile: 3ms, render: 223ms)
Error: Failed to find Server Action "x". This request might be from an older or newer deployment.
Read more: https://nextjs.org/docs/messages/failed-to-find-server-action
    at ignore-listed frames
 POST /apps 404 in 236ms (compile: 3ms, render: 233ms)
Error: Failed to find Server Action "x". This request might be from an older or newer deployment.
Read more: https://nextjs.org/docs/messages/failed-to-find-server-action
    at ignore-listed frames
 POST /sigin 404 in 222ms (compile: 4ms, render: 219ms)
Error: Failed to find Server Action "x". This request might be from an older or newer deployment.
Read more: https://nextjs.org/docs/messages/failed-to-find-server-action
    at ignore-listed frames
 POST /sigin 404 in 270ms (compile: 3ms, render: 267ms)
Error: Failed to find Server Action "x". This request might be from an older or newer deployment.
Read more: https://nextjs.org/docs/messages/failed-to-find-server-action
    at ignore-listed frames
 POST / 404 in 240ms (compile: 7ms, render: 233ms)
Error: Failed to find Server Action "x". This request might be from an older or newer deployment.
Read more: https://nextjs.org/docs/messages/failed-to-find-server-action
    at ignore-listed frames
 POST / 404 in 227ms (compile: 3ms, render: 224ms)
Error: Failed to find Server Action "x". This request might be from an older or newer deployment.
Read more: https://nextjs.org/docs/messages/failed-to-find-server-action
    at ignore-listed frames
 POST /_next/on-demand-entries-ping 404 in 262ms (compile: 3ms, render: 259ms)
Error: Failed to find Server Action "x". This request might be from an older or newer deployment.
Read more: https://nextjs.org/docs/messages/failed-to-find-server-action
    at ignore-listed frames
 POST /_next/rsc 404 in 248ms (compile: 3ms, render: 245ms)
Error: Failed to find Server Action "x". This request might be from an older or newer deployment.
Read more: https://nextjs.org/docs/messages/failed-to-find-server-action
    at ignore-listed frames
 POST /_next/server-components 404 in 247ms (compile: 4ms, render: 243ms)
Error: Failed to find Server Action "x". This request might be from an older or newer deployment.
Read more: https://nextjs.org/docs/messages/failed-to-find-server-action
    at ignore-listed frames
 POST /_next/data 404 in 271ms (compile: 3ms, render: 268ms)
Error: Failed to find Server Action "x". This request might be from an older or newer deployment.
Read more: https://nextjs.org/docs/messages/failed-to-find-server-action
    at ignore-listed frames
 POST /_next/refresh 404 in 239ms (compile: 3ms, render: 237ms)
Error: Failed to find Server Action "x". This request might be from an older or newer deployment.
Read more: https://nextjs.org/docs/messages/failed-to-find-server-action
    at ignore-listed frames
 POST /_next/redirect 404 in 218ms (compile: 3ms, render: 215ms)
Error: Failed to find Server Action "x". This request might be from an older or newer deployment.
Read more: https://nextjs.org/docs/messages/failed-to-find-server-action
    at ignore-listed frames
 POST /_next/turbopack/flight 404 in 223ms (compile: 2ms, render: 221ms)
Error: Failed to find Server Action "x". This request might be from an older or newer deployment.
Read more: https://nextjs.org/docs/messages/failed-to-find-server-action
    at ignore-listed frames
 POST /_next/webpack-hmr 404 in 238ms (compile: 2ms, render: 236ms)
Error: Failed to find Server Action "x". This request might be from an older or newer deployment.
Read more: https://nextjs.org/docs/messages/failed-to-find-server-action
    at ignore-listed frames
 POST /_next/server-actions 404 in 238ms (compile: 3ms, render: 235ms)
Error: Failed to find Server Action "x". This request might be from an older or newer deployment.
Read more: https://nextjs.org/docs/messages/failed-to-find-server-action
    at ignore-listed frames
 POST /_react/flight 404 in 227ms (compile: 2ms, render: 225ms)
Error: Failed to find Server Action "x". This request might be from an older or newer deployment.
Read more: https://nextjs.org/docs/messages/failed-to-find-server-action
    at ignore-listed frames
 POST /_next/flight 404 in 292ms (compile: 3ms, render: 289ms)
Error: Failed to find Server Action "x". This request might be from an older or newer deployment.
Read more: https://nextjs.org/docs/messages/failed-to-find-server-action
    at ignore-listed frames
 POST /_next/static 404 in 228ms (compile: 3ms, render: 225ms)
Error: Failed to find Server Action "x". This request might be from an older or newer deployment.
Read more: https://nextjs.org/docs/messages/failed-to-find-server-action
    at ignore-listed frames
 POST /_next/server 404 in 237ms (compile: 2ms, render: 235ms)
Error: Failed to find Server Action "x". This request might be from an older or newer deployment.
Read more: https://nextjs.org/docs/messages/failed-to-find-server-action
    at ignore-listed frames
 POST /_next/server/pages 404 in 255ms (compile: 2ms, render: 253ms)
Error: Failed to find Server Action "x". This request might be from an older or newer deployment.
Read more: https://nextjs.org/docs/messages/failed-to-find-server-action
    at ignore-listed frames
 POST /_next/server/chunks 404 in 234ms (compile: 2ms, render: 231ms)
Error: Failed to find Server Action "x". This request might be from an older or newer deployment.
Read more: https://nextjs.org/docs/messages/failed-to-find-server-action
    at ignore-listed frames
 POST /_next/server/app 404 in 233ms (compile: 2ms, render: 231ms)
Error: Failed to find Server Action "x". This request might be from an older or newer deployment.
Read more: https://nextjs.org/docs/messages/failed-to-find-server-action
    at ignore-listed frames
 POST /_next/server/chunks/ssr 404 in 242ms (compile: 3ms, render: 240ms)
Error: Failed to find Server Action "x". This request might be from an older or newer deployment.
Read more: https://nextjs.org/docs/messages/failed-to-find-server-action
    at ignore-listed frames
 POST /_next/revalidate 404 in 255ms (compile: 3ms, render: 252ms)
Error: Failed to find Server Action "x". This request might be from an older or newer deployment.
Read more: https://nextjs.org/docs/messages/failed-to-find-server-action
    at ignore-listed frames
 POST /_rsc 404 in 242ms (compile: 3ms, render: 239ms)
Error: Failed to find Server Action "x". This request might be from an older or newer deployment.
Read more: https://nextjs.org/docs/messages/failed-to-find-server-action
    at ignore-listed frames
 POST /__rsc 404 in 229ms (compile: 3ms, render: 226ms)
Error: Failed to find Server Action "x". This request might be from an older or newer deployment.
Read more: https://nextjs.org/docs/messages/failed-to-find-server-action
    at ignore-listed frames
 POST /?_rsc=x 404 in 327ms (compile: 5ms, render: 322ms)
Error: Failed to find Server Action "x". This request might be from an older or newer deployment.
Read more: https://nextjs.org/docs/messages/failed-to-find-server-action
    at ignore-listed frames
 POST /?__flight__=1 404 in 256ms (compile: 5ms, render: 252ms)
Error: Failed to find Server Action "x". This request might be from an older or newer deployment.
Read more: https://nextjs.org/docs/messages/failed-to-find-server-action
    at ignore-listed frames
 POST /_react_server 404 in 238ms (compile: 3ms, render: 235ms)
Error: Failed to find Server Action "x". This request might be from an older or newer deployment.
Read more: https://nextjs.org/docs/messages/failed-to-find-server-action
    at ignore-listed frames
 POST /apps 404 in 253ms (compile: 3ms, render: 250ms)
Error: Failed to find Server Action "x". This request might be from an older or newer deployment.
Read more: https://nextjs.org/docs/messages/failed-to-find-server-action
    at ignore-listed frames
 POST /sigin 404 in 281ms (compile: 3ms, render: 278ms)
Error: Failed to find Server Action "x". This request might be from an older or newer deployment.
Read more: https://nextjs.org/docs/messages/failed-to-find-server-action
    at ignore-listed frames
 POST / 404 in 234ms (compile: 3ms, render: 231ms)
 GET / 200 in 113ms (compile: 21ms, render: 92ms)
Error: Failed to find Server Action "x". This request might be from an older or newer deployment.
Read more: https://nextjs.org/docs/messages/failed-to-find-server-action
    at ignore-listed frames
 POST /_next/on-demand-entries-ping 404 in 389ms (compile: 6ms, render: 383ms)
Error: Failed to find Server Action "x". This request might be from an older or newer deployment.
Read more: https://nextjs.org/docs/messages/failed-to-find-server-action
    at ignore-listed frames
 POST /_next/on-demand-entries-ping 404 in 260ms (compile: 3ms, render: 257ms)
Error: Failed to find Server Action "x". This request might be from an older or newer deployment.
Read more: https://nextjs.org/docs/messages/failed-to-find-server-action
    at ignore-listed frames
 POST /_next/rsc 404 in 246ms (compile: 3ms, render: 243ms)
Error: Failed to find Server Action "x". This request might be from an older or newer deployment.
Read more: https://nextjs.org/docs/messages/failed-to-find-server-action
    at ignore-listed frames
 POST /_next/rsc 404 in 249ms (compile: 3ms, render: 246ms)
Error: Failed to find Server Action "x". This request might be from an older or newer deployment.
Read more: https://nextjs.org/docs/messages/failed-to-find-server-action
    at ignore-listed frames
 POST /_next/server-components 404 in 234ms (compile: 2ms, render: 231ms)
Error: Failed to find Server Action "x". This request might be from an older or newer deployment.
Read more: https://nextjs.org/docs/messages/failed-to-find-server-action
    at ignore-listed frames
 POST /_next/server-components 404 in 292ms (compile: 3ms, render: 289ms)
Error: Failed to find Server Action "x". This request might be from an older or newer deployment.
Read more: https://nextjs.org/docs/messages/failed-to-find-server-action
    at ignore-listed frames
 POST /_next/data 404 in 226ms (compile: 3ms, render: 224ms)
Error: Failed to find Server Action "x". This request might be from an older or newer deployment.
Read more: https://nextjs.org/docs/messages/failed-to-find-server-action
    at ignore-listed frames
 POST /_next/data 404 in 262ms (compile: 2ms, render: 259ms)
Error: Failed to find Server Action "x". This request might be from an older or newer deployment.
Read more: https://nextjs.org/docs/messages/failed-to-find-server-action
    at ignore-listed frames
 POST /_next/refresh 404 in 244ms (compile: 5ms, render: 239ms)
Error: Failed to find Server Action "x". This request might be from an older or newer deployment.
Read more: https://nextjs.org/docs/messages/failed-to-find-server-action
    at ignore-listed frames
 POST /_next/refresh 404 in 215ms (compile: 3ms, render: 212ms)
Error: Failed to find Server Action "x". This request might be from an older or newer deployment.
Read more: https://nextjs.org/docs/messages/failed-to-find-server-action
    at ignore-listed frames
 POST /_next/redirect 404 in 275ms (compile: 2ms, render: 273ms)
Error: Failed to find Server Action "x". This request might be from an older or newer deployment.
Read more: https://nextjs.org/docs/messages/failed-to-find-server-action
    at ignore-listed frames
 POST /_next/redirect 404 in 231ms (compile: 2ms, render: 228ms)
Error: Failed to find Server Action "x". This request might be from an older or newer deployment.
Read more: https://nextjs.org/docs/messages/failed-to-find-server-action
    at ignore-listed frames
 POST /_next/turbopack/flight 404 in 246ms (compile: 2ms, render: 243ms)
Error: Failed to find Server Action "x". This request might be from an older or newer deployment.
Read more: https://nextjs.org/docs/messages/failed-to-find-server-action
    at ignore-listed frames
 POST /_next/turbopack/flight 404 in 232ms (compile: 3ms, render: 230ms)
Error: Failed to find Server Action "x". This request might be from an older or newer deployment.
Read more: https://nextjs.org/docs/messages/failed-to-find-server-action
    at ignore-listed frames
 POST /_next/webpack-hmr 404 in 216ms (compile: 2ms, render: 213ms)
Error: Failed to find Server Action "x". This request might be from an older or newer deployment.
Read more: https://nextjs.org/docs/messages/failed-to-find-server-action
    at ignore-listed frames
 POST /_next/webpack-hmr 404 in 258ms (compile: 2ms, render: 256ms)
Error: Failed to find Server Action "x". This request might be from an older or newer deployment.
Read more: https://nextjs.org/docs/messages/failed-to-find-server-action
    at ignore-listed frames
 POST /_next/server-actions 404 in 218ms (compile: 3ms, render: 215ms)
Error: Failed to find Server Action "x". This request might be from an older or newer deployment.
Read more: https://nextjs.org/docs/messages/failed-to-find-server-action
    at ignore-listed frames
 POST /_next/server-actions 404 in 249ms (compile: 2ms, render: 247ms)
Error: Failed to find Server Action "x". This request might be from an older or newer deployment.
Read more: https://nextjs.org/docs/messages/failed-to-find-server-action
    at ignore-listed frames
 POST /_react/flight 404 in 245ms (compile: 3ms, render: 242ms)
Error: Failed to find Server Action "x". This request might be from an older or newer deployment.
Read more: https://nextjs.org/docs/messages/failed-to-find-server-action
    at ignore-listed frames
 POST /_react/flight 404 in 239ms (compile: 3ms, render: 236ms)
Error: Failed to find Server Action "x". This request might be from an older or newer deployment.
Read more: https://nextjs.org/docs/messages/failed-to-find-server-action
    at ignore-listed frames
 POST /_next/flight 404 in 268ms (compile: 3ms, render: 265ms)
Error: Failed to find Server Action "x". This request might be from an older or newer deployment.
Read more: https://nextjs.org/docs/messages/failed-to-find-server-action
    at ignore-listed frames
 POST /_next/flight 404 in 225ms (compile: 3ms, render: 222ms)
Error: Failed to find Server Action "x". This request might be from an older or newer deployment.
Read more: https://nextjs.org/docs/messages/failed-to-find-server-action
    at ignore-listed frames
 POST /_next/static 404 in 246ms (compile: 3ms, render: 243ms)
Error: Failed to find Server Action "x". This request might be from an older or newer deployment.
Read more: https://nextjs.org/docs/messages/failed-to-find-server-action
    at ignore-listed frames
 POST /_next/static 404 in 232ms (compile: 3ms, render: 229ms)
Error: Failed to find Server Action "x". This request might be from an older or newer deployment.
Read more: https://nextjs.org/docs/messages/failed-to-find-server-action
    at ignore-listed frames
 POST /_next/server 404 in 211ms (compile: 2ms, render: 208ms)
Error: Failed to find Server Action "x". This request might be from an older or newer deployment.
Read more: https://nextjs.org/docs/messages/failed-to-find-server-action
    at ignore-listed frames
 POST /_next/server 404 in 275ms (compile: 2ms, render: 272ms)
Error: Failed to find Server Action "x". This request might be from an older or newer deployment.
Read more: https://nextjs.org/docs/messages/failed-to-find-server-action
    at ignore-listed frames
 POST /_next/server/pages 404 in 226ms (compile: 3ms, render: 224ms)
Error: Failed to find Server Action "x". This request might be from an older or newer deployment.
Read more: https://nextjs.org/docs/messages/failed-to-find-server-action
    at ignore-listed frames
 POST /_next/server/pages 404 in 247ms (compile: 3ms, render: 244ms)
Error: Failed to find Server Action "x". This request might be from an older or newer deployment.
Read more: https://nextjs.org/docs/messages/failed-to-find-server-action
    at ignore-listed frames
 POST /_next/server/chunks 404 in 269ms (compile: 3ms, render: 265ms)
Error: Failed to find Server Action "x". This request might be from an older or newer deployment.
Read more: https://nextjs.org/docs/messages/failed-to-find-server-action
    at ignore-listed frames
 POST /_next/server/chunks 404 in 259ms (compile: 3ms, render: 256ms)
Error: Failed to find Server Action "x". This request might be from an older or newer deployment.
Read more: https://nextjs.org/docs/messages/failed-to-find-server-action
    at ignore-listed frames
 POST /_next/server/app 404 in 282ms (compile: 3ms, render: 279ms)
Error: Failed to find Server Action "x". This request might be from an older or newer deployment.
Read more: https://nextjs.org/docs/messages/failed-to-find-server-action
    at ignore-listed frames
 POST /_next/server/app 404 in 215ms (compile: 3ms, render: 212ms)
Error: Failed to find Server Action "x". This request might be from an older or newer deployment.
Read more: https://nextjs.org/docs/messages/failed-to-find-server-action
    at ignore-listed frames
 POST /_next/server/chunks/ssr 404 in 259ms (compile: 2ms, render: 257ms)
Error: Failed to find Server Action "x". This request might be from an older or newer deployment.
Read more: https://nextjs.org/docs/messages/failed-to-find-server-action
    at ignore-listed frames
 POST /_next/server/chunks/ssr 404 in 232ms (compile: 3ms, render: 229ms)
Error: Failed to find Server Action "x". This request might be from an older or newer deployment.
Read more: https://nextjs.org/docs/messages/failed-to-find-server-action
    at ignore-listed frames
 POST /_next/revalidate 404 in 231ms (compile: 3ms, render: 228ms)
Error: Failed to find Server Action "x". This request might be from an older or newer deployment.
Read more: https://nextjs.org/docs/messages/failed-to-find-server-action
    at ignore-listed frames
 POST /_next/revalidate 404 in 276ms (compile: 3ms, render: 273ms)
Error: Failed to find Server Action "x". This request might be from an older or newer deployment.
Read more: https://nextjs.org/docs/messages/failed-to-find-server-action
    at ignore-listed frames
 POST /_rsc 404 in 225ms (compile: 3ms, render: 223ms)
Error: Failed to find Server Action "x". This request might be from an older or newer deployment.
Read more: https://nextjs.org/docs/messages/failed-to-find-server-action
    at ignore-listed frames
 POST /_rsc 404 in 256ms (compile: 3ms, render: 253ms)
Error: Failed to find Server Action "x". This request might be from an older or newer deployment.
Read more: https://nextjs.org/docs/messages/failed-to-find-server-action
    at ignore-listed frames
 POST /_react_server 404 in 245ms (compile: 3ms, render: 242ms)
Error: Failed to find Server Action "x". This request might be from an older or newer deployment.
Read more: https://nextjs.org/docs/messages/failed-to-find-server-action
    at ignore-listed frames
 POST /_react_server 404 in 218ms (compile: 3ms, render: 215ms)
Error: Failed to find Server Action "x". This request might be from an older or newer deployment.
Read more: https://nextjs.org/docs/messages/failed-to-find-server-action
    at ignore-listed frames
 POST /apps 404 in 267ms (compile: 2ms, render: 264ms)
Error: Failed to find Server Action "x". This request might be from an older or newer deployment.
Read more: https://nextjs.org/docs/messages/failed-to-find-server-action
    at ignore-listed frames
 POST /apps 404 in 225ms (compile: 3ms, render: 222ms)
Error: Failed to find Server Action "x". This request might be from an older or newer deployment.
Read more: https://nextjs.org/docs/messages/failed-to-find-server-action
    at ignore-listed frames
 POST /sigin 404 in 253ms (compile: 2ms, render: 250ms)
Error: Failed to find Server Action "x". This request might be from an older or newer deployment.
Read more: https://nextjs.org/docs/messages/failed-to-find-server-action
    at ignore-listed frames
 POST /sigin 404 in 235ms (compile: 3ms, render: 232ms)
Error: Failed to find Server Action "x". This request might be from an older or newer deployment.
Read more: https://nextjs.org/docs/messages/failed-to-find-server-action
    at ignore-listed frames
 POST / 404 in 274ms (compile: 5ms, render: 269ms)
Error: Failed to find Server Action "x". This request might be from an older or newer deployment.
Read more: https://nextjs.org/docs/messages/failed-to-find-server-action
    at ignore-listed frames
 POST / 404 in 287ms (compile: 3ms, render: 283ms)
Error: Failed to find Server Action "x". This request might be from an older or newer deployment.
Read more: https://nextjs.org/docs/messages/failed-to-find-server-action
    at ignore-listed frames
 POST /_next/on-demand-entries-ping 404 in 214ms (compile: 3ms, render: 211ms)
Error: Failed to find Server Action "x". This request might be from an older or newer deployment.
Read more: https://nextjs.org/docs/messages/failed-to-find-server-action
    at ignore-listed frames
 POST /_next/rsc 404 in 254ms (compile: 28ms, render: 226ms)
Error: Failed to find Server Action "x". This request might be from an older or newer deployment.
Read more: https://nextjs.org/docs/messages/failed-to-find-server-action
    at ignore-listed frames
 POST /_next/server-components 404 in 244ms (compile: 3ms, render: 241ms)
Error: Failed to find Server Action "x". This request might be from an older or newer deployment.
Read more: https://nextjs.org/docs/messages/failed-to-find-server-action
    at ignore-listed frames
 POST /_next/data 404 in 261ms (compile: 3ms, render: 259ms)
Error: Failed to find Server Action "x". This request might be from an older or newer deployment.
Read more: https://nextjs.org/docs/messages/failed-to-find-server-action
    at ignore-listed frames
 POST /_next/refresh 404 in 229ms (compile: 3ms, render: 226ms)
Error: Failed to find Server Action "x". This request might be from an older or newer deployment.
Read more: https://nextjs.org/docs/messages/failed-to-find-server-action
    at ignore-listed frames
 POST /_next/redirect 404 in 217ms (compile: 3ms, render: 214ms)
Error: Failed to find Server Action "x". This request might be from an older or newer deployment.
Read more: https://nextjs.org/docs/messages/failed-to-find-server-action
    at ignore-listed frames
 POST /_next/turbopack/flight 404 in 405ms (compile: 4ms, render: 401ms)
Error: Failed to find Server Action "x". This request might be from an older or newer deployment.
Read more: https://nextjs.org/docs/messages/failed-to-find-server-action
    at ignore-listed frames
 POST /_next/webpack-hmr 404 in 220ms (compile: 3ms, render: 217ms)
Error: Failed to find Server Action "x". This request might be from an older or newer deployment.
Read more: https://nextjs.org/docs/messages/failed-to-find-server-action
    at ignore-listed frames
 POST /_next/server-actions 404 in 245ms (compile: 3ms, render: 242ms)
Error: Failed to find Server Action "x". This request might be from an older or newer deployment.
Read more: https://nextjs.org/docs/messages/failed-to-find-server-action
    at ignore-listed frames
 POST /_react/flight 404 in 243ms (compile: 3ms, render: 240ms)
Error: Failed to find Server Action "x". This request might be from an older or newer deployment.
Read more: https://nextjs.org/docs/messages/failed-to-find-server-action
    at ignore-listed frames
 POST /_next/flight 404 in 227ms (compile: 3ms, render: 224ms)
Error: Failed to find Server Action "x". This request might be from an older or newer deployment.
Read more: https://nextjs.org/docs/messages/failed-to-find-server-action
    at ignore-listed frames
 POST /_next/static 404 in 241ms (compile: 3ms, render: 238ms)
Error: Failed to find Server Action "x". This request might be from an older or newer deployment.
Read more: https://nextjs.org/docs/messages/failed-to-find-server-action
    at ignore-listed frames
 POST /_next/server 404 in 359ms (compile: 3ms, render: 356ms)
Error: Failed to find Server Action "x". This request might be from an older or newer deployment.
Read more: https://nextjs.org/docs/messages/failed-to-find-server-action
    at ignore-listed frames
 POST /_next/server/pages 404 in 282ms (compile: 3ms, render: 279ms)
Error: Failed to find Server Action "x". This request might be from an older or newer deployment.
Read more: https://nextjs.org/docs/messages/failed-to-find-server-action
    at ignore-listed frames
 POST /_next/server/chunks 404 in 246ms (compile: 3ms, render: 243ms)
Error: Failed to find Server Action "x". This request might be from an older or newer deployment.
Read more: https://nextjs.org/docs/messages/failed-to-find-server-action
    at ignore-listed frames
 POST /_next/server/app 404 in 216ms (compile: 3ms, render: 213ms)
Error: Failed to find Server Action "x". This request might be from an older or newer deployment.
Read more: https://nextjs.org/docs/messages/failed-to-find-server-action
    at ignore-listed frames
 POST /_next/server/chunks/ssr 404 in 257ms (compile: 3ms, render: 254ms)
Error: Failed to find Server Action "x". This request might be from an older or newer deployment.
Read more: https://nextjs.org/docs/messages/failed-to-find-server-action
    at ignore-listed frames
 POST /_next/revalidate 404 in 242ms (compile: 3ms, render: 239ms)
Error: Failed to find Server Action "x". This request might be from an older or newer deployment.
Read more: https://nextjs.org/docs/messages/failed-to-find-server-action
    at ignore-listed frames
 POST /_rsc 404 in 307ms (compile: 3ms, render: 303ms)
Error: Failed to find Server Action "x". This request might be from an older or newer deployment.
Read more: https://nextjs.org/docs/messages/failed-to-find-server-action
    at ignore-listed frames
 POST /__rsc 404 in 289ms (compile: 3ms, render: 286ms)
Error: Failed to find Server Action "x". This request might be from an older or newer deployment.
Read more: https://nextjs.org/docs/messages/failed-to-find-server-action
    at ignore-listed frames
 POST /?_rsc=x 404 in 264ms (compile: 4ms, render: 260ms)
Error: Failed to find Server Action "x". This request might be from an older or newer deployment.
Read more: https://nextjs.org/docs/messages/failed-to-find-server-action
    at ignore-listed frames
 POST /?__flight__=1 404 in 258ms (compile: 3ms, render: 254ms)
Error: Failed to find Server Action "x". This request might be from an older or newer deployment.
Read more: https://nextjs.org/docs/messages/failed-to-find-server-action
    at ignore-listed frames
 POST /_react_server 404 in 242ms (compile: 3ms, render: 239ms)
Error: Failed to find Server Action "x". This request might be from an older or newer deployment.
Read more: https://nextjs.org/docs/messages/failed-to-find-server-action
    at ignore-listed frames
 POST /apps 404 in 226ms (compile: 3ms, render: 223ms)
Error: Failed to find Server Action "x". This request might be from an older or newer deployment.
Read more: https://nextjs.org/docs/messages/failed-to-find-server-action
    at ignore-listed frames
 POST /sigin 404 in 238ms (compile: 3ms, render: 235ms)
Error: Failed to find Server Action "x". This request might be from an older or newer deployment.
Read more: https://nextjs.org/docs/messages/failed-to-find-server-action
    at ignore-listed frames
 POST / 404 in 255ms (compile: 4ms, render: 251ms)
Error: Failed to find Server Action "x". This request might be from an older or newer deployment.
Read more: https://nextjs.org/docs/messages/failed-to-find-server-action
    at ignore-listed frames
 POST /_next/on-demand-entries-ping 404 in 387ms (compile: 4ms, render: 383ms)
Error: Failed to find Server Action "x". This request might be from an older or newer deployment.
Read more: https://nextjs.org/docs/messages/failed-to-find-server-action
    at ignore-listed frames
 POST /_next/on-demand-entries-ping 404 in 271ms (compile: 3ms, render: 268ms)
Error: Failed to find Server Action "x". This request might be from an older or newer deployment.
Read more: https://nextjs.org/docs/messages/failed-to-find-server-action
    at ignore-listed frames
 POST /_next/rsc 404 in 226ms (compile: 3ms, render: 224ms)
Error: Failed to find Server Action "x". This request might be from an older or newer deployment.
Read more: https://nextjs.org/docs/messages/failed-to-find-server-action
    at ignore-listed frames
 POST /_next/rsc 404 in 263ms (compile: 3ms, render: 261ms)
Error: Failed to find Server Action "x". This request might be from an older or newer deployment.
Read more: https://nextjs.org/docs/messages/failed-to-find-server-action
    at ignore-listed frames
 POST /_next/server-components 404 in 263ms (compile: 3ms, render: 260ms)
Error: Failed to find Server Action "x". This request might be from an older or newer deployment.
Read more: https://nextjs.org/docs/messages/failed-to-find-server-action
    at ignore-listed frames
 POST /_next/server-components 404 in 229ms (compile: 3ms, render: 226ms)
Error: Failed to find Server Action "x". This request might be from an older or newer deployment.
Read more: https://nextjs.org/docs/messages/failed-to-find-server-action
    at ignore-listed frames
 POST /_next/data 404 in 243ms (compile: 2ms, render: 241ms)
Error: Failed to find Server Action "x". This request might be from an older or newer deployment.
Read more: https://nextjs.org/docs/messages/failed-to-find-server-action
    at ignore-listed frames
 POST /_next/data 404 in 224ms (compile: 4ms, render: 221ms)
Error: Failed to find Server Action "x". This request might be from an older or newer deployment.
Read more: https://nextjs.org/docs/messages/failed-to-find-server-action
    at ignore-listed frames
 POST /_next/refresh 404 in 258ms (compile: 2ms, render: 255ms)
Error: Failed to find Server Action "x". This request might be from an older or newer deployment.
Read more: https://nextjs.org/docs/messages/failed-to-find-server-action
    at ignore-listed frames
 POST /_next/refresh 404 in 308ms (compile: 2ms, render: 306ms)
Error: Failed to find Server Action "x". This request might be from an older or newer deployment.
Read more: https://nextjs.org/docs/messages/failed-to-find-server-action
    at ignore-listed frames
 POST /_next/redirect 404 in 321ms (compile: 3ms, render: 317ms)
Error: Failed to find Server Action "x". This request might be from an older or newer deployment.
Read more: https://nextjs.org/docs/messages/failed-to-find-server-action
    at ignore-listed frames
 POST /_next/redirect 404 in 252ms (compile: 3ms, render: 250ms)
Error: Failed to find Server Action "x". This request might be from an older or newer deployment.
Read more: https://nextjs.org/docs/messages/failed-to-find-server-action
    at ignore-listed frames
 POST /_next/turbopack/flight 404 in 368ms (compile: 3ms, render: 366ms)
Error: Failed to find Server Action "x". This request might be from an older or newer deployment.
Read more: https://nextjs.org/docs/messages/failed-to-find-server-action
    at ignore-listed frames
 POST /_next/turbopack/flight 404 in 252ms (compile: 3ms, render: 249ms)
Error: Failed to find Server Action "x". This request might be from an older or newer deployment.
Read more: https://nextjs.org/docs/messages/failed-to-find-server-action
    at ignore-listed frames
 POST /_next/webpack-hmr 404 in 249ms (compile: 3ms, render: 246ms)
Error: Failed to find Server Action "x". This request might be from an older or newer deployment.
Read more: https://nextjs.org/docs/messages/failed-to-find-server-action
    at ignore-listed frames
 POST /_next/webpack-hmr 404 in 238ms (compile: 3ms, render: 235ms)
Error: Failed to find Server Action "x". This request might be from an older or newer deployment.
Read more: https://nextjs.org/docs/messages/failed-to-find-server-action
    at ignore-listed frames
 POST /_next/server-actions 404 in 214ms (compile: 3ms, render: 212ms)
Error: Failed to find Server Action "x". This request might be from an older or newer deployment.
Read more: https://nextjs.org/docs/messages/failed-to-find-server-action
    at ignore-listed frames
 POST /_next/server-actions 404 in 219ms (compile: 3ms, render: 217ms)
Error: Failed to find Server Action "x". This request might be from an older or newer deployment.
Read more: https://nextjs.org/docs/messages/failed-to-find-server-action
    at ignore-listed frames
 POST /_react/flight 404 in 211ms (compile: 2ms, render: 209ms)
Error: Failed to find Server Action "x". This request might be from an older or newer deployment.
Read more: https://nextjs.org/docs/messages/failed-to-find-server-action
    at ignore-listed frames
 POST /_react/flight 404 in 246ms (compile: 2ms, render: 244ms)
Error: Failed to find Server Action "x". This request might be from an older or newer deployment.
Read more: https://nextjs.org/docs/messages/failed-to-find-server-action
    at ignore-listed frames
 POST /_next/flight 404 in 225ms (compile: 3ms, render: 222ms)
Error: Failed to find Server Action "x". This request might be from an older or newer deployment.
Read more: https://nextjs.org/docs/messages/failed-to-find-server-action
    at ignore-listed frames
 POST /_next/flight 404 in 207ms (compile: 3ms, render: 204ms)
Error: Failed to find Server Action "x". This request might be from an older or newer deployment.
Read more: https://nextjs.org/docs/messages/failed-to-find-server-action
    at ignore-listed frames
 POST /_next/static 404 in 269ms (compile: 2ms, render: 266ms)
Error: Failed to find Server Action "x". This request might be from an older or newer deployment.
Read more: https://nextjs.org/docs/messages/failed-to-find-server-action
    at ignore-listed frames
 POST /_next/static 404 in 220ms (compile: 2ms, render: 217ms)
Error: Failed to find Server Action "x". This request might be from an older or newer deployment.
Read more: https://nextjs.org/docs/messages/failed-to-find-server-action
    at ignore-listed frames
 POST /_next/server 404 in 246ms (compile: 2ms, render: 243ms)
Error: Failed to find Server Action "x". This request might be from an older or newer deployment.
Read more: https://nextjs.org/docs/messages/failed-to-find-server-action
    at ignore-listed frames
 POST /_next/server 404 in 254ms (compile: 3ms, render: 251ms)
Error: Failed to find Server Action "x". This request might be from an older or newer deployment.
Read more: https://nextjs.org/docs/messages/failed-to-find-server-action
    at ignore-listed frames
 POST /_next/server/pages 404 in 211ms (compile: 3ms, render: 208ms)
Error: Failed to find Server Action "x". This request might be from an older or newer deployment.
Read more: https://nextjs.org/docs/messages/failed-to-find-server-action
    at ignore-listed frames
 POST /_next/server/pages 404 in 226ms (compile: 3ms, render: 223ms)
Error: Failed to find Server Action "x". This request might be from an older or newer deployment.
Read more: https://nextjs.org/docs/messages/failed-to-find-server-action
    at ignore-listed frames
 POST /_next/server/chunks 404 in 233ms (compile: 4ms, render: 229ms)
Error: Failed to find Server Action "x". This request might be from an older or newer deployment.
Read more: https://nextjs.org/docs/messages/failed-to-find-server-action
    at ignore-listed frames
 POST /_next/server/chunks 404 in 257ms (compile: 3ms, render: 254ms)
Error: Failed to find Server Action "x". This request might be from an older or newer deployment.
Read more: https://nextjs.org/docs/messages/failed-to-find-server-action
    at ignore-listed frames
 POST /_next/server/app 404 in 244ms (compile: 3ms, render: 241ms)
Error: Failed to find Server Action "x". This request might be from an older or newer deployment.
Read more: https://nextjs.org/docs/messages/failed-to-find-server-action
    at ignore-listed frames
 POST /_next/server/app 404 in 260ms (compile: 3ms, render: 257ms)
Error: Failed to find Server Action "x". This request might be from an older or newer deployment.
Read more: https://nextjs.org/docs/messages/failed-to-find-server-action
    at ignore-listed frames
 POST /_next/server/chunks/ssr 404 in 287ms (compile: 3ms, render: 284ms)
Error: Failed to find Server Action "x". This request might be from an older or newer deployment.
Read more: https://nextjs.org/docs/messages/failed-to-find-server-action
    at ignore-listed frames
 POST /_next/server/chunks/ssr 404 in 233ms (compile: 3ms, render: 229ms)
Error: Failed to find Server Action "x". This request might be from an older or newer deployment.
Read more: https://nextjs.org/docs/messages/failed-to-find-server-action
    at ignore-listed frames
 POST /_next/revalidate 404 in 241ms (compile: 3ms, render: 238ms)
Error: Failed to find Server Action "x". This request might be from an older or newer deployment.
Read more: https://nextjs.org/docs/messages/failed-to-find-server-action
    at ignore-listed frames
 POST /_next/revalidate 404 in 257ms (compile: 2ms, render: 255ms)
Error: Failed to find Server Action "x". This request might be from an older or newer deployment.
Read more: https://nextjs.org/docs/messages/failed-to-find-server-action
    at ignore-listed frames
 POST /_rsc 404 in 222ms (compile: 2ms, render: 219ms)
Error: Failed to find Server Action "x". This request might be from an older or newer deployment.
Read more: https://nextjs.org/docs/messages/failed-to-find-server-action
    at ignore-listed frames
 POST /_rsc 404 in 262ms (compile: 4ms, render: 258ms)
Error: Failed to find Server Action "x". This request might be from an older or newer deployment.
Read more: https://nextjs.org/docs/messages/failed-to-find-server-action
    at ignore-listed frames
 POST /_react_server 404 in 229ms (compile: 3ms, render: 226ms)
Error: Failed to find Server Action "x". This request might be from an older or newer deployment.
Read more: https://nextjs.org/docs/messages/failed-to-find-server-action
    at ignore-listed frames
 POST /_react_server 404 in 244ms (compile: 3ms, render: 241ms)
Error: Failed to find Server Action "x". This request might be from an older or newer deployment.
Read more: https://nextjs.org/docs/messages/failed-to-find-server-action
    at ignore-listed frames
 POST /apps 404 in 234ms (compile: 3ms, render: 231ms)
Error: Failed to find Server Action "x". This request might be from an older or newer deployment.
Read more: https://nextjs.org/docs/messages/failed-to-find-server-action
    at ignore-listed frames
 POST /apps 404 in 219ms (compile: 2ms, render: 216ms)
Error: Failed to find Server Action "x". This request might be from an older or newer deployment.
Read more: https://nextjs.org/docs/messages/failed-to-find-server-action
    at ignore-listed frames
 POST /sigin 404 in 268ms (compile: 2ms, render: 265ms)
Error: Failed to find Server Action "x". This request might be from an older or newer deployment.
Read more: https://nextjs.org/docs/messages/failed-to-find-server-action
    at ignore-listed frames
 POST /sigin 404 in 216ms (compile: 3ms, render: 213ms)
Error: Failed to find Server Action "x". This request might be from an older or newer deployment.
Read more: https://nextjs.org/docs/messages/failed-to-find-server-action
    at ignore-listed frames
 POST / 404 in 248ms (compile: 4ms, render: 244ms)
Error: Failed to find Server Action "x". This request might be from an older or newer deployment.
Read more: https://nextjs.org/docs/messages/failed-to-find-server-action
    at ignore-listed frames
 POST / 404 in 247ms (compile: 3ms, render: 244ms)
Error: Failed to find Server Action "x". This request might be from an older or newer deployment.
Read more: https://nextjs.org/docs/messages/failed-to-find-server-action
    at ignore-listed frames
 POST /_next/on-demand-entries-ping 404 in 232ms (compile: 3ms, render: 229ms)
Error: Failed to find Server Action "x". This request might be from an older or newer deployment.
Read more: https://nextjs.org/docs/messages/failed-to-find-server-action
    at ignore-listed frames
 POST /_next/rsc 404 in 226ms (compile: 4ms, render: 222ms)
Error: Failed to find Server Action "x". This request might be from an older or newer deployment.
Read more: https://nextjs.org/docs/messages/failed-to-find-server-action
    at ignore-listed frames
 POST /_next/server-components 404 in 239ms (compile: 3ms, render: 237ms)
Error: Failed to find Server Action "x". This request might be from an older or newer deployment.
Read more: https://nextjs.org/docs/messages/failed-to-find-server-action
    at ignore-listed frames
 POST /_next/data 404 in 296ms (compile: 3ms, render: 293ms)
Error: Failed to find Server Action "x". This request might be from an older or newer deployment.
Read more: https://nextjs.org/docs/messages/failed-to-find-server-action
    at ignore-listed frames
 POST /_next/refresh 404 in 231ms (compile: 3ms, render: 229ms)
Error: Failed to find Server Action "x". This request might be from an older or newer deployment.
Read more: https://nextjs.org/docs/messages/failed-to-find-server-action
    at ignore-listed frames
 POST /_next/redirect 404 in 272ms (compile: 3ms, render: 268ms)
Error: Failed to find Server Action "x". This request might be from an older or newer deployment.
Read more: https://nextjs.org/docs/messages/failed-to-find-server-action
    at ignore-listed frames
 POST /_next/turbopack/flight 404 in 268ms (compile: 3ms, render: 266ms)
Error: Failed to find Server Action "x". This request might be from an older or newer deployment.
Read more: https://nextjs.org/docs/messages/failed-to-find-server-action
    at ignore-listed frames
 POST /_next/webpack-hmr 404 in 254ms (compile: 3ms, render: 250ms)
Error: Failed to find Server Action "x". This request might be from an older or newer deployment.
Read more: https://nextjs.org/docs/messages/failed-to-find-server-action
    at ignore-listed frames
 POST /_next/server-actions 404 in 248ms (compile: 3ms, render: 245ms)
Error: Failed to find Server Action "x". This request might be from an older or newer deployment.
Read more: https://nextjs.org/docs/messages/failed-to-find-server-action
    at ignore-listed frames
 POST /_react/flight 404 in 250ms (compile: 2ms, render: 247ms)
Error: Failed to find Server Action "x". This request might be from an older or newer deployment.
Read more: https://nextjs.org/docs/messages/failed-to-find-server-action
    at ignore-listed frames
 POST /_next/flight 404 in 237ms (compile: 3ms, render: 234ms)
Error: Failed to find Server Action "x". This request might be from an older or newer deployment.
Read more: https://nextjs.org/docs/messages/failed-to-find-server-action
    at ignore-listed frames
 POST /_next/static 404 in 246ms (compile: 3ms, render: 243ms)
Error: Failed to find Server Action "x". This request might be from an older or newer deployment.
Read more: https://nextjs.org/docs/messages/failed-to-find-server-action
    at ignore-listed frames
 POST /_next/server 404 in 226ms (compile: 3ms, render: 223ms)
Error: Failed to find Server Action "x". This request might be from an older or newer deployment.
Read more: https://nextjs.org/docs/messages/failed-to-find-server-action
    at ignore-listed frames
 POST /_next/server/pages 404 in 249ms (compile: 3ms, render: 247ms)
Error: Failed to find Server Action "x". This request might be from an older or newer deployment.
Read more: https://nextjs.org/docs/messages/failed-to-find-server-action
    at ignore-listed frames
 POST /_next/server/chunks 404 in 231ms (compile: 3ms, render: 228ms)
Error: Failed to find Server Action "x". This request might be from an older or newer deployment.
Read more: https://nextjs.org/docs/messages/failed-to-find-server-action
    at ignore-listed frames
 POST /_next/server/app 404 in 264ms (compile: 3ms, render: 261ms)
Error: Failed to find Server Action "x". This request might be from an older or newer deployment.
Read more: https://nextjs.org/docs/messages/failed-to-find-server-action
    at ignore-listed frames
 POST /_next/server/chunks/ssr 404 in 281ms (compile: 2ms, render: 278ms)
Error: Failed to find Server Action "x". This request might be from an older or newer deployment.
Read more: https://nextjs.org/docs/messages/failed-to-find-server-action
    at ignore-listed frames
 POST /_next/revalidate 404 in 213ms (compile: 2ms, render: 211ms)
Error: Failed to find Server Action "x". This request might be from an older or newer deployment.
Read more: https://nextjs.org/docs/messages/failed-to-find-server-action
    at ignore-listed frames
 POST /_rsc 404 in 246ms (compile: 3ms, render: 244ms)
Error: Failed to find Server Action "x". This request might be from an older or newer deployment.
Read more: https://nextjs.org/docs/messages/failed-to-find-server-action
    at ignore-listed frames
 POST /__rsc 404 in 257ms (compile: 3ms, render: 255ms)
Error: Failed to find Server Action "x". This request might be from an older or newer deployment.
Read more: https://nextjs.org/docs/messages/failed-to-find-server-action
    at ignore-listed frames
 POST /?_rsc=x 404 in 224ms (compile: 4ms, render: 220ms)
Error: Failed to find Server Action "x". This request might be from an older or newer deployment.
Read more: https://nextjs.org/docs/messages/failed-to-find-server-action
    at ignore-listed frames
 POST /?__flight__=1 404 in 222ms (compile: 4ms, render: 218ms)
Error: Failed to find Server Action "x". This request might be from an older or newer deployment.
Read more: https://nextjs.org/docs/messages/failed-to-find-server-action
    at ignore-listed frames
 POST /_react_server 404 in 227ms (compile: 2ms, render: 224ms)
Error: Failed to find Server Action "x". This request might be from an older or newer deployment.
Read more: https://nextjs.org/docs/messages/failed-to-find-server-action
    at ignore-listed frames
 POST /apps 404 in 291ms (compile: 3ms, render: 288ms)
Error: Failed to find Server Action "x". This request might be from an older or newer deployment.
Read more: https://nextjs.org/docs/messages/failed-to-find-server-action
    at ignore-listed frames
 POST /sigin 404 in 231ms (compile: 3ms, render: 228ms)
Error: Failed to find Server Action "x". This request might be from an older or newer deployment.
Read more: https://nextjs.org/docs/messages/failed-to-find-server-action
    at ignore-listed frames
 POST / 404 in 220ms (compile: 3ms, render: 217ms)
 GET / 200 in 70ms (compile: 12ms, render: 58ms)
 GET / 200 in 42ms (compile: 6ms, render: 36ms)
Error: Failed to find Server Action "x". This request might be from an older or newer deployment.
Read more: https://nextjs.org/docs/messages/failed-to-find-server-action
    at ignore-listed frames
 POST / 404 in 373ms (compile: 8ms, render: 366ms)
Error: Failed to find Server Action "x". This request might be from an older or newer deployment.
Read more: https://nextjs.org/docs/messages/failed-to-find-server-action
    at ignore-listed frames
 POST / 404 in 293ms (compile: 6ms, render: 287ms)
Error: Failed to find Server Action "x". This request might be from an older or newer deployment.
Read more: https://nextjs.org/docs/messages/failed-to-find-server-action
    at ignore-listed frames
 POST /_next/on-demand-entries-ping 404 in 250ms (compile: 3ms, render: 247ms)
Error: Failed to find Server Action "x". This request might be from an older or newer deployment.
Read more: https://nextjs.org/docs/messages/failed-to-find-server-action
    at ignore-listed frames
 POST /_next/on-demand-entries-ping 404 in 241ms (compile: 3ms, render: 238ms)
Error: Failed to find Server Action "x". This request might be from an older or newer deployment.
Read more: https://nextjs.org/docs/messages/failed-to-find-server-action
    at ignore-listed frames
 POST /_next/rsc 404 in 230ms (compile: 3ms, render: 228ms)
Error: Failed to find Server Action "x". This request might be from an older or newer deployment.
Read more: https://nextjs.org/docs/messages/failed-to-find-server-action
    at ignore-listed frames
 POST /_next/rsc 404 in 240ms (compile: 3ms, render: 237ms)
Error: Failed to find Server Action "x". This request might be from an older or newer deployment.
Read more: https://nextjs.org/docs/messages/failed-to-find-server-action
    at ignore-listed frames
 POST /_next/server-components 404 in 224ms (compile: 3ms, render: 221ms)
Error: Failed to find Server Action "x". This request might be from an older or newer deployment.
Read more: https://nextjs.org/docs/messages/failed-to-find-server-action
    at ignore-listed frames
 POST /_next/server-components 404 in 289ms (compile: 3ms, render: 285ms)
Error: Failed to find Server Action "x". This request might be from an older or newer deployment.
Read more: https://nextjs.org/docs/messages/failed-to-find-server-action
    at ignore-listed frames
 POST /_next/data 404 in 230ms (compile: 3ms, render: 228ms)
Error: Failed to find Server Action "x". This request might be from an older or newer deployment.
Read more: https://nextjs.org/docs/messages/failed-to-find-server-action
    at ignore-listed frames
 POST /_next/data 404 in 257ms (compile: 3ms, render: 254ms)
Error: Failed to find Server Action "x". This request might be from an older or newer deployment.
Read more: https://nextjs.org/docs/messages/failed-to-find-server-action
    at ignore-listed frames
 POST /_next/refresh 404 in 248ms (compile: 3ms, render: 245ms)
Error: Failed to find Server Action "x". This request might be from an older or newer deployment.
Read more: https://nextjs.org/docs/messages/failed-to-find-server-action
    at ignore-listed frames
 POST /_next/refresh 404 in 226ms (compile: 4ms, render: 222ms)
Error: Failed to find Server Action "x". This request might be from an older or newer deployment.
Read more: https://nextjs.org/docs/messages/failed-to-find-server-action
    at ignore-listed frames
 POST /_next/redirect 404 in 288ms (compile: 3ms, render: 285ms)
Error: Failed to find Server Action "x". This request might be from an older or newer deployment.
Read more: https://nextjs.org/docs/messages/failed-to-find-server-action
    at ignore-listed frames
 POST /_next/redirect 404 in 219ms (compile: 3ms, render: 217ms)
Error: Failed to find Server Action "x". This request might be from an older or newer deployment.
Read more: https://nextjs.org/docs/messages/failed-to-find-server-action
    at ignore-listed frames
 POST /_next/turbopack/flight 404 in 245ms (compile: 2ms, render: 242ms)
Error: Failed to find Server Action "x". This request might be from an older or newer deployment.
Read more: https://nextjs.org/docs/messages/failed-to-find-server-action
    at ignore-listed frames
 POST /_next/turbopack/flight 404 in 265ms (compile: 3ms, render: 262ms)
Error: Failed to find Server Action "x". This request might be from an older or newer deployment.
Read more: https://nextjs.org/docs/messages/failed-to-find-server-action
    at ignore-listed frames
 POST /_next/webpack-hmr 404 in 219ms (compile: 3ms, render: 217ms)
Error: Failed to find Server Action "x". This request might be from an older or newer deployment.
Read more: https://nextjs.org/docs/messages/failed-to-find-server-action
    at ignore-listed frames
 POST /_next/webpack-hmr 404 in 273ms (compile: 3ms, render: 271ms)
Error: Failed to find Server Action "x". This request might be from an older or newer deployment.
Read more: https://nextjs.org/docs/messages/failed-to-find-server-action
    at ignore-listed frames
 POST /_next/server-actions 404 in 239ms (compile: 3ms, render: 237ms)
Error: Failed to find Server Action "x". This request might be from an older or newer deployment.
Read more: https://nextjs.org/docs/messages/failed-to-find-server-action
    at ignore-listed frames
 POST /_next/server-actions 404 in 253ms (compile: 3ms, render: 250ms)
Error: Failed to find Server Action "x". This request might be from an older or newer deployment.
Read more: https://nextjs.org/docs/messages/failed-to-find-server-action
    at ignore-listed frames
 POST /_react/flight 404 in 244ms (compile: 3ms, render: 241ms)
Error: Failed to find Server Action "x". This request might be from an older or newer deployment.
Read more: https://nextjs.org/docs/messages/failed-to-find-server-action
    at ignore-listed frames
 POST /_react/flight 404 in 219ms (compile: 2ms, render: 217ms)
Error: Failed to find Server Action "x". This request might be from an older or newer deployment.
Read more: https://nextjs.org/docs/messages/failed-to-find-server-action
    at ignore-listed frames
 POST /_next/flight 404 in 313ms (compile: 3ms, render: 310ms)
Error: Failed to find Server Action "x". This request might be from an older or newer deployment.
Read more: https://nextjs.org/docs/messages/failed-to-find-server-action
    at ignore-listed frames
 POST /_next/flight 404 in 227ms (compile: 3ms, render: 224ms)
Error: Failed to find Server Action "x". This request might be from an older or newer deployment.
Read more: https://nextjs.org/docs/messages/failed-to-find-server-action
    at ignore-listed frames
 POST /_next/static 404 in 244ms (compile: 3ms, render: 242ms)
Error: Failed to find Server Action "x". This request might be from an older or newer deployment.
Read more: https://nextjs.org/docs/messages/failed-to-find-server-action
    at ignore-listed frames
 POST /_next/static 404 in 246ms (compile: 3ms, render: 243ms)
Error: Failed to find Server Action "x". This request might be from an older or newer deployment.
Read more: https://nextjs.org/docs/messages/failed-to-find-server-action
    at ignore-listed frames
 POST /_next/server 404 in 233ms (compile: 2ms, render: 230ms)
Error: Failed to find Server Action "x". This request might be from an older or newer deployment.
Read more: https://nextjs.org/docs/messages/failed-to-find-server-action
    at ignore-listed frames
 POST /_next/server 404 in 274ms (compile: 3ms, render: 271ms)
Error: Failed to find Server Action "x". This request might be from an older or newer deployment.
Read more: https://nextjs.org/docs/messages/failed-to-find-server-action
    at ignore-listed frames
 POST /_next/server/pages 404 in 221ms (compile: 3ms, render: 218ms)
Error: Failed to find Server Action "x". This request might be from an older or newer deployment.
Read more: https://nextjs.org/docs/messages/failed-to-find-server-action
    at ignore-listed frames
 POST /_next/server/pages 404 in 248ms (compile: 3ms, render: 245ms)
Error: Failed to find Server Action "x". This request might be from an older or newer deployment.
Read more: https://nextjs.org/docs/messages/failed-to-find-server-action
    at ignore-listed frames
 POST /_next/server/chunks 404 in 233ms (compile: 3ms, render: 230ms)
Error: Failed to find Server Action "x". This request might be from an older or newer deployment.
Read more: https://nextjs.org/docs/messages/failed-to-find-server-action
    at ignore-listed frames
 POST /_next/server/chunks 404 in 242ms (compile: 3ms, render: 239ms)
Error: Failed to find Server Action "x". This request might be from an older or newer deployment.
Read more: https://nextjs.org/docs/messages/failed-to-find-server-action
    at ignore-listed frames
 POST /_next/server/app 404 in 264ms (compile: 3ms, render: 261ms)
Error: Failed to find Server Action "x". This request might be from an older or newer deployment.
Read more: https://nextjs.org/docs/messages/failed-to-find-server-action
    at ignore-listed frames
 POST /_next/server/app 404 in 225ms (compile: 3ms, render: 222ms)
Error: Failed to find Server Action "x". This request might be from an older or newer deployment.
Read more: https://nextjs.org/docs/messages/failed-to-find-server-action
    at ignore-listed frames
 POST /_next/server/chunks/ssr 404 in 249ms (compile: 3ms, render: 247ms)
Error: Failed to find Server Action "x". This request might be from an older or newer deployment.
Read more: https://nextjs.org/docs/messages/failed-to-find-server-action
    at ignore-listed frames
 POST /_next/server/chunks/ssr 404 in 243ms (compile: 3ms, render: 240ms)
Error: Failed to find Server Action "x". This request might be from an older or newer deployment.
Read more: https://nextjs.org/docs/messages/failed-to-find-server-action
    at ignore-listed frames
 POST /_next/revalidate 404 in 222ms (compile: 3ms, render: 219ms)
Error: Failed to find Server Action "x". This request might be from an older or newer deployment.
Read more: https://nextjs.org/docs/messages/failed-to-find-server-action
    at ignore-listed frames
 POST /_next/revalidate 404 in 273ms (compile: 2ms, render: 270ms)
Error: Failed to find Server Action "x". This request might be from an older or newer deployment.
Read more: https://nextjs.org/docs/messages/failed-to-find-server-action
    at ignore-listed frames
 POST /_rsc 404 in 219ms (compile: 3ms, render: 217ms)
Error: Failed to find Server Action "x". This request might be from an older or newer deployment.
Read more: https://nextjs.org/docs/messages/failed-to-find-server-action
    at ignore-listed frames
 POST /_rsc 404 in 249ms (compile: 3ms, render: 247ms)
Error: Failed to find Server Action "x". This request might be from an older or newer deployment.
Read more: https://nextjs.org/docs/messages/failed-to-find-server-action
    at ignore-listed frames
 POST /_react_server 404 in 268ms (compile: 2ms, render: 266ms)
Error: Failed to find Server Action "x". This request might be from an older or newer deployment.
Read more: https://nextjs.org/docs/messages/failed-to-find-server-action
    at ignore-listed frames
 POST /_react_server 404 in 212ms (compile: 2ms, render: 209ms)
Error: Failed to find Server Action "x". This request might be from an older or newer deployment.
Read more: https://nextjs.org/docs/messages/failed-to-find-server-action
    at ignore-listed frames
 POST /apps 404 in 221ms (compile: 3ms, render: 218ms)
Error: Failed to find Server Action "x". This request might be from an older or newer deployment.
Read more: https://nextjs.org/docs/messages/failed-to-find-server-action
    at ignore-listed frames
 POST /apps 404 in 208ms (compile: 3ms, render: 206ms)
Error: Failed to find Server Action "x". This request might be from an older or newer deployment.
Read more: https://nextjs.org/docs/messages/failed-to-find-server-action
    at ignore-listed frames
 POST /sigin 404 in 266ms (compile: 3ms, render: 263ms)
Error: Failed to find Server Action "x". This request might be from an older or newer deployment.
Read more: https://nextjs.org/docs/messages/failed-to-find-server-action
    at ignore-listed frames
 POST /sigin 404 in 248ms (compile: 3ms, render: 245ms)
Error: Failed to find Server Action "x". This request might be from an older or newer deployment.
Read more: https://nextjs.org/docs/messages/failed-to-find-server-action
    at ignore-listed frames
 POST / 404 in 223ms (compile: 4ms, render: 219ms)
Error: Failed to find Server Action "x". This request might be from an older or newer deployment.
Read more: https://nextjs.org/docs/messages/failed-to-find-server-action
    at ignore-listed frames
 POST / 404 in 298ms (compile: 4ms, render: 294ms)
Error: Failed to find Server Action "x". This request might be from an older or newer deployment.
Read more: https://nextjs.org/docs/messages/failed-to-find-server-action
    at ignore-listed frames
 POST /_next/on-demand-entries-ping 404 in 233ms (compile: 3ms, render: 230ms)
Error: Failed to find Server Action "x". This request might be from an older or newer deployment.
Read more: https://nextjs.org/docs/messages/failed-to-find-server-action
    at ignore-listed frames
 POST /_next/rsc 404 in 278ms (compile: 3ms, render: 275ms)
Error: Failed to find Server Action "x". This request might be from an older or newer deployment.
Read more: https://nextjs.org/docs/messages/failed-to-find-server-action
    at ignore-listed frames
 POST /_next/server-components 404 in 263ms (compile: 3ms, render: 260ms)
Error: Failed to find Server Action "x". This request might be from an older or newer deployment.
Read more: https://nextjs.org/docs/messages/failed-to-find-server-action
    at ignore-listed frames
 POST /_next/data 404 in 229ms (compile: 3ms, render: 226ms)
Error: Failed to find Server Action "x". This request might be from an older or newer deployment.
Read more: https://nextjs.org/docs/messages/failed-to-find-server-action
    at ignore-listed frames
 POST /_next/refresh 404 in 232ms (compile: 3ms, render: 230ms)
Error: Failed to find Server Action "x". This request might be from an older or newer deployment.
Read more: https://nextjs.org/docs/messages/failed-to-find-server-action
    at ignore-listed frames
 POST /_next/redirect 404 in 224ms (compile: 3ms, render: 221ms)
Error: Failed to find Server Action "x". This request might be from an older or newer deployment.
Read more: https://nextjs.org/docs/messages/failed-to-find-server-action
    at ignore-listed frames
 POST /_next/turbopack/flight 404 in 280ms (compile: 2ms, render: 278ms)
Error: Failed to find Server Action "x". This request might be from an older or newer deployment.
Read more: https://nextjs.org/docs/messages/failed-to-find-server-action
    at ignore-listed frames
 POST /_next/webpack-hmr 404 in 240ms (compile: 3ms, render: 237ms)
Error: Failed to find Server Action "x". This request might be from an older or newer deployment.
Read more: https://nextjs.org/docs/messages/failed-to-find-server-action
    at ignore-listed frames
 POST /_next/server-actions 404 in 227ms (compile: 3ms, render: 225ms)
Error: Failed to find Server Action "x". This request might be from an older or newer deployment.
Read more: https://nextjs.org/docs/messages/failed-to-find-server-action
    at ignore-listed frames
 POST /_react/flight 404 in 271ms (compile: 3ms, render: 268ms)
Error: Failed to find Server Action "x". This request might be from an older or newer deployment.
Read more: https://nextjs.org/docs/messages/failed-to-find-server-action
    at ignore-listed frames
 POST /_next/flight 404 in 233ms (compile: 4ms, render: 229ms)
Error: Failed to find Server Action "x". This request might be from an older or newer deployment.
Read more: https://nextjs.org/docs/messages/failed-to-find-server-action
    at ignore-listed frames
 POST /_next/static 404 in 287ms (compile: 3ms, render: 284ms)
Error: Failed to find Server Action "x". This request might be from an older or newer deployment.
Read more: https://nextjs.org/docs/messages/failed-to-find-server-action
    at ignore-listed frames
 POST /_next/server 404 in 257ms (compile: 3ms, render: 254ms)
Error: Failed to find Server Action "x". This request might be from an older or newer deployment.
Read more: https://nextjs.org/docs/messages/failed-to-find-server-action
    at ignore-listed frames
 POST /_next/server/pages 404 in 217ms (compile: 3ms, render: 214ms)
Error: Failed to find Server Action "x". This request might be from an older or newer deployment.
Read more: https://nextjs.org/docs/messages/failed-to-find-server-action
    at ignore-listed frames
 POST /_next/server/chunks 404 in 232ms (compile: 2ms, render: 229ms)
Error: Failed to find Server Action "x". This request might be from an older or newer deployment.
Read more: https://nextjs.org/docs/messages/failed-to-find-server-action
    at ignore-listed frames
 POST /_next/server/app 404 in 224ms (compile: 2ms, render: 221ms)
Error: Failed to find Server Action "x". This request might be from an older or newer deployment.
Read more: https://nextjs.org/docs/messages/failed-to-find-server-action
    at ignore-listed frames
 POST /_next/server/chunks/ssr 404 in 253ms (compile: 3ms, render: 250ms)
Error: Failed to find Server Action "x". This request might be from an older or newer deployment.
Read more: https://nextjs.org/docs/messages/failed-to-find-server-action
    at ignore-listed frames
 POST /_next/revalidate 404 in 236ms (compile: 3ms, render: 234ms)
Error: Failed to find Server Action "x". This request might be from an older or newer deployment.
Read more: https://nextjs.org/docs/messages/failed-to-find-server-action
    at ignore-listed frames
 POST /_rsc 404 in 214ms (compile: 3ms, render: 211ms)
Error: Failed to find Server Action "x". This request might be from an older or newer deployment.
Read more: https://nextjs.org/docs/messages/failed-to-find-server-action
    at ignore-listed frames
 POST /__rsc 404 in 267ms (compile: 3ms, render: 264ms)
Error: Failed to find Server Action "x". This request might be from an older or newer deployment.
Read more: https://nextjs.org/docs/messages/failed-to-find-server-action
    at ignore-listed frames
 POST /?_rsc=x 404 in 232ms (compile: 4ms, render: 228ms)
Error: Failed to find Server Action "x". This request might be from an older or newer deployment.
Read more: https://nextjs.org/docs/messages/failed-to-find-server-action
    at ignore-listed frames
 POST /?__flight__=1 404 in 245ms (compile: 4ms, render: 241ms)
Error: Failed to find Server Action "x". This request might be from an older or newer deployment.
Read more: https://nextjs.org/docs/messages/failed-to-find-server-action
    at ignore-listed frames
 POST /_react_server 404 in 254ms (compile: 3ms, render: 252ms)
Error: Failed to find Server Action "x". This request might be from an older or newer deployment.
Read more: https://nextjs.org/docs/messages/failed-to-find-server-action
    at ignore-listed frames
 POST /apps 404 in 223ms (compile: 3ms, render: 220ms)
Error: Failed to find Server Action "x". This request might be from an older or newer deployment.
Read more: https://nextjs.org/docs/messages/failed-to-find-server-action
    at ignore-listed frames
 POST /sigin 404 in 253ms (compile: 2ms, render: 251ms)
Error: Failed to find Server Action "x". This request might be from an older or newer deployment.
Read more: https://nextjs.org/docs/messages/failed-to-find-server-action
    at ignore-listed frames
 POST / 404 in 228ms (compile: 4ms, render: 224ms)
 GET / 200 in 68ms (compile: 9ms, render: 59ms)
 GET / 200 in 47ms (compile: 6ms, render: 41ms)
Error: Failed to find Server Action "x". This request might be from an older or newer deployment.
Read more: https://nextjs.org/docs/messages/failed-to-find-server-action
    at ignore-listed frames
 POST /_next/on-demand-entries-ping 404 in 406ms (compile: 10ms, render: 396ms)
Error: Failed to find Server Action "x". This request might be from an older or newer deployment.
Read more: https://nextjs.org/docs/messages/failed-to-find-server-action
    at ignore-listed frames
 POST /_next/on-demand-entries-ping 404 in 248ms (compile: 3ms, render: 245ms)
Error: Failed to find Server Action "x". This request might be from an older or newer deployment.
Read more: https://nextjs.org/docs/messages/failed-to-find-server-action
    at ignore-listed frames
 POST /_next/rsc 404 in 286ms (compile: 5ms, render: 282ms)
Error: Failed to find Server Action "x". This request might be from an older or newer deployment.
Read more: https://nextjs.org/docs/messages/failed-to-find-server-action
    at ignore-listed frames
 POST /_next/rsc 404 in 274ms (compile: 3ms, render: 271ms)
Error: Failed to find Server Action "x". This request might be from an older or newer deployment.
Read more: https://nextjs.org/docs/messages/failed-to-find-server-action
    at ignore-listed frames
 POST /_next/server-components 404 in 244ms (compile: 3ms, render: 242ms)
Error: Failed to find Server Action "x". This request might be from an older or newer deployment.
Read more: https://nextjs.org/docs/messages/failed-to-find-server-action
    at ignore-listed frames
 POST /_next/server-components 404 in 270ms (compile: 3ms, render: 268ms)
Error: Failed to find Server Action "x". This request might be from an older or newer deployment.
Read more: https://nextjs.org/docs/messages/failed-to-find-server-action
    at ignore-listed frames
 POST /_next/data 404 in 304ms (compile: 3ms, render: 301ms)
Error: Failed to find Server Action "x". This request might be from an older or newer deployment.
Read more: https://nextjs.org/docs/messages/failed-to-find-server-action
    at ignore-listed frames
 POST /_next/data 404 in 233ms (compile: 3ms, render: 230ms)
Error: Failed to find Server Action "x". This request might be from an older or newer deployment.
Read more: https://nextjs.org/docs/messages/failed-to-find-server-action
    at ignore-listed frames
 POST /_next/refresh 404 in 228ms (compile: 3ms, render: 225ms)
Error: Failed to find Server Action "x". This request might be from an older or newer deployment.
Read more: https://nextjs.org/docs/messages/failed-to-find-server-action
    at ignore-listed frames
 POST /_next/refresh 404 in 268ms (compile: 3ms, render: 265ms)
Error: Failed to find Server Action "x". This request might be from an older or newer deployment.
Read more: https://nextjs.org/docs/messages/failed-to-find-server-action
    at ignore-listed frames
 POST /_next/redirect 404 in 228ms (compile: 2ms, render: 225ms)
Error: Failed to find Server Action "x". This request might be from an older or newer deployment.
Read more: https://nextjs.org/docs/messages/failed-to-find-server-action
    at ignore-listed frames
 POST /_next/redirect 404 in 287ms (compile: 3ms, render: 283ms)
Error: Failed to find Server Action "x". This request might be from an older or newer deployment.
Read more: https://nextjs.org/docs/messages/failed-to-find-server-action
    at ignore-listed frames
 POST /_next/turbopack/flight 404 in 240ms (compile: 3ms, render: 238ms)
Error: Failed to find Server Action "x". This request might be from an older or newer deployment.
Read more: https://nextjs.org/docs/messages/failed-to-find-server-action
    at ignore-listed frames
 POST /_next/turbopack/flight 404 in 254ms (compile: 3ms, render: 252ms)
Error: Failed to find Server Action "x". This request might be from an older or newer deployment.
Read more: https://nextjs.org/docs/messages/failed-to-find-server-action
    at ignore-listed frames
 POST /_next/webpack-hmr 404 in 250ms (compile: 2ms, render: 248ms)
Error: Failed to find Server Action "x". This request might be from an older or newer deployment.
Read more: https://nextjs.org/docs/messages/failed-to-find-server-action
    at ignore-listed frames
 POST /_next/webpack-hmr 404 in 224ms (compile: 3ms, render: 221ms)
Error: Failed to find Server Action "x". This request might be from an older or newer deployment.
Read more: https://nextjs.org/docs/messages/failed-to-find-server-action
    at ignore-listed frames
 POST /_next/server-actions 404 in 233ms (compile: 4ms, render: 229ms)
Error: Failed to find Server Action "x". This request might be from an older or newer deployment.
Read more: https://nextjs.org/docs/messages/failed-to-find-server-action
    at ignore-listed frames
 POST /_next/server-actions 404 in 259ms (compile: 3ms, render: 256ms)
Error: Failed to find Server Action "x". This request might be from an older or newer deployment.
Read more: https://nextjs.org/docs/messages/failed-to-find-server-action
    at ignore-listed frames
 POST /_react/flight 404 in 249ms (compile: 3ms, render: 246ms)
Error: Failed to find Server Action "x". This request might be from an older or newer deployment.
Read more: https://nextjs.org/docs/messages/failed-to-find-server-action
    at ignore-listed frames
 POST /_react/flight 404 in 287ms (compile: 3ms, render: 284ms)
Error: Failed to find Server Action "x". This request might be from an older or newer deployment.
Read more: https://nextjs.org/docs/messages/failed-to-find-server-action
    at ignore-listed frames
 POST /_next/flight 404 in 220ms (compile: 3ms, render: 217ms)
Error: Failed to find Server Action "x". This request might be from an older or newer deployment.
Read more: https://nextjs.org/docs/messages/failed-to-find-server-action
    at ignore-listed frames
 POST /_next/flight 404 in 287ms (compile: 3ms, render: 284ms)
Error: Failed to find Server Action "x". This request might be from an older or newer deployment.
Read more: https://nextjs.org/docs/messages/failed-to-find-server-action
    at ignore-listed frames
 POST /_next/static 404 in 249ms (compile: 3ms, render: 246ms)
Error: Failed to find Server Action "x". This request might be from an older or newer deployment.
Read more: https://nextjs.org/docs/messages/failed-to-find-server-action
    at ignore-listed frames
 POST /_next/static 404 in 276ms (compile: 3ms, render: 273ms)
Error: Failed to find Server Action "x". This request might be from an older or newer deployment.
Read more: https://nextjs.org/docs/messages/failed-to-find-server-action
    at ignore-listed frames
 POST /_next/server 404 in 254ms (compile: 3ms, render: 251ms)
Error: Failed to find Server Action "x". This request might be from an older or newer deployment.
Read more: https://nextjs.org/docs/messages/failed-to-find-server-action
    at ignore-listed frames
 POST /_next/server 404 in 226ms (compile: 3ms, render: 224ms)
Error: Failed to find Server Action "x". This request might be from an older or newer deployment.
Read more: https://nextjs.org/docs/messages/failed-to-find-server-action
    at ignore-listed frames
 POST /_next/server/pages 404 in 237ms (compile: 3ms, render: 234ms)
Error: Failed to find Server Action "x". This request might be from an older or newer deployment.
Read more: https://nextjs.org/docs/messages/failed-to-find-server-action
    at ignore-listed frames
 POST /_next/server/pages 404 in 251ms (compile: 4ms, render: 248ms)
Error: Failed to find Server Action "x". This request might be from an older or newer deployment.
Read more: https://nextjs.org/docs/messages/failed-to-find-server-action
    at ignore-listed frames
 POST /_next/server/chunks 404 in 251ms (compile: 3ms, render: 248ms)
Error: Failed to find Server Action "x". This request might be from an older or newer deployment.
Read more: https://nextjs.org/docs/messages/failed-to-find-server-action
    at ignore-listed frames
 POST /_next/server/chunks 404 in 239ms (compile: 3ms, render: 235ms)
Error: Failed to find Server Action "x". This request might be from an older or newer deployment.
Read more: https://nextjs.org/docs/messages/failed-to-find-server-action
    at ignore-listed frames
 POST /_next/server/app 404 in 230ms (compile: 3ms, render: 227ms)
Error: Failed to find Server Action "x". This request might be from an older or newer deployment.
Read more: https://nextjs.org/docs/messages/failed-to-find-server-action
    at ignore-listed frames
 POST /_next/server/app 404 in 281ms (compile: 3ms, render: 279ms)
Error: Failed to find Server Action "x". This request might be from an older or newer deployment.
Read more: https://nextjs.org/docs/messages/failed-to-find-server-action
    at ignore-listed frames
 POST /_next/server/chunks/ssr 404 in 249ms (compile: 3ms, render: 246ms)
Error: Failed to find Server Action "x". This request might be from an older or newer deployment.
Read more: https://nextjs.org/docs/messages/failed-to-find-server-action
    at ignore-listed frames
 POST /_next/server/chunks/ssr 404 in 253ms (compile: 3ms, render: 250ms)
Error: Failed to find Server Action "x". This request might be from an older or newer deployment.
Read more: https://nextjs.org/docs/messages/failed-to-find-server-action
    at ignore-listed frames
 POST /_next/revalidate 404 in 258ms (compile: 3ms, render: 255ms)
Error: Failed to find Server Action "x". This request might be from an older or newer deployment.
Read more: https://nextjs.org/docs/messages/failed-to-find-server-action
    at ignore-listed frames
 POST /_next/revalidate 404 in 238ms (compile: 4ms, render: 233ms)
Error: Failed to find Server Action "x". This request might be from an older or newer deployment.
Read more: https://nextjs.org/docs/messages/failed-to-find-server-action
    at ignore-listed frames
 POST /_rsc 404 in 229ms (compile: 3ms, render: 226ms)
Error: Failed to find Server Action "x". This request might be from an older or newer deployment.
Read more: https://nextjs.org/docs/messages/failed-to-find-server-action
    at ignore-listed frames
 POST /_rsc 404 in 230ms (compile: 3ms, render: 227ms)
Error: Failed to find Server Action "x". This request might be from an older or newer deployment.
Read more: https://nextjs.org/docs/messages/failed-to-find-server-action
    at ignore-listed frames
 POST /_react_server 404 in 249ms (compile: 2ms, render: 246ms)
Error: Failed to find Server Action "x". This request might be from an older or newer deployment.
Read more: https://nextjs.org/docs/messages/failed-to-find-server-action
    at ignore-listed frames
 POST /_react_server 404 in 245ms (compile: 3ms, render: 242ms)
Error: Failed to find Server Action "x". This request might be from an older or newer deployment.
Read more: https://nextjs.org/docs/messages/failed-to-find-server-action
    at ignore-listed frames
 POST /apps 404 in 250ms (compile: 3ms, render: 247ms)
Error: Failed to find Server Action "x". This request might be from an older or newer deployment.
Read more: https://nextjs.org/docs/messages/failed-to-find-server-action
    at ignore-listed frames
 POST /apps 404 in 297ms (compile: 3ms, render: 295ms)
Error: Failed to find Server Action "x". This request might be from an older or newer deployment.
Read more: https://nextjs.org/docs/messages/failed-to-find-server-action
    at ignore-listed frames
 POST /sigin 404 in 259ms (compile: 3ms, render: 256ms)
Error: Failed to find Server Action "x". This request might be from an older or newer deployment.
Read more: https://nextjs.org/docs/messages/failed-to-find-server-action
    at ignore-listed frames
 POST /sigin 404 in 245ms (compile: 3ms, render: 242ms)
Error: Failed to find Server Action "x". This request might be from an older or newer deployment.
Read more: https://nextjs.org/docs/messages/failed-to-find-server-action
    at ignore-listed frames
 POST / 404 in 262ms (compile: 4ms, render: 258ms)
Error: Failed to find Server Action "x". This request might be from an older or newer deployment.
Read more: https://nextjs.org/docs/messages/failed-to-find-server-action
    at ignore-listed frames
 POST / 404 in 229ms (compile: 4ms, render: 226ms)
Error: Failed to find Server Action "x". This request might be from an older or newer deployment.
Read more: https://nextjs.org/docs/messages/failed-to-find-server-action
    at ignore-listed frames
 POST /_next/on-demand-entries-ping 404 in 242ms (compile: 3ms, render: 239ms)
Error: Failed to find Server Action "x". This request might be from an older or newer deployment.
Read more: https://nextjs.org/docs/messages/failed-to-find-server-action
    at ignore-listed frames
 POST /_next/rsc 404 in 235ms (compile: 3ms, render: 232ms)
Error: Failed to find Server Action "x". This request might be from an older or newer deployment.
Read more: https://nextjs.org/docs/messages/failed-to-find-server-action
    at ignore-listed frames
 POST /_next/server-components 404 in 242ms (compile: 3ms, render: 239ms)
Error: Failed to find Server Action "x". This request might be from an older or newer deployment.
Read more: https://nextjs.org/docs/messages/failed-to-find-server-action
    at ignore-listed frames
 POST /_next/data 404 in 252ms (compile: 3ms, render: 249ms)
Error: Failed to find Server Action "x". This request might be from an older or newer deployment.
Read more: https://nextjs.org/docs/messages/failed-to-find-server-action
    at ignore-listed frames
 POST /_next/refresh 404 in 261ms (compile: 3ms, render: 258ms)
Error: Failed to find Server Action "x". This request might be from an older or newer deployment.
Read more: https://nextjs.org/docs/messages/failed-to-find-server-action
    at ignore-listed frames
 POST /_next/redirect 404 in 311ms (compile: 3ms, render: 309ms)
Error: Failed to find Server Action "x". This request might be from an older or newer deployment.
Read more: https://nextjs.org/docs/messages/failed-to-find-server-action
    at ignore-listed frames
 POST /_next/turbopack/flight 404 in 264ms (compile: 3ms, render: 261ms)
Error: Failed to find Server Action "x". This request might be from an older or newer deployment.
Read more: https://nextjs.org/docs/messages/failed-to-find-server-action
    at ignore-listed frames
 POST /_next/webpack-hmr 404 in 304ms (compile: 3ms, render: 302ms)
Error: Failed to find Server Action "x". This request might be from an older or newer deployment.
Read more: https://nextjs.org/docs/messages/failed-to-find-server-action
    at ignore-listed frames
 POST /_next/server-actions 404 in 261ms (compile: 3ms, render: 259ms)
Error: Failed to find Server Action "x". This request might be from an older or newer deployment.
Read more: https://nextjs.org/docs/messages/failed-to-find-server-action
    at ignore-listed frames
 POST /_react/flight 404 in 269ms (compile: 3ms, render: 266ms)
Error: Failed to find Server Action "x". This request might be from an older or newer deployment.
Read more: https://nextjs.org/docs/messages/failed-to-find-server-action
    at ignore-listed frames
 POST /_next/flight 404 in 242ms (compile: 3ms, render: 239ms)
Error: Failed to find Server Action "x". This request might be from an older or newer deployment.
Read more: https://nextjs.org/docs/messages/failed-to-find-server-action
    at ignore-listed frames
 POST /_next/static 404 in 232ms (compile: 3ms, render: 230ms)
Error: Failed to find Server Action "x". This request might be from an older or newer deployment.
Read more: https://nextjs.org/docs/messages/failed-to-find-server-action
    at ignore-listed frames
 POST /_next/server 404 in 256ms (compile: 3ms, render: 253ms)
Error: Failed to find Server Action "x". This request might be from an older or newer deployment.
Read more: https://nextjs.org/docs/messages/failed-to-find-server-action
    at ignore-listed frames
 POST /_next/server/pages 404 in 254ms (compile: 3ms, render: 251ms)
Error: Failed to find Server Action "x". This request might be from an older or newer deployment.
Read more: https://nextjs.org/docs/messages/failed-to-find-server-action
    at ignore-listed frames
 POST /_next/server/chunks 404 in 239ms (compile: 3ms, render: 236ms)
Error: Failed to find Server Action "x". This request might be from an older or newer deployment.
Read more: https://nextjs.org/docs/messages/failed-to-find-server-action
    at ignore-listed frames
 POST /_next/server/app 404 in 321ms (compile: 3ms, render: 318ms)
Error: Failed to find Server Action "x". This request might be from an older or newer deployment.
Read more: https://nextjs.org/docs/messages/failed-to-find-server-action
    at ignore-listed frames
 POST /_next/server/chunks/ssr 404 in 274ms (compile: 2ms, render: 271ms)
Error: Failed to find Server Action "x". This request might be from an older or newer deployment.
Read more: https://nextjs.org/docs/messages/failed-to-find-server-action
    at ignore-listed frames
 POST /_next/revalidate 404 in 259ms (compile: 3ms, render: 256ms)
Error: Failed to find Server Action "x". This request might be from an older or newer deployment.
Read more: https://nextjs.org/docs/messages/failed-to-find-server-action
    at ignore-listed frames
 POST /_rsc 404 in 273ms (compile: 3ms, render: 271ms)
Error: Failed to find Server Action "x". This request might be from an older or newer deployment.
Read more: https://nextjs.org/docs/messages/failed-to-find-server-action
    at ignore-listed frames
 POST /__rsc 404 in 234ms (compile: 3ms, render: 232ms)
Error: Failed to find Server Action "x". This request might be from an older or newer deployment.
Read more: https://nextjs.org/docs/messages/failed-to-find-server-action
    at ignore-listed frames
 POST /?_rsc=x 404 in 225ms (compile: 4ms, render: 222ms)
Error: Failed to find Server Action "x". This request might be from an older or newer deployment.
Read more: https://nextjs.org/docs/messages/failed-to-find-server-action
    at ignore-listed frames
 POST /?__flight__=1 404 in 229ms (compile: 4ms, render: 225ms)
Error: Failed to find Server Action "x". This request might be from an older or newer deployment.
Read more: https://nextjs.org/docs/messages/failed-to-find-server-action
    at ignore-listed frames
 POST /_react_server 404 in 247ms (compile: 3ms, render: 244ms)
Error: Failed to find Server Action "x". This request might be from an older or newer deployment.
Read more: https://nextjs.org/docs/messages/failed-to-find-server-action
    at ignore-listed frames
 POST /apps 404 in 246ms (compile: 5ms, render: 242ms)
Error: Failed to find Server Action "x". This request might be from an older or newer deployment.
Read more: https://nextjs.org/docs/messages/failed-to-find-server-action
    at ignore-listed frames
 POST /sigin 404 in 244ms (compile: 3ms, render: 241ms)
Error: Failed to find Server Action "x". This request might be from an older or newer deployment.
Read more: https://nextjs.org/docs/messages/failed-to-find-server-action
    at ignore-listed frames
 POST / 404 in 305ms (compile: 4ms, render: 301ms)
Error: Failed to find Server Action "x". This request might be from an older or newer deployment.
Read more: https://nextjs.org/docs/messages/failed-to-find-server-action
    at ignore-listed frames
 POST / 404 in 433ms (compile: 11ms, render: 423ms)
Error: Failed to find Server Action "x". This request might be from an older or newer deployment.
Read more: https://nextjs.org/docs/messages/failed-to-find-server-action
    at ignore-listed frames
 POST /_next/on-demand-entries-ping 404 in 271ms (compile: 4ms, render: 267ms)
Error: Failed to find Server Action "x". This request might be from an older or newer deployment.
Read more: https://nextjs.org/docs/messages/failed-to-find-server-action
    at ignore-listed frames
 POST /_next/on-demand-entries-ping 404 in 265ms (compile: 3ms, render: 262ms)
Error: Failed to find Server Action "x". This request might be from an older or newer deployment.
Read more: https://nextjs.org/docs/messages/failed-to-find-server-action
    at ignore-listed frames
 POST /_next/rsc 404 in 262ms (compile: 3ms, render: 259ms)
Error: Failed to find Server Action "x". This request might be from an older or newer deployment.
Read more: https://nextjs.org/docs/messages/failed-to-find-server-action
    at ignore-listed frames
 POST /_next/rsc 404 in 253ms (compile: 3ms, render: 251ms)
Error: Failed to find Server Action "x". This request might be from an older or newer deployment.
Read more: https://nextjs.org/docs/messages/failed-to-find-server-action
    at ignore-listed frames
 POST /_next/server-components 404 in 362ms (compile: 3ms, render: 360ms)
Error: Failed to find Server Action "x". This request might be from an older or newer deployment.
Read more: https://nextjs.org/docs/messages/failed-to-find-server-action
    at ignore-listed frames
 POST /_next/server-components 404 in 234ms (compile: 3ms, render: 231ms)
Error: Failed to find Server Action "x". This request might be from an older or newer deployment.
Read more: https://nextjs.org/docs/messages/failed-to-find-server-action
    at ignore-listed frames
 POST /_next/data 404 in 245ms (compile: 3ms, render: 242ms)
Error: Failed to find Server Action "x". This request might be from an older or newer deployment.
Read more: https://nextjs.org/docs/messages/failed-to-find-server-action
    at ignore-listed frames
 POST /_next/data 404 in 293ms (compile: 3ms, render: 290ms)
Error: Failed to find Server Action "x". This request might be from an older or newer deployment.
Read more: https://nextjs.org/docs/messages/failed-to-find-server-action
    at ignore-listed frames
 POST /_next/refresh 404 in 239ms (compile: 3ms, render: 237ms)
Error: Failed to find Server Action "x". This request might be from an older or newer deployment.
Read more: https://nextjs.org/docs/messages/failed-to-find-server-action
    at ignore-listed frames
 POST /_next/refresh 404 in 273ms (compile: 3ms, render: 270ms)
Error: Failed to find Server Action "x". This request might be from an older or newer deployment.
Read more: https://nextjs.org/docs/messages/failed-to-find-server-action
    at ignore-listed frames
 POST /_next/redirect 404 in 244ms (compile: 3ms, render: 241ms)
Error: Failed to find Server Action "x". This request might be from an older or newer deployment.
Read more: https://nextjs.org/docs/messages/failed-to-find-server-action
    at ignore-listed frames
 POST /_next/redirect 404 in 266ms (compile: 2ms, render: 263ms)
Error: Failed to find Server Action "x". This request might be from an older or newer deployment.
Read more: https://nextjs.org/docs/messages/failed-to-find-server-action
    at ignore-listed frames
 POST /_next/turbopack/flight 404 in 279ms (compile: 3ms, render: 276ms)
Error: Failed to find Server Action "x". This request might be from an older or newer deployment.
Read more: https://nextjs.org/docs/messages/failed-to-find-server-action
    at ignore-listed frames
 POST /_next/turbopack/flight 404 in 241ms (compile: 3ms, render: 238ms)
Error: Failed to find Server Action "x". This request might be from an older or newer deployment.
Read more: https://nextjs.org/docs/messages/failed-to-find-server-action
    at ignore-listed frames
 POST /_next/webpack-hmr 404 in 257ms (compile: 3ms, render: 254ms)
Error: Failed to find Server Action "x". This request might be from an older or newer deployment.
Read more: https://nextjs.org/docs/messages/failed-to-find-server-action
    at ignore-listed frames
 POST /_next/webpack-hmr 404 in 243ms (compile: 3ms, render: 240ms)
Error: Failed to find Server Action "x". This request might be from an older or newer deployment.
Read more: https://nextjs.org/docs/messages/failed-to-find-server-action
    at ignore-listed frames
 POST /_next/server-actions 404 in 228ms (compile: 4ms, render: 223ms)
Error: Failed to find Server Action "x". This request might be from an older or newer deployment.
Read more: https://nextjs.org/docs/messages/failed-to-find-server-action
    at ignore-listed frames
 POST /_next/server-actions 404 in 297ms (compile: 3ms, render: 294ms)
Error: Failed to find Server Action "x". This request might be from an older or newer deployment.
Read more: https://nextjs.org/docs/messages/failed-to-find-server-action
    at ignore-listed frames
 POST /_react/flight 404 in 237ms (compile: 3ms, render: 234ms)
Error: Failed to find Server Action "x". This request might be from an older or newer deployment.
Read more: https://nextjs.org/docs/messages/failed-to-find-server-action
    at ignore-listed frames
 POST /_react/flight 404 in 254ms (compile: 3ms, render: 252ms)
Error: Failed to find Server Action "x". This request might be from an older or newer deployment.
Read more: https://nextjs.org/docs/messages/failed-to-find-server-action
    at ignore-listed frames
 POST /_next/flight 404 in 245ms (compile: 3ms, render: 242ms)
Error: Failed to find Server Action "x". This request might be from an older or newer deployment.
Read more: https://nextjs.org/docs/messages/failed-to-find-server-action
    at ignore-listed frames
 POST /_next/flight 404 in 253ms (compile: 3ms, render: 250ms)
Error: Failed to find Server Action "x". This request might be from an older or newer deployment.
Read more: https://nextjs.org/docs/messages/failed-to-find-server-action
    at ignore-listed frames
 POST /_next/static 404 in 273ms (compile: 3ms, render: 270ms)
Error: Failed to find Server Action "x". This request might be from an older or newer deployment.
Read more: https://nextjs.org/docs/messages/failed-to-find-server-action
    at ignore-listed frames
 POST /_next/static 404 in 252ms (compile: 3ms, render: 249ms)
Error: Failed to find Server Action "x". This request might be from an older or newer deployment.
Read more: https://nextjs.org/docs/messages/failed-to-find-server-action
    at ignore-listed frames
 POST /_next/server 404 in 251ms (compile: 3ms, render: 248ms)
Error: Failed to find Server Action "x". This request might be from an older or newer deployment.
Read more: https://nextjs.org/docs/messages/failed-to-find-server-action
    at ignore-listed frames
 POST /_next/server 404 in 239ms (compile: 5ms, render: 234ms)
Error: Failed to find Server Action "x". This request might be from an older or newer deployment.
Read more: https://nextjs.org/docs/messages/failed-to-find-server-action
    at ignore-listed frames
 POST /_next/server/pages 404 in 240ms (compile: 3ms, render: 238ms)
Error: Failed to find Server Action "x". This request might be from an older or newer deployment.
Read more: https://nextjs.org/docs/messages/failed-to-find-server-action
    at ignore-listed frames
 POST /_next/server/pages 404 in 286ms (compile: 3ms, render: 283ms)
Error: Failed to find Server Action "x". This request might be from an older or newer deployment.
Read more: https://nextjs.org/docs/messages/failed-to-find-server-action
    at ignore-listed frames
 POST /_next/server/chunks 404 in 246ms (compile: 3ms, render: 242ms)
Error: Failed to find Server Action "x". This request might be from an older or newer deployment.
Read more: https://nextjs.org/docs/messages/failed-to-find-server-action
    at ignore-listed frames
 POST /_next/server/chunks 404 in 256ms (compile: 2ms, render: 253ms)
Error: Failed to find Server Action "x". This request might be from an older or newer deployment.
Read more: https://nextjs.org/docs/messages/failed-to-find-server-action
    at ignore-listed frames
 POST /_next/server/app 404 in 254ms (compile: 3ms, render: 251ms)
Error: Failed to find Server Action "x". This request might be from an older or newer deployment.
Read more: https://nextjs.org/docs/messages/failed-to-find-server-action
    at ignore-listed frames
 POST /_next/server/app 404 in 235ms (compile: 2ms, render: 232ms)
Error: Failed to find Server Action "x". This request might be from an older or newer deployment.
Read more: https://nextjs.org/docs/messages/failed-to-find-server-action
    at ignore-listed frames
 POST /_next/server/chunks/ssr 404 in 275ms (compile: 3ms, render: 272ms)
Error: Failed to find Server Action "x". This request might be from an older or newer deployment.
Read more: https://nextjs.org/docs/messages/failed-to-find-server-action
    at ignore-listed frames
 POST /_next/server/chunks/ssr 404 in 231ms (compile: 3ms, render: 229ms)
Error: Failed to find Server Action "x". This request might be from an older or newer deployment.
Read more: https://nextjs.org/docs/messages/failed-to-find-server-action
    at ignore-listed frames
 POST /_next/revalidate 404 in 263ms (compile: 3ms, render: 260ms)
Error: Failed to find Server Action "x". This request might be from an older or newer deployment.
Read more: https://nextjs.org/docs/messages/failed-to-find-server-action
    at ignore-listed frames
 POST /_next/revalidate 404 in 266ms (compile: 3ms, render: 262ms)
Error: Failed to find Server Action "x". This request might be from an older or newer deployment.
Read more: https://nextjs.org/docs/messages/failed-to-find-server-action
    at ignore-listed frames
 POST /_rsc 404 in 237ms (compile: 2ms, render: 235ms)
Error: Failed to find Server Action "x". This request might be from an older or newer deployment.
Read more: https://nextjs.org/docs/messages/failed-to-find-server-action
    at ignore-listed frames
 POST /_rsc 404 in 269ms (compile: 3ms, render: 266ms)
Error: Failed to find Server Action "x". This request might be from an older or newer deployment.
Read more: https://nextjs.org/docs/messages/failed-to-find-server-action
    at ignore-listed frames
 POST /_react_server 404 in 229ms (compile: 2ms, render: 226ms)
Error: Failed to find Server Action "x". This request might be from an older or newer deployment.
Read more: https://nextjs.org/docs/messages/failed-to-find-server-action
    at ignore-listed frames
 POST /_react_server 404 in 232ms (compile: 3ms, render: 229ms)
Error: Failed to find Server Action "x". This request might be from an older or newer deployment.
Read more: https://nextjs.org/docs/messages/failed-to-find-server-action
    at ignore-listed frames
 POST /apps 404 in 255ms (compile: 3ms, render: 253ms)
Error: Failed to find Server Action "x". This request might be from an older or newer deployment.
Read more: https://nextjs.org/docs/messages/failed-to-find-server-action
    at ignore-listed frames
 POST /apps 404 in 227ms (compile: 2ms, render: 225ms)
Error: Failed to find Server Action "x". This request might be from an older or newer deployment.
Read more: https://nextjs.org/docs/messages/failed-to-find-server-action
    at ignore-listed frames
 POST /sigin 404 in 244ms (compile: 3ms, render: 241ms)
Error: Failed to find Server Action "x". This request might be from an older or newer deployment.
Read more: https://nextjs.org/docs/messages/failed-to-find-server-action
    at ignore-listed frames
 POST /sigin 404 in 229ms (compile: 3ms, render: 226ms)
Error: Failed to find Server Action "x". This request might be from an older or newer deployment.
Read more: https://nextjs.org/docs/messages/failed-to-find-server-action
    at ignore-listed frames
 POST / 404 in 250ms (compile: 4ms, render: 246ms)
Error: Failed to find Server Action "x". This request might be from an older or newer deployment.
Read more: https://nextjs.org/docs/messages/failed-to-find-server-action
    at ignore-listed frames
 POST / 404 in 273ms (compile: 7ms, render: 266ms)
Error: Failed to find Server Action "x". This request might be from an older or newer deployment.
Read more: https://nextjs.org/docs/messages/failed-to-find-server-action
    at ignore-listed frames
 POST /_next/on-demand-entries-ping 404 in 246ms (compile: 3ms, render: 243ms)
Error: Failed to find Server Action "x". This request might be from an older or newer deployment.
Read more: https://nextjs.org/docs/messages/failed-to-find-server-action
    at ignore-listed frames
 POST /_next/rsc 404 in 319ms (compile: 3ms, render: 316ms)
Error: Failed to find Server Action "x". This request might be from an older or newer deployment.
Read more: https://nextjs.org/docs/messages/failed-to-find-server-action
    at ignore-listed frames
 POST /_next/server-components 404 in 242ms (compile: 4ms, render: 238ms)
Error: Failed to find Server Action "x". This request might be from an older or newer deployment.
Read more: https://nextjs.org/docs/messages/failed-to-find-server-action
    at ignore-listed frames
 POST /_next/data 404 in 254ms (compile: 2ms, render: 251ms)
Error: Failed to find Server Action "x". This request might be from an older or newer deployment.
Read more: https://nextjs.org/docs/messages/failed-to-find-server-action
    at ignore-listed frames
 POST /_next/refresh 404 in 254ms (compile: 3ms, render: 251ms)
Error: Failed to find Server Action "x". This request might be from an older or newer deployment.
Read more: https://nextjs.org/docs/messages/failed-to-find-server-action
    at ignore-listed frames
 POST /_next/redirect 404 in 225ms (compile: 3ms, render: 222ms)
Error: Failed to find Server Action "x". This request might be from an older or newer deployment.
Read more: https://nextjs.org/docs/messages/failed-to-find-server-action
    at ignore-listed frames
 POST /_next/turbopack/flight 404 in 244ms (compile: 3ms, render: 241ms)
Error: Failed to find Server Action "x". This request might be from an older or newer deployment.
Read more: https://nextjs.org/docs/messages/failed-to-find-server-action
    at ignore-listed frames
 POST /_next/webpack-hmr 404 in 227ms (compile: 3ms, render: 225ms)
Error: Failed to find Server Action "x". This request might be from an older or newer deployment.
Read more: https://nextjs.org/docs/messages/failed-to-find-server-action
    at ignore-listed frames
 POST /_next/server-actions 404 in 249ms (compile: 3ms, render: 247ms)
Error: Failed to find Server Action "x". This request might be from an older or newer deployment.
Read more: https://nextjs.org/docs/messages/failed-to-find-server-action
    at ignore-listed frames
 POST /_react/flight 404 in 255ms (compile: 3ms, render: 252ms)
Error: Failed to find Server Action "x". This request might be from an older or newer deployment.
Read more: https://nextjs.org/docs/messages/failed-to-find-server-action
    at ignore-listed frames
 POST /_next/flight 404 in 244ms (compile: 3ms, render: 241ms)
Error: Failed to find Server Action "x". This request might be from an older or newer deployment.
Read more: https://nextjs.org/docs/messages/failed-to-find-server-action
    at ignore-listed frames
 POST /_next/static 404 in 275ms (compile: 3ms, render: 273ms)
Error: Failed to find Server Action "x". This request might be from an older or newer deployment.
Read more: https://nextjs.org/docs/messages/failed-to-find-server-action
    at ignore-listed frames
 POST /_next/server 404 in 235ms (compile: 3ms, render: 232ms)
Error: Failed to find Server Action "x". This request might be from an older or newer deployment.
Read more: https://nextjs.org/docs/messages/failed-to-find-server-action
    at ignore-listed frames
 POST /_next/server/pages 404 in 263ms (compile: 3ms, render: 260ms)
Error: Failed to find Server Action "x". This request might be from an older or newer deployment.
Read more: https://nextjs.org/docs/messages/failed-to-find-server-action
    at ignore-listed frames
 POST /_next/server/chunks 404 in 271ms (compile: 3ms, render: 267ms)
Error: Failed to find Server Action "x". This request might be from an older or newer deployment.
Read more: https://nextjs.org/docs/messages/failed-to-find-server-action
    at ignore-listed frames
 POST /_next/server/app 404 in 246ms (compile: 2ms, render: 244ms)
Error: Failed to find Server Action "x". This request might be from an older or newer deployment.
Read more: https://nextjs.org/docs/messages/failed-to-find-server-action
    at ignore-listed frames
 POST /_next/server/chunks/ssr 404 in 227ms (compile: 3ms, render: 224ms)
Error: Failed to find Server Action "x". This request might be from an older or newer deployment.
Read more: https://nextjs.org/docs/messages/failed-to-find-server-action
    at ignore-listed frames
 POST /_next/revalidate 404 in 252ms (compile: 3ms, render: 249ms)
Error: Failed to find Server Action "x". This request might be from an older or newer deployment.
Read more: https://nextjs.org/docs/messages/failed-to-find-server-action
    at ignore-listed frames
 POST /_rsc 404 in 248ms (compile: 3ms, render: 246ms)
Error: Failed to find Server Action "x". This request might be from an older or newer deployment.
Read more: https://nextjs.org/docs/messages/failed-to-find-server-action
    at ignore-listed frames
 POST /__rsc 404 in 270ms (compile: 3ms, render: 267ms)
Error: Failed to find Server Action "x". This request might be from an older or newer deployment.
Read more: https://nextjs.org/docs/messages/failed-to-find-server-action
    at ignore-listed frames
 POST /?_rsc=x 404 in 234ms (compile: 4ms, render: 230ms)
Error: Failed to find Server Action "x". This request might be from an older or newer deployment.
Read more: https://nextjs.org/docs/messages/failed-to-find-server-action
    at ignore-listed frames
 POST /?__flight__=1 404 in 316ms (compile: 5ms, render: 311ms)
Error: Failed to find Server Action "x". This request might be from an older or newer deployment.
Read more: https://nextjs.org/docs/messages/failed-to-find-server-action
    at ignore-listed frames
 POST /_react_server 404 in 234ms (compile: 4ms, render: 230ms)
Error: Failed to find Server Action "x". This request might be from an older or newer deployment.
Read more: https://nextjs.org/docs/messages/failed-to-find-server-action
    at ignore-listed frames
 POST /apps 404 in 287ms (compile: 3ms, render: 284ms)
Error: Failed to find Server Action "x". This request might be from an older or newer deployment.
Read more: https://nextjs.org/docs/messages/failed-to-find-server-action
    at ignore-listed frames
 POST /sigin 404 in 253ms (compile: 3ms, render: 251ms)
Error: Failed to find Server Action "x". This request might be from an older or newer deployment.
Read more: https://nextjs.org/docs/messages/failed-to-find-server-action
    at ignore-listed frames
 POST / 404 in 256ms (compile: 4ms, render: 252ms)
Error: Failed to find Server Action "x". This request might be from an older or newer deployment.
Read more: https://nextjs.org/docs/messages/failed-to-find-server-action
    at ignore-listed frames
 POST / 404 in 441ms (compile: 24ms, render: 417ms)
 GET / 200 in 69ms (compile: 6ms, render: 63ms)
 GET / 200 in 41ms (compile: 5ms, render: 36ms)
Error: Failed to find Server Action "x". This request might be from an older or newer deployment.
Read more: https://nextjs.org/docs/messages/failed-to-find-server-action
    at ignore-listed frames
 POST /_next/on-demand-entries-ping 404 in 288ms (compile: 5ms, render: 283ms)
Error: Failed to find Server Action "x". This request might be from an older or newer deployment.
Read more: https://nextjs.org/docs/messages/failed-to-find-server-action
    at ignore-listed frames
 POST /_next/on-demand-entries-ping 404 in 261ms (compile: 3ms, render: 257ms)
Error: Failed to find Server Action "x". This request might be from an older or newer deployment.
Read more: https://nextjs.org/docs/messages/failed-to-find-server-action
    at ignore-listed frames
 POST /_next/rsc 404 in 318ms (compile: 3ms, render: 315ms)
Error: Failed to find Server Action "x". This request might be from an older or newer deployment.
Read more: https://nextjs.org/docs/messages/failed-to-find-server-action
    at ignore-listed frames
 POST /_next/rsc 404 in 276ms (compile: 3ms, render: 273ms)
Error: Failed to find Server Action "x". This request might be from an older or newer deployment.
Read more: https://nextjs.org/docs/messages/failed-to-find-server-action
    at ignore-listed frames
 POST /_next/server-components 404 in 254ms (compile: 3ms, render: 250ms)
Error: Failed to find Server Action "x". This request might be from an older or newer deployment.
Read more: https://nextjs.org/docs/messages/failed-to-find-server-action
    at ignore-listed frames
 POST /_next/server-components 404 in 215ms (compile: 4ms, render: 211ms)
Error: Failed to find Server Action "x". This request might be from an older or newer deployment.
Read more: https://nextjs.org/docs/messages/failed-to-find-server-action
    at ignore-listed frames
 POST /_next/data 404 in 299ms (compile: 3ms, render: 297ms)
Error: Failed to find Server Action "x". This request might be from an older or newer deployment.
Read more: https://nextjs.org/docs/messages/failed-to-find-server-action
    at ignore-listed frames
 POST /_next/data 404 in 242ms (compile: 3ms, render: 239ms)
Error: Failed to find Server Action "x". This request might be from an older or newer deployment.
Read more: https://nextjs.org/docs/messages/failed-to-find-server-action
    at ignore-listed frames
 POST /_next/refresh 404 in 264ms (compile: 3ms, render: 261ms)
Error: Failed to find Server Action "x". This request might be from an older or newer deployment.
Read more: https://nextjs.org/docs/messages/failed-to-find-server-action
    at ignore-listed frames
 POST /_next/refresh 404 in 253ms (compile: 4ms, render: 249ms)
Error: Failed to find Server Action "x". This request might be from an older or newer deployment.
Read more: https://nextjs.org/docs/messages/failed-to-find-server-action
    at ignore-listed frames
 POST /_next/redirect 404 in 229ms (compile: 3ms, render: 226ms)
Error: Failed to find Server Action "x". This request might be from an older or newer deployment.
Read more: https://nextjs.org/docs/messages/failed-to-find-server-action
    at ignore-listed frames
 POST /_next/redirect 404 in 279ms (compile: 3ms, render: 277ms)
Error: Failed to find Server Action "x". This request might be from an older or newer deployment.
Read more: https://nextjs.org/docs/messages/failed-to-find-server-action
    at ignore-listed frames
 POST /_next/turbopack/flight 404 in 240ms (compile: 3ms, render: 237ms)
Error: Failed to find Server Action "x". This request might be from an older or newer deployment.
Read more: https://nextjs.org/docs/messages/failed-to-find-server-action
    at ignore-listed frames
 POST /_next/turbopack/flight 404 in 258ms (compile: 3ms, render: 255ms)
Error: Failed to find Server Action "x". This request might be from an older or newer deployment.
Read more: https://nextjs.org/docs/messages/failed-to-find-server-action
    at ignore-listed frames
 POST /_next/webpack-hmr 404 in 242ms (compile: 3ms, render: 239ms)
Error: Failed to find Server Action "x". This request might be from an older or newer deployment.
Read more: https://nextjs.org/docs/messages/failed-to-find-server-action
    at ignore-listed frames
 POST /_next/webpack-hmr 404 in 231ms (compile: 3ms, render: 228ms)
Error: Failed to find Server Action "x". This request might be from an older or newer deployment.
Read more: https://nextjs.org/docs/messages/failed-to-find-server-action
    at ignore-listed frames
 POST /_next/server-actions 404 in 281ms (compile: 3ms, render: 278ms)
Error: Failed to find Server Action "x". This request might be from an older or newer deployment.
Read more: https://nextjs.org/docs/messages/failed-to-find-server-action
    at ignore-listed frames
 POST /_next/server-actions 404 in 238ms (compile: 3ms, render: 235ms)
Error: Failed to find Server Action "x". This request might be from an older or newer deployment.
Read more: https://nextjs.org/docs/messages/failed-to-find-server-action
    at ignore-listed frames
 POST /_react/flight 404 in 250ms (compile: 3ms, render: 247ms)
Error: Failed to find Server Action "x". This request might be from an older or newer deployment.
Read more: https://nextjs.org/docs/messages/failed-to-find-server-action
    at ignore-listed frames
 POST /_react/flight 404 in 256ms (compile: 3ms, render: 253ms)
Error: Failed to find Server Action "x". This request might be from an older or newer deployment.
Read more: https://nextjs.org/docs/messages/failed-to-find-server-action
    at ignore-listed frames
 POST /_next/flight 404 in 229ms (compile: 3ms, render: 226ms)
Error: Failed to find Server Action "x". This request might be from an older or newer deployment.
Read more: https://nextjs.org/docs/messages/failed-to-find-server-action
    at ignore-listed frames
 POST /_next/flight 404 in 279ms (compile: 3ms, render: 276ms)
Error: Failed to find Server Action "x". This request might be from an older or newer deployment.
Read more: https://nextjs.org/docs/messages/failed-to-find-server-action
    at ignore-listed frames
 POST /_next/static 404 in 237ms (compile: 3ms, render: 234ms)
Error: Failed to find Server Action "x". This request might be from an older or newer deployment.
Read more: https://nextjs.org/docs/messages/failed-to-find-server-action
    at ignore-listed frames
 POST /_next/static 404 in 261ms (compile: 3ms, render: 258ms)
Error: Failed to find Server Action "x". This request might be from an older or newer deployment.
Read more: https://nextjs.org/docs/messages/failed-to-find-server-action
    at ignore-listed frames
 POST /_next/server 404 in 237ms (compile: 3ms, render: 234ms)
Error: Failed to find Server Action "x". This request might be from an older or newer deployment.
Read more: https://nextjs.org/docs/messages/failed-to-find-server-action
    at ignore-listed frames
 POST /_next/server 404 in 245ms (compile: 2ms, render: 243ms)
Error: Failed to find Server Action "x". This request might be from an older or newer deployment.
Read more: https://nextjs.org/docs/messages/failed-to-find-server-action
    at ignore-listed frames
 POST /_next/server/pages 404 in 309ms (compile: 3ms, render: 306ms)
Error: Failed to find Server Action "x". This request might be from an older or newer deployment.
Read more: https://nextjs.org/docs/messages/failed-to-find-server-action
    at ignore-listed frames
 POST /_next/server/pages 404 in 241ms (compile: 3ms, render: 238ms)
Error: Failed to find Server Action "x". This request might be from an older or newer deployment.
Read more: https://nextjs.org/docs/messages/failed-to-find-server-action
    at ignore-listed frames
 POST /_next/server/chunks 404 in 294ms (compile: 3ms, render: 290ms)
Error: Failed to find Server Action "x". This request might be from an older or newer deployment.
Read more: https://nextjs.org/docs/messages/failed-to-find-server-action
    at ignore-listed frames
 POST /_next/server/chunks 404 in 273ms (compile: 3ms, render: 270ms)
Error: Failed to find Server Action "x". This request might be from an older or newer deployment.
Read more: https://nextjs.org/docs/messages/failed-to-find-server-action
    at ignore-listed frames
 POST /_next/server/app 404 in 225ms (compile: 3ms, render: 222ms)
Error: Failed to find Server Action "x". This request might be from an older or newer deployment.
Read more: https://nextjs.org/docs/messages/failed-to-find-server-action
    at ignore-listed frames
 POST /_next/server/app 404 in 277ms (compile: 3ms, render: 274ms)
Error: Failed to find Server Action "x". This request might be from an older or newer deployment.
Read more: https://nextjs.org/docs/messages/failed-to-find-server-action
    at ignore-listed frames
 POST /_next/server/chunks/ssr 404 in 263ms (compile: 3ms, render: 260ms)
Error: Failed to find Server Action "x". This request might be from an older or newer deployment.
Read more: https://nextjs.org/docs/messages/failed-to-find-server-action
    at ignore-listed frames
 POST /_next/server/chunks/ssr 404 in 254ms (compile: 3ms, render: 251ms)
Error: Failed to find Server Action "x". This request might be from an older or newer deployment.
Read more: https://nextjs.org/docs/messages/failed-to-find-server-action
    at ignore-listed frames
 POST /_next/revalidate 404 in 234ms (compile: 3ms, render: 231ms)
Error: Failed to find Server Action "x". This request might be from an older or newer deployment.
Read more: https://nextjs.org/docs/messages/failed-to-find-server-action
    at ignore-listed frames
 POST /_next/revalidate 404 in 237ms (compile: 3ms, render: 234ms)
Error: Failed to find Server Action "x". This request might be from an older or newer deployment.
Read more: https://nextjs.org/docs/messages/failed-to-find-server-action
    at ignore-listed frames
 POST /_rsc 404 in 292ms (compile: 3ms, render: 289ms)
Error: Failed to find Server Action "x". This request might be from an older or newer deployment.
Read more: https://nextjs.org/docs/messages/failed-to-find-server-action
    at ignore-listed frames
 POST /_rsc 404 in 251ms (compile: 3ms, render: 248ms)
Error: Failed to find Server Action "x". This request might be from an older or newer deployment.
Read more: https://nextjs.org/docs/messages/failed-to-find-server-action
    at ignore-listed frames
 POST /_react_server 404 in 241ms (compile: 3ms, render: 238ms)
Error: Failed to find Server Action "x". This request might be from an older or newer deployment.
Read more: https://nextjs.org/docs/messages/failed-to-find-server-action
    at ignore-listed frames
 POST /_react_server 404 in 281ms (compile: 3ms, render: 278ms)
Error: Failed to find Server Action "x". This request might be from an older or newer deployment.
Read more: https://nextjs.org/docs/messages/failed-to-find-server-action
    at ignore-listed frames
 POST /apps 404 in 227ms (compile: 3ms, render: 225ms)
Error: Failed to find Server Action "x". This request might be from an older or newer deployment.
Read more: https://nextjs.org/docs/messages/failed-to-find-server-action
    at ignore-listed frames
 POST /apps 404 in 225ms (compile: 3ms, render: 222ms)
Error: Failed to find Server Action "x". This request might be from an older or newer deployment.
Read more: https://nextjs.org/docs/messages/failed-to-find-server-action
    at ignore-listed frames
 POST /sigin 404 in 244ms (compile: 3ms, render: 241ms)
Error: Failed to find Server Action "x". This request might be from an older or newer deployment.
Read more: https://nextjs.org/docs/messages/failed-to-find-server-action
    at ignore-listed frames
 POST /sigin 404 in 278ms (compile: 3ms, render: 275ms)
Error: Failed to find Server Action "x". This request might be from an older or newer deployment.
Read more: https://nextjs.org/docs/messages/failed-to-find-server-action
    at ignore-listed frames
 POST / 404 in 244ms (compile: 6ms, render: 238ms)
Error: Failed to find Server Action "x". This request might be from an older or newer deployment.
Read more: https://nextjs.org/docs/messages/failed-to-find-server-action
    at ignore-listed frames
 POST / 404 in 244ms (compile: 4ms, render: 240ms)
Error: Failed to find Server Action "x". This request might be from an older or newer deployment.
Read more: https://nextjs.org/docs/messages/failed-to-find-server-action
    at ignore-listed frames
 POST /_next/on-demand-entries-ping 404 in 281ms (compile: 3ms, render: 278ms)
Error: Failed to find Server Action "x". This request might be from an older or newer deployment.
Read more: https://nextjs.org/docs/messages/failed-to-find-server-action
    at ignore-listed frames
 POST /_next/rsc 404 in 237ms (compile: 3ms, render: 234ms)
Error: Failed to find Server Action "x". This request might be from an older or newer deployment.
Read more: https://nextjs.org/docs/messages/failed-to-find-server-action
    at ignore-listed frames
 POST /_next/server-components 404 in 262ms (compile: 3ms, render: 260ms)
Error: Failed to find Server Action "x". This request might be from an older or newer deployment.
Read more: https://nextjs.org/docs/messages/failed-to-find-server-action
    at ignore-listed frames
 POST /_next/data 404 in 245ms (compile: 3ms, render: 242ms)
Error: Failed to find Server Action "x". This request might be from an older or newer deployment.
Read more: https://nextjs.org/docs/messages/failed-to-find-server-action
    at ignore-listed frames
 POST /_next/refresh 404 in 238ms (compile: 3ms, render: 235ms)
Error: Failed to find Server Action "x". This request might be from an older or newer deployment.
Read more: https://nextjs.org/docs/messages/failed-to-find-server-action
    at ignore-listed frames
 POST /_next/redirect 404 in 280ms (compile: 3ms, render: 277ms)
Error: Failed to find Server Action "x". This request might be from an older or newer deployment.
Read more: https://nextjs.org/docs/messages/failed-to-find-server-action
    at ignore-listed frames
 POST /_next/turbopack/flight 404 in 253ms (compile: 3ms, render: 251ms)
Error: Failed to find Server Action "x". This request might be from an older or newer deployment.
Read more: https://nextjs.org/docs/messages/failed-to-find-server-action
    at ignore-listed frames
 POST /_next/webpack-hmr 404 in 269ms (compile: 3ms, render: 265ms)
Error: Failed to find Server Action "x". This request might be from an older or newer deployment.
Read more: https://nextjs.org/docs/messages/failed-to-find-server-action
    at ignore-listed frames
 POST /_next/server-actions 404 in 260ms (compile: 3ms, render: 258ms)
Error: Failed to find Server Action "x". This request might be from an older or newer deployment.
Read more: https://nextjs.org/docs/messages/failed-to-find-server-action
    at ignore-listed frames
 POST /_react/flight 404 in 240ms (compile: 3ms, render: 238ms)
Error: Failed to find Server Action "x". This request might be from an older or newer deployment.
Read more: https://nextjs.org/docs/messages/failed-to-find-server-action
    at ignore-listed frames
 POST /_next/flight 404 in 225ms (compile: 3ms, render: 223ms)
Error: Failed to find Server Action "x". This request might be from an older or newer deployment.
Read more: https://nextjs.org/docs/messages/failed-to-find-server-action
    at ignore-listed frames
 POST /_next/static 404 in 247ms (compile: 3ms, render: 245ms)
Error: Failed to find Server Action "x". This request might be from an older or newer deployment.
Read more: https://nextjs.org/docs/messages/failed-to-find-server-action
    at ignore-listed frames
 POST /_next/server 404 in 247ms (compile: 3ms, render: 245ms)
Error: Failed to find Server Action "x". This request might be from an older or newer deployment.
Read more: https://nextjs.org/docs/messages/failed-to-find-server-action
    at ignore-listed frames
 POST /_next/server/pages 404 in 310ms (compile: 3ms, render: 307ms)
Error: Failed to find Server Action "x". This request might be from an older or newer deployment.
Read more: https://nextjs.org/docs/messages/failed-to-find-server-action
    at ignore-listed frames
 POST /_next/server/chunks 404 in 234ms (compile: 3ms, render: 232ms)
Error: Failed to find Server Action "x". This request might be from an older or newer deployment.
Read more: https://nextjs.org/docs/messages/failed-to-find-server-action
    at ignore-listed frames
 POST /_next/server/app 404 in 335ms (compile: 3ms, render: 332ms)
Error: Failed to find Server Action "x". This request might be from an older or newer deployment.
Read more: https://nextjs.org/docs/messages/failed-to-find-server-action
    at ignore-listed frames
 POST /_next/server/chunks/ssr 404 in 249ms (compile: 3ms, render: 246ms)
Error: Failed to find Server Action "x". This request might be from an older or newer deployment.
Read more: https://nextjs.org/docs/messages/failed-to-find-server-action
    at ignore-listed frames
 POST /_next/revalidate 404 in 261ms (compile: 3ms, render: 259ms)
Error: Failed to find Server Action "x". This request might be from an older or newer deployment.
Read more: https://nextjs.org/docs/messages/failed-to-find-server-action
    at ignore-listed frames
 POST /_rsc 404 in 268ms (compile: 3ms, render: 265ms)
Error: Failed to find Server Action "x". This request might be from an older or newer deployment.
Read more: https://nextjs.org/docs/messages/failed-to-find-server-action
    at ignore-listed frames
 POST /__rsc 404 in 253ms (compile: 3ms, render: 250ms)
Error: Failed to find Server Action "x". This request might be from an older or newer deployment.
Read more: https://nextjs.org/docs/messages/failed-to-find-server-action
    at ignore-listed frames
 POST /?_rsc=x 404 in 234ms (compile: 4ms, render: 230ms)
Error: Failed to find Server Action "x". This request might be from an older or newer deployment.
Read more: https://nextjs.org/docs/messages/failed-to-find-server-action
    at ignore-listed frames
 POST /?__flight__=1 404 in 233ms (compile: 3ms, render: 229ms)
Error: Failed to find Server Action "x". This request might be from an older or newer deployment.
Read more: https://nextjs.org/docs/messages/failed-to-find-server-action
    at ignore-listed frames
 POST /_react_server 404 in 247ms (compile: 3ms, render: 245ms)
Error: Failed to find Server Action "x". This request might be from an older or newer deployment.
Read more: https://nextjs.org/docs/messages/failed-to-find-server-action
    at ignore-listed frames
 POST /apps 404 in 253ms (compile: 3ms, render: 250ms)
Error: Failed to find Server Action "x". This request might be from an older or newer deployment.
Read more: https://nextjs.org/docs/messages/failed-to-find-server-action
    at ignore-listed frames
 POST /sigin 404 in 243ms (compile: 3ms, render: 240ms)
Error: Failed to find Server Action "x". This request might be from an older or newer deployment.
Read more: https://nextjs.org/docs/messages/failed-to-find-server-action
    at ignore-listed frames
 POST / 404 in 279ms (compile: 4ms, render: 275ms)
 GET / 200 in 56ms (compile: 10ms, render: 46ms)
